/*******************************************************************************
 * Size: 48 px
 * Bpp: 4
 * Opts: --font /var/folders/bq/kb5g0c6s7hq0gck8hf7gq_yw0000gn/T/font_gallery_ttf_cache.4GvVnvRhJu/docs_mockups_assets_fonts_archivo-variable_woff2.ttf --size 48 --bpp 4 --format lvgl --symbols ABCDEFGHIJKLMNOPQRSTUVWXYZabcdefghijklmnopqrstuvwxyz0123456789 °·-.:%/, --no-compress --lv-font-name font_archivo_alpha_48 -o src/font_gallery_fonts/font_archivo_alpha_48.c
 ******************************************************************************/

#ifdef LV_LVGL_H_INCLUDE_SIMPLE
#include "lvgl.h"
#else
#include "lvgl/lvgl.h"
#endif

#ifndef FONT_ARCHIVO_ALPHA_48
#define FONT_ARCHIVO_ALPHA_48 1
#endif

#if FONT_ARCHIVO_ALPHA_48

/*-----------------
 *    BITMAPS
 *----------------*/

/*Store the image of the glyphs*/
static LV_ATTRIBUTE_LARGE_CONST const uint8_t glyph_bitmap[] = {
    /* U+0020 " " */

    /* U+0025 "%" */
    0x0, 0x0, 0x3, 0x57, 0x76, 0x30, 0x0, 0x0,
    0x0, 0x0, 0x0, 0x0, 0x0, 0x0, 0x0, 0x0,
    0x0, 0x0, 0x0, 0x0, 0x0, 0x7e, 0xff, 0xff,
    0xff, 0xe8, 0x0, 0x0, 0x0, 0x0, 0x0, 0x0,
    0x0, 0x5, 0xff, 0xff, 0x50, 0x0, 0x0, 0x0,
    0xbf, 0xff, 0xff, 0xff, 0xff, 0xfd, 0x10, 0x0,
    0x0, 0x0, 0x0, 0x0, 0x2, 0xff, 0xff, 0x90,
    0x0, 0x0, 0x0, 0x8f, 0xff, 0xff, 0xff, 0xff,
    0xff, 0xfa, 0x0, 0x0, 0x0, 0x0, 0x0, 0x0,
    0xcf, 0xff, 0xd0, 0x0, 0x0, 0x0, 0x1f, 0xff,
    0xff, 0x72, 0x26, 0xef, 0xff, 0xf2, 0x0, 0x0,
    0x0, 0x0, 0x0, 0x8f, 0xff, 0xf2, 0x0, 0x0,
    0x0, 0x5, 0xff, 0xff, 0x70, 0x0, 0x4, 0xff,
    0xff, 0x70, 0x0, 0x0, 0x0, 0x0, 0x4f, 0xff,
    0xf6, 0x0, 0x0, 0x0, 0x0, 0x8f, 0xff, 0xf2,
    0x0, 0x0, 0xe, 0xff, 0xfa, 0x0, 0x0, 0x0,
    0x0, 0x1e, 0xff, 0xfa, 0x0, 0x0, 0x0, 0x0,
    0xa, 0xff, 0xff, 0x0, 0x0, 0x0, 0xcf, 0xff,
    0xc0, 0x0, 0x0, 0x0, 0xb, 0xff, 0xfd, 0x0,
    0x0, 0x0, 0x0, 0x0, 0xbf, 0xff, 0xe0, 0x0,
    0x0, 0xb, 0xff, 0xfd, 0x0, 0x0, 0x0, 0x7,
    0xff, 0xff, 0x30, 0x0, 0x0, 0x0, 0x0, 0xb,
    0xff, 0xfe, 0x0, 0x0, 0x0, 0xbf, 0xff, 0xd0,
    0x0, 0x0, 0x3, 0xff, 0xff, 0x70, 0x0, 0x0,
    0x0, 0x0, 0x0, 0xaf, 0xff, 0xf0, 0x0, 0x0,
    0xc, 0xff, 0xfc, 0x0, 0x0, 0x0, 0xdf, 0xff,
    0xb0, 0x0, 0x0, 0x0, 0x0, 0x0, 0x9, 0xff,
    0xff, 0x10, 0x0, 0x0, 0xef, 0xff, 0xb0, 0x0,
    0x0, 0xaf, 0xff, 0xe1, 0x0, 0x0, 0x0, 0x0,
    0x0, 0x0, 0x5f, 0xff, 0xf7, 0x0, 0x0, 0x3f,
    0xff, 0xf8, 0x0, 0x0, 0x5f, 0xff, 0xf4, 0x0,
    0x0, 0x0, 0x0, 0x0, 0x0, 0x1, 0xff, 0xff,
    0xf5, 0x0, 0x4d, 0xff, 0xff, 0x30, 0x0, 0x2f,
    0xff, 0xf8, 0x0, 0x0, 0x0, 0x0, 0x0, 0x0,
    0x0, 0x9, 0xff, 0xff, 0xff, 0xff, 0xff, 0xff,
    0xc0, 0x0, 0xc, 0xff, 0xfc, 0x0, 0x0, 0x0,
    0x0, 0x0, 0x0, 0x0, 0x0, 0xc, 0xff, 0xff,
    0xff, 0xff, 0xff, 0xe2, 0x0, 0x9, 0xff, 0xfe,
    0x10, 0x0, 0x0, 0x0, 0x0, 0x0, 0x0, 0x0,
    0x0, 0x9, 0xff, 0xff, 0xff, 0xff, 0xb1, 0x0,
    0x4, 0xff, 0xff, 0x50, 0x0, 0x0, 0x0, 0x0,
    0x0, 0x0, 0x0, 0x0, 0x0, 0x0, 0x47, 0x88,
    0x75, 0x10, 0x0, 0x1, 0xef, 0xff, 0x90, 0x0,
    0x4, 0x9d, 0xef, 0xec, 0x83, 0x0, 0x0, 0x0,
    0x0, 0x0, 0x0, 0x0, 0x0, 0x0, 0x0, 0xbf,
    0xff, 0xd0, 0x0, 0x1c, 0xff, 0xff, 0xff, 0xff,
    0xf9, 0x0, 0x0, 0x0, 0x0, 0x0, 0x0, 0x0,
    0x0, 0x0, 0x7f, 0xff, 0xf2, 0x0, 0xc, 0xff,
    0xff, 0xff, 0xff, 0xff, 0xf9, 0x0, 0x0, 0x0,
    0x0, 0x0, 0x0, 0x0, 0x0, 0x3f, 0xff, 0xf6,
    0x0, 0x7, 0xff, 0xff, 0xfb, 0x9c, 0xff, 0xff,
    0xf3, 0x0, 0x0, 0x0, 0x0, 0x0, 0x0, 0x0,
    0x1e, 0xff, 0xfa, 0x0, 0x0, 0xdf, 0xff, 0xf2,
    0x0, 0x6, 0xff, 0xff, 0x90, 0x0, 0x0, 0x0,
    0x0, 0x0, 0x0, 0xa, 0xff, 0xfd, 0x0, 0x0,
    0x1f, 0xff, 0xfa, 0x0, 0x0, 0xd, 0xff, 0xfd,
    0x0, 0x0, 0x0, 0x0, 0x0, 0x0, 0x6, 0xff,
    0xff, 0x30, 0x0, 0x4, 0xff, 0xff, 0x60, 0x0,
    0x0, 0x9f, 0xff, 0xf0, 0x0, 0x0, 0x0, 0x0,
    0x0, 0x2, 0xff, 0xff, 0x70, 0x0, 0x0, 0x5f,
    0xff, 0xf4, 0x0, 0x0, 0x7, 0xff, 0xff, 0x10,
    0x0, 0x0, 0x0, 0x0, 0x0, 0xdf, 0xff, 0xb0,
    0x0, 0x0, 0x6, 0xff, 0xff, 0x30, 0x0, 0x0,
    0x6f, 0xff, 0xf2, 0x0, 0x0, 0x0, 0x0, 0x0,
    0x9f, 0xff, 0xe1, 0x0, 0x0, 0x0, 0x6f, 0xff,
    0xf3, 0x0, 0x0, 0x7, 0xff, 0xff, 0x10, 0x0,
    0x0, 0x0, 0x0, 0x5f, 0xff, 0xf4, 0x0, 0x0,
    0x0, 0x5, 0xff, 0xff, 0x50, 0x0, 0x0, 0x8f,
    0xff, 0xf0, 0x0, 0x0, 0x0, 0x0, 0x1e, 0xff,
    0xf8, 0x0, 0x0, 0x0, 0x0, 0x3f, 0xff, 0xf7,
    0x0, 0x0, 0xb, 0xff, 0xff, 0x0, 0x0, 0x0,
    0x0, 0xc, 0xff, 0xfc, 0x0, 0x0, 0x0, 0x0,
    0x0, 0xff, 0xff, 0xd0, 0x0, 0x1, 0xff, 0xff,
    0xb0, 0x0, 0x0, 0x0, 0x8, 0xff, 0xfe, 0x10,
    0x0, 0x0, 0x0, 0x0, 0xa, 0xff, 0xff, 0xa3,
    0x13, 0xcf, 0xff, 0xf6, 0x0, 0x0, 0x0, 0x4,
    0xff, 0xff, 0x50, 0x0, 0x0, 0x0, 0x0, 0x0,
    0x3f, 0xff, 0xff, 0xff, 0xff, 0xff, 0xfe, 0x0,
    0x0, 0x0, 0x1, 0xef, 0xff, 0x90, 0x0, 0x0,
    0x0, 0x0, 0x0, 0x0, 0x6f, 0xff, 0xff, 0xff,
    0xff, 0xff, 0x40, 0x0, 0x0, 0x0, 0xbf, 0xff,
    0xd0, 0x0, 0x0, 0x0, 0x0, 0x0, 0x0, 0x0,
    0x4c, 0xff, 0xff, 0xff, 0xfb, 0x30, 0x0, 0x0,
    0x0, 0x0, 0x0, 0x0, 0x0, 0x0, 0x0, 0x0,
    0x0, 0x0, 0x0, 0x0, 0x1, 0x56, 0x76, 0x41,
    0x0, 0x0, 0x0,

    /* U+002C "," */
    0x2, 0x33, 0x33, 0x30, 0xd, 0xff, 0xff, 0xf3,
    0xd, 0xff, 0xff, 0xf3, 0xd, 0xff, 0xff, 0xf3,
    0xd, 0xff, 0xff, 0xf3, 0xd, 0xff, 0xff, 0xf3,
    0xd, 0xff, 0xff, 0xf3, 0x0, 0x0, 0xef, 0xf2,
    0x0, 0x0, 0xff, 0xf1, 0x0, 0x3, 0xff, 0xd0,
    0x0, 0xa, 0xff, 0x80, 0x0, 0x6f, 0xfe, 0x10,
    0x2d, 0xff, 0xf4, 0x0, 0x3f, 0xfd, 0x30, 0x0,
    0x2a, 0x50, 0x0, 0x0,

    /* U+002D "-" */
    0x6, 0x66, 0x66, 0x66, 0x66, 0x66, 0x60, 0x1f,
    0xff, 0xff, 0xff, 0xff, 0xff, 0xf1, 0x1f, 0xff,
    0xff, 0xff, 0xff, 0xff, 0xf1, 0x1f, 0xff, 0xff,
    0xff, 0xff, 0xff, 0xf1, 0x1f, 0xff, 0xff, 0xff,
    0xff, 0xff, 0xf1, 0x1f, 0xff, 0xff, 0xff, 0xff,
    0xff, 0xf1,

    /* U+002E "." */
    0x23, 0x33, 0x33, 0xe, 0xff, 0xff, 0xf3, 0xef,
    0xff, 0xff, 0x3e, 0xff, 0xff, 0xf3, 0xef, 0xff,
    0xff, 0x3e, 0xff, 0xff, 0xf3, 0xef, 0xff, 0xff,
    0x30,

    /* U+002F "/" */
    0x0, 0x0, 0x0, 0x0, 0x1, 0xff, 0xff, 0x20,
    0x0, 0x0, 0x0, 0x0, 0x5f, 0xff, 0xe0, 0x0,
    0x0, 0x0, 0x0, 0x9, 0xff, 0xfa, 0x0, 0x0,
    0x0, 0x0, 0x0, 0xdf, 0xff, 0x50, 0x0, 0x0,
    0x0, 0x0, 0x1f, 0xff, 0xf1, 0x0, 0x0, 0x0,
    0x0, 0x6, 0xff, 0xfd, 0x0, 0x0, 0x0, 0x0,
    0x0, 0xaf, 0xff, 0x90, 0x0, 0x0, 0x0, 0x0,
    0xe, 0xff, 0xf4, 0x0, 0x0, 0x0, 0x0, 0x2,
    0xff, 0xff, 0x0, 0x0, 0x0, 0x0, 0x0, 0x7f,
    0xff, 0xc0, 0x0, 0x0, 0x0, 0x0, 0xb, 0xff,
    0xf8, 0x0, 0x0, 0x0, 0x0, 0x0, 0xff, 0xff,
    0x30, 0x0, 0x0, 0x0, 0x0, 0x3f, 0xff, 0xf0,
    0x0, 0x0, 0x0, 0x0, 0x8, 0xff, 0xfb, 0x0,
    0x0, 0x0, 0x0, 0x0, 0xcf, 0xff, 0x70, 0x0,
    0x0, 0x0, 0x0, 0xf, 0xff, 0xf2, 0x0, 0x0,
    0x0, 0x0, 0x4, 0xff, 0xfe, 0x0, 0x0, 0x0,
    0x0, 0x0, 0x9f, 0xff, 0xa0, 0x0, 0x0, 0x0,
    0x0, 0xd, 0xff, 0xf6, 0x0, 0x0, 0x0, 0x0,
    0x1, 0xff, 0xff, 0x10, 0x0, 0x0, 0x0, 0x0,
    0x5f, 0xff, 0xd0, 0x0, 0x0, 0x0, 0x0, 0xa,
    0xff, 0xf9, 0x0, 0x0, 0x0, 0x0, 0x0, 0xef,
    0xff, 0x50, 0x0, 0x0, 0x0, 0x0, 0x2f, 0xff,
    0xf1, 0x0, 0x0, 0x0, 0x0, 0x6, 0xff, 0xfc,
    0x0, 0x0, 0x0, 0x0, 0x0, 0xbf, 0xff, 0x80,
    0x0, 0x0, 0x0, 0x0, 0xf, 0xff, 0xf4, 0x0,
    0x0, 0x0, 0x0, 0x3, 0xff, 0xff, 0x0, 0x0,
    0x0, 0x0, 0x0, 0x7f, 0xff, 0xb0, 0x0, 0x0,
    0x0, 0x0, 0xb, 0xff, 0xf7, 0x0, 0x0, 0x0,
    0x0, 0x0, 0xff, 0xff, 0x30, 0x0, 0x0, 0x0,
    0x0, 0x4f, 0xff, 0xe0, 0x0, 0x0, 0x0, 0x0,
    0x8, 0xff, 0xfa, 0x0, 0x0, 0x0, 0x0, 0x0,
    0xcf, 0xff, 0x60, 0x0, 0x0, 0x0, 0x0, 0x1f,
    0xff, 0xf2, 0x0, 0x0, 0x0, 0x0, 0x5, 0xff,
    0xfe, 0x0, 0x0, 0x0, 0x0, 0x0, 0x9f, 0xff,
    0x90, 0x0, 0x0, 0x0, 0x0, 0xd, 0xff, 0xf5,
    0x0, 0x0, 0x0, 0x0, 0x0,

    /* U+0030 "0" */
    0x0, 0x0, 0x0, 0x0, 0x14, 0x67, 0x75, 0x40,
    0x0, 0x0, 0x0, 0x0, 0x0, 0x0, 0x0, 0x7d,
    0xff, 0xff, 0xff, 0xff, 0xb4, 0x0, 0x0, 0x0,
    0x0, 0x0, 0x2d, 0xff, 0xff, 0xff, 0xff, 0xff,
    0xff, 0x90, 0x0, 0x0, 0x0, 0x2, 0xff, 0xff,
    0xff, 0xff, 0xff, 0xff, 0xff, 0xfb, 0x0, 0x0,
    0x0, 0xd, 0xff, 0xff, 0xff, 0xff, 0xff, 0xff,
    0xff, 0xff, 0x70, 0x0, 0x0, 0x8f, 0xff, 0xff,
    0xfd, 0x75, 0x69, 0xef, 0xff, 0xff, 0xf1, 0x0,
    0x0, 0xef, 0xff, 0xff, 0x80, 0x0, 0x0, 0x1d,
    0xff, 0xff, 0xf8, 0x0, 0x5, 0xff, 0xff, 0xfc,
    0x0, 0x0, 0x0, 0x2, 0xff, 0xff, 0xfe, 0x0,
    0xa, 0xff, 0xff, 0xf4, 0x0, 0x0, 0x0, 0x0,
    0xbf, 0xff, 0xff, 0x30, 0xe, 0xff, 0xff, 0xf0,
    0x0, 0x0, 0x0, 0x0, 0x6f, 0xff, 0xff, 0x70,
    0x1f, 0xff, 0xff, 0xd0, 0x0, 0x0, 0x0, 0x0,
    0x3f, 0xff, 0xff, 0xa0, 0x3f, 0xff, 0xff, 0xa0,
    0x0, 0x0, 0x0, 0x0, 0x1f, 0xff, 0xff, 0xd0,
    0x5f, 0xff, 0xff, 0x90, 0x0, 0x0, 0x0, 0x0,
    0xf, 0xff, 0xff, 0xf0, 0x7f, 0xff, 0xff, 0x80,
    0x0, 0x0, 0x0, 0x0, 0xe, 0xff, 0xff, 0xf0,
    0x8f, 0xff, 0xff, 0x70, 0x0, 0x0, 0x0, 0x0,
    0xe, 0xff, 0xff, 0xf1, 0x8f, 0xff, 0xff, 0x70,
    0x0, 0x0, 0x0, 0x0, 0xd, 0xff, 0xff, 0xf2,
    0x9f, 0xff, 0xff, 0x70, 0x0, 0x0, 0x0, 0x0,
    0xd, 0xff, 0xff, 0xf2, 0x9f, 0xff, 0xff, 0x70,
    0x0, 0x0, 0x0, 0x0, 0xd, 0xff, 0xff, 0xf3,
    0x9f, 0xff, 0xff, 0x70, 0x0, 0x0, 0x0, 0x0,
    0xd, 0xff, 0xff, 0xf2, 0x8f, 0xff, 0xff, 0x70,
    0x0, 0x0, 0x0, 0x0, 0xd, 0xff, 0xff, 0xf2,
    0x8f, 0xff, 0xff, 0x70, 0x0, 0x0, 0x0, 0x0,
    0xd, 0xff, 0xff, 0xf1, 0x7f, 0xff, 0xff, 0x80,
    0x0, 0x0, 0x0, 0x0, 0xe, 0xff, 0xff, 0xf0,
    0x5f, 0xff, 0xff, 0x90, 0x0, 0x0, 0x0, 0x0,
    0xf, 0xff, 0xff, 0xf0, 0x3f, 0xff, 0xff, 0xa0,
    0x0, 0x0, 0x0, 0x0, 0x1f, 0xff, 0xff, 0xd0,
    0x1f, 0xff, 0xff, 0xd0, 0x0, 0x0, 0x0, 0x0,
    0x3f, 0xff, 0xff, 0xa0, 0xe, 0xff, 0xff, 0xf0,
    0x0, 0x0, 0x0, 0x0, 0x6f, 0xff, 0xff, 0x70,
    0xa, 0xff, 0xff, 0xf4, 0x0, 0x0, 0x0, 0x0,
    0xbf, 0xff, 0xff, 0x30, 0x5, 0xff, 0xff, 0xfc,
    0x0, 0x0, 0x0, 0x2, 0xff, 0xff, 0xfe, 0x0,
    0x0, 0xff, 0xff, 0xff, 0x80, 0x0, 0x0, 0x1d,
    0xff, 0xff, 0xf9, 0x0, 0x0, 0x8f, 0xff, 0xff,
    0xfc, 0x75, 0x68, 0xef, 0xff, 0xff, 0xf1, 0x0,
    0x0, 0xd, 0xff, 0xff, 0xff, 0xff, 0xff, 0xff,
    0xff, 0xff, 0x80, 0x0, 0x0, 0x3, 0xff, 0xff,
    0xff, 0xff, 0xff, 0xff, 0xff, 0xfb, 0x0, 0x0,
    0x0, 0x0, 0x3e, 0xff, 0xff, 0xff, 0xff, 0xff,
    0xff, 0xa0, 0x0, 0x0, 0x0, 0x0, 0x0, 0x7d,
    0xff, 0xff, 0xff, 0xff, 0xb4, 0x0, 0x0, 0x0,
    0x0, 0x0, 0x0, 0x0, 0x15, 0x67, 0x75, 0x40,
    0x0, 0x0, 0x0, 0x0,

    /* U+0031 "1" */
    0x0, 0x0, 0x0, 0x0, 0x0, 0x6e, 0xff, 0x80,
    0x0, 0x0, 0x0, 0x0, 0x0, 0x0, 0x1, 0x7e,
    0xff, 0xff, 0x80, 0x0, 0x0, 0x0, 0x0, 0x0,
    0x16, 0xcf, 0xff, 0xff, 0xff, 0x80, 0x0, 0x0,
    0x0, 0x15, 0x8c, 0xff, 0xff, 0xff, 0xff, 0xff,
    0x80, 0x0, 0x0, 0x0, 0x5f, 0xff, 0xff, 0xff,
    0xff, 0xff, 0xff, 0x80, 0x0, 0x0, 0x0, 0x5f,
    0xff, 0xff, 0xff, 0xff, 0xff, 0xff, 0x80, 0x0,
    0x0, 0x0, 0x5f, 0xff, 0xff, 0xff, 0xff, 0xff,
    0xff, 0x80, 0x0, 0x0, 0x0, 0x26, 0x66, 0x66,
    0x66, 0xaf, 0xff, 0xff, 0x80, 0x0, 0x0, 0x0,
    0x0, 0x0, 0x0, 0x0, 0x6f, 0xff, 0xff, 0x80,
    0x0, 0x0, 0x0, 0x0, 0x0, 0x0, 0x0, 0x6f,
    0xff, 0xff, 0x80, 0x0, 0x0, 0x0, 0x0, 0x0,
    0x0, 0x0, 0x6f, 0xff, 0xff, 0x80, 0x0, 0x0,
    0x0, 0x0, 0x0, 0x0, 0x0, 0x6f, 0xff, 0xff,
    0x80, 0x0, 0x0, 0x0, 0x0, 0x0, 0x0, 0x0,
    0x6f, 0xff, 0xff, 0x80, 0x0, 0x0, 0x0, 0x0,
    0x0, 0x0, 0x0, 0x6f, 0xff, 0xff, 0x80, 0x0,
    0x0, 0x0, 0x0, 0x0, 0x0, 0x0, 0x6f, 0xff,
    0xff, 0x80, 0x0, 0x0, 0x0, 0x0, 0x0, 0x0,
    0x0, 0x6f, 0xff, 0xff, 0x80, 0x0, 0x0, 0x0,
    0x0, 0x0, 0x0, 0x0, 0x6f, 0xff, 0xff, 0x80,
    0x0, 0x0, 0x0, 0x0, 0x0, 0x0, 0x0, 0x6f,
    0xff, 0xff, 0x80, 0x0, 0x0, 0x0, 0x0, 0x0,
    0x0, 0x0, 0x6f, 0xff, 0xff, 0x80, 0x0, 0x0,
    0x0, 0x0, 0x0, 0x0, 0x0, 0x6f, 0xff, 0xff,
    0x80, 0x0, 0x0, 0x0, 0x0, 0x0, 0x0, 0x0,
    0x6f, 0xff, 0xff, 0x80, 0x0, 0x0, 0x0, 0x0,
    0x0, 0x0, 0x0, 0x6f, 0xff, 0xff, 0x80, 0x0,
    0x0, 0x0, 0x0, 0x0, 0x0, 0x0, 0x6f, 0xff,
    0xff, 0x80, 0x0, 0x0, 0x0, 0x0, 0x0, 0x0,
    0x0, 0x6f, 0xff, 0xff, 0x80, 0x0, 0x0, 0x0,
    0x0, 0x0, 0x0, 0x0, 0x6f, 0xff, 0xff, 0x80,
    0x0, 0x0, 0x0, 0x0, 0x0, 0x0, 0x0, 0x6f,
    0xff, 0xff, 0x80, 0x0, 0x0, 0x0, 0x0, 0x0,
    0x0, 0x0, 0x6f, 0xff, 0xff, 0x80, 0x0, 0x0,
    0x0, 0x0, 0x0, 0x0, 0x0, 0x6f, 0xff, 0xff,
    0x80, 0x0, 0x0, 0x0, 0x3d, 0xdd, 0xdd, 0xdd,
    0xef, 0xff, 0xff, 0xed, 0xdd, 0xdd, 0xda, 0x4f,
    0xff, 0xff, 0xff, 0xff, 0xff, 0xff, 0xff, 0xff,
    0xff, 0xfd, 0x4f, 0xff, 0xff, 0xff, 0xff, 0xff,
    0xff, 0xff, 0xff, 0xff, 0xfd, 0x4f, 0xff, 0xff,
    0xff, 0xff, 0xff, 0xff, 0xff, 0xff, 0xff, 0xfd,
    0x4f, 0xff, 0xff, 0xff, 0xff, 0xff, 0xff, 0xff,
    0xff, 0xff, 0xfd,

    /* U+0032 "2" */
    0x0, 0x0, 0x0, 0x0, 0x3, 0x57, 0x77, 0x63,
    0x0, 0x0, 0x0, 0x0, 0x0, 0x0, 0x0, 0x5b,
    0xff, 0xff, 0xff, 0xff, 0xfa, 0x20, 0x0, 0x0,
    0x0, 0x0, 0x4d, 0xff, 0xff, 0xff, 0xff, 0xff,
    0xff, 0xf8, 0x0, 0x0, 0x0, 0x6, 0xff, 0xff,
    0xff, 0xff, 0xff, 0xff, 0xff, 0xff, 0xa0, 0x0,
    0x0, 0x5f, 0xff, 0xff, 0xff, 0xff, 0xff, 0xff,
    0xff, 0xff, 0xf7, 0x0, 0x1, 0xef, 0xff, 0xff,
    0xfe, 0xa8, 0x79, 0xdf, 0xff, 0xff, 0xff, 0x10,
    0x7, 0xff, 0xff, 0xff, 0x80, 0x0, 0x0, 0x6,
    0xff, 0xff, 0xff, 0x80, 0xc, 0xff, 0xff, 0xf9,
    0x0, 0x0, 0x0, 0x0, 0x7f, 0xff, 0xff, 0xd0,
    0xf, 0xff, 0xff, 0xf2, 0x0, 0x0, 0x0, 0x0,
    0xf, 0xff, 0xff, 0xf0, 0x1f, 0xff, 0xff, 0xe0,
    0x0, 0x0, 0x0, 0x0, 0xd, 0xff, 0xff, 0xf2,
    0x2f, 0xff, 0xff, 0xd0, 0x0, 0x0, 0x0, 0x0,
    0xd, 0xff, 0xff, 0xf2, 0x2f, 0xff, 0xff, 0xd0,
    0x0, 0x0, 0x0, 0x0, 0xf, 0xff, 0xff, 0xf1,
    0x6, 0x66, 0x66, 0x50, 0x0, 0x0, 0x0, 0x0,
    0x5f, 0xff, 0xff, 0xe0, 0x0, 0x0, 0x0, 0x0,
    0x0, 0x0, 0x0, 0x0, 0xcf, 0xff, 0xff, 0xa0,
    0x0, 0x0, 0x0, 0x0, 0x0, 0x0, 0x0, 0x8,
    0xff, 0xff, 0xff, 0x40, 0x0, 0x0, 0x0, 0x0,
    0x0, 0x0, 0x0, 0x5f, 0xff, 0xff, 0xfc, 0x0,
    0x0, 0x0, 0x0, 0x0, 0x0, 0x0, 0x5, 0xff,
    0xff, 0xff, 0xf3, 0x0, 0x0, 0x0, 0x0, 0x0,
    0x0, 0x0, 0x7f, 0xff, 0xff, 0xff, 0x80, 0x0,
    0x0, 0x0, 0x0, 0x0, 0x0, 0xa, 0xff, 0xff,
    0xff, 0xfa, 0x0, 0x0, 0x0, 0x0, 0x0, 0x0,
    0x2, 0xdf, 0xff, 0xff, 0xff, 0xa0, 0x0, 0x0,
    0x0, 0x0, 0x0, 0x0, 0x5f, 0xff, 0xff, 0xff,
    0xf8, 0x0, 0x0, 0x0, 0x0, 0x0, 0x0, 0x8,
    0xff, 0xff, 0xff, 0xff, 0x60, 0x0, 0x0, 0x0,
    0x0, 0x0, 0x1, 0xcf, 0xff, 0xff, 0xff, 0xd2,
    0x0, 0x0, 0x0, 0x0, 0x0, 0x0, 0x2d, 0xff,
    0xff, 0xff, 0xfa, 0x0, 0x0, 0x0, 0x0, 0x0,
    0x0, 0x1, 0xef, 0xff, 0xff, 0xfe, 0x50, 0x0,
    0x0, 0x0, 0x0, 0x0, 0x0, 0xd, 0xff, 0xff,
    0xff, 0xc1, 0x0, 0x0, 0x0, 0x0, 0x0, 0x0,
    0x0, 0xaf, 0xff, 0xff, 0xf9, 0x0, 0x0, 0x0,
    0x0, 0x0, 0x0, 0x0, 0x4, 0xff, 0xff, 0xff,
    0x80, 0x0, 0x0, 0x0, 0x0, 0x0, 0x0, 0x0,
    0xc, 0xff, 0xff, 0xfe, 0x55, 0x55, 0x55, 0x55,
    0x55, 0x55, 0x55, 0x51, 0x1f, 0xff, 0xff, 0xff,
    0xff, 0xff, 0xff, 0xff, 0xff, 0xff, 0xff, 0xf6,
    0x5f, 0xff, 0xff, 0xff, 0xff, 0xff, 0xff, 0xff,
    0xff, 0xff, 0xff, 0xf6, 0x7f, 0xff, 0xff, 0xff,
    0xff, 0xff, 0xff, 0xff, 0xff, 0xff, 0xff, 0xf6,
    0x8f, 0xff, 0xff, 0xff, 0xff, 0xff, 0xff, 0xff,
    0xff, 0xff, 0xff, 0xf6, 0x8f, 0xff, 0xff, 0xff,
    0xff, 0xff, 0xff, 0xff, 0xff, 0xff, 0xff, 0xf6,

    /* U+0033 "3" */
    0x0, 0x0, 0x0, 0x0, 0x25, 0x77, 0x76, 0x41,
    0x0, 0x0, 0x0, 0x0, 0x0, 0x0, 0x1, 0x8e,
    0xff, 0xff, 0xff, 0xff, 0xc6, 0x0, 0x0, 0x0,
    0x0, 0x0, 0x7f, 0xff, 0xff, 0xff, 0xff, 0xff,
    0xff, 0xe4, 0x0, 0x0, 0x0, 0xa, 0xff, 0xff,
    0xff, 0xff, 0xff, 0xff, 0xff, 0xff, 0x60, 0x0,
    0x0, 0x8f, 0xff, 0xff, 0xff, 0xff, 0xff, 0xff,
    0xff, 0xff, 0xf3, 0x0, 0x2, 0xff, 0xff, 0xff,
    0xfc, 0x76, 0x69, 0xef, 0xff, 0xff, 0xfc, 0x0,
    0xa, 0xff, 0xff, 0xff, 0x40, 0x0, 0x0, 0xa,
    0xff, 0xff, 0xff, 0x30, 0xe, 0xff, 0xff, 0xf6,
    0x0, 0x0, 0x0, 0x0, 0xef, 0xff, 0xff, 0x70,
    0x1f, 0xff, 0xff, 0xf0, 0x0, 0x0, 0x0, 0x0,
    0x8f, 0xff, 0xff, 0xa0, 0x2f, 0xff, 0xff, 0xd0,
    0x0, 0x0, 0x0, 0x0, 0x6f, 0xff, 0xff, 0xb0,
    0x2d, 0xdd, 0xdd, 0xa0, 0x0, 0x0, 0x0, 0x0,
    0x6f, 0xff, 0xff, 0xa0, 0x0, 0x0, 0x0, 0x0,
    0x0, 0x0, 0x0, 0x0, 0x8f, 0xff, 0xff, 0x70,
    0x0, 0x0, 0x0, 0x0, 0x0, 0x0, 0x0, 0x0,
    0xef, 0xff, 0xff, 0x20, 0x0, 0x0, 0x0, 0x0,
    0x0, 0x0, 0x0, 0x9, 0xff, 0xff, 0xfb, 0x0,
    0x0, 0x0, 0x0, 0x0, 0x0, 0x0, 0x15, 0xcf,
    0xff, 0xff, 0xe1, 0x0, 0x0, 0x0, 0x0, 0x0,
    0x6f, 0xff, 0xff, 0xff, 0xff, 0xfc, 0x20, 0x0,
    0x0, 0x0, 0x0, 0x0, 0x6f, 0xff, 0xff, 0xff,
    0xff, 0x70, 0x0, 0x0, 0x0, 0x0, 0x0, 0x0,
    0x6f, 0xff, 0xff, 0xff, 0xfc, 0x50, 0x0, 0x0,
    0x0, 0x0, 0x0, 0x0, 0x6f, 0xff, 0xff, 0xff,
    0xff, 0xfc, 0x20, 0x0, 0x0, 0x0, 0x0, 0x0,
    0x5d, 0xdd, 0xef, 0xff, 0xff, 0xff, 0xf3, 0x0,
    0x0, 0x0, 0x0, 0x0, 0x0, 0x0, 0x1, 0x5d,
    0xff, 0xff, 0xfe, 0x10, 0x0, 0x0, 0x0, 0x0,
    0x0, 0x0, 0x0, 0x0, 0xbf, 0xff, 0xff, 0x90,
    0x0, 0x0, 0x0, 0x0, 0x0, 0x0, 0x0, 0x0,
    0x2f, 0xff, 0xff, 0xf0, 0x0, 0x0, 0x0, 0x0,
    0x0, 0x0, 0x0, 0x0, 0xc, 0xff, 0xff, 0xf3,
    0xdf, 0xff, 0xff, 0x0, 0x0, 0x0, 0x0, 0x0,
    0xb, 0xff, 0xff, 0xf5, 0xdf, 0xff, 0xff, 0x10,
    0x0, 0x0, 0x0, 0x0, 0xb, 0xff, 0xff, 0xf5,
    0xbf, 0xff, 0xff, 0x40, 0x0, 0x0, 0x0, 0x0,
    0xe, 0xff, 0xff, 0xf4, 0x8f, 0xff, 0xff, 0xc0,
    0x0, 0x0, 0x0, 0x0, 0x5f, 0xff, 0xff, 0xf1,
    0x3f, 0xff, 0xff, 0xfa, 0x0, 0x0, 0x0, 0x5,
    0xff, 0xff, 0xff, 0xc0, 0xb, 0xff, 0xff, 0xff,
    0xe9, 0x65, 0x58, 0xcf, 0xff, 0xff, 0xff, 0x50,
    0x2, 0xff, 0xff, 0xff, 0xff, 0xff, 0xff, 0xff,
    0xff, 0xff, 0xfa, 0x0, 0x0, 0x3f, 0xff, 0xff,
    0xff, 0xff, 0xff, 0xff, 0xff, 0xff, 0xb0, 0x0,
    0x0, 0x2, 0xcf, 0xff, 0xff, 0xff, 0xff, 0xff,
    0xff, 0xf8, 0x0, 0x0, 0x0, 0x0, 0x4, 0xaf,
    0xff, 0xff, 0xff, 0xff, 0xd8, 0x10, 0x0, 0x0,
    0x0, 0x0, 0x0, 0x0, 0x35, 0x77, 0x76, 0x42,
    0x0, 0x0, 0x0, 0x0,

    /* U+0034 "4" */
    0x0, 0x0, 0x0, 0x0, 0x6, 0x88, 0x88, 0x83,
    0x0, 0x0, 0x0, 0x0, 0x0, 0x0, 0x0, 0x0,
    0x0, 0xff, 0xff, 0xff, 0x30, 0x0, 0x0, 0x0,
    0x0, 0x0, 0x0, 0x0, 0x0, 0x3f, 0xff, 0xff,
    0xe0, 0x0, 0x0, 0x0, 0x0, 0x0, 0x0, 0x0,
    0x0, 0x7, 0xff, 0xff, 0xfa, 0x0, 0x0, 0x0,
    0x0, 0x0, 0x0, 0x0, 0x0, 0x0, 0xbf, 0xff,
    0xff, 0x40, 0x0, 0x0, 0x0, 0x0, 0x0, 0x0,
    0x0, 0x0, 0x1f, 0xff, 0xff, 0xf0, 0x0, 0xc,
    0xca, 0x0, 0x0, 0x0, 0x0, 0x0, 0x6, 0xff,
    0xff, 0xf9, 0x0, 0x5, 0xff, 0xd0, 0x0, 0x0,
    0x0, 0x0, 0x0, 0xbf, 0xff, 0xff, 0x20, 0x0,
    0xaf, 0xfd, 0x0, 0x0, 0x0, 0x0, 0x0, 0x1f,
    0xff, 0xff, 0xc0, 0x0, 0xf, 0xff, 0xd0, 0x0,
    0x0, 0x0, 0x0, 0x7, 0xff, 0xff, 0xf6, 0x0,
    0x5, 0xff, 0xfd, 0x0, 0x0, 0x0, 0x0, 0x0,
    0xdf, 0xff, 0xff, 0x0, 0x0, 0xcf, 0xff, 0xd0,
    0x0, 0x0, 0x0, 0x0, 0x3f, 0xff, 0xff, 0x80,
    0x0, 0x2f, 0xff, 0xfd, 0x0, 0x0, 0x0, 0x0,
    0xa, 0xff, 0xff, 0xf1, 0x0, 0x9, 0xff, 0xff,
    0xd0, 0x0, 0x0, 0x0, 0x1, 0xff, 0xff, 0xf9,
    0x0, 0x0, 0xff, 0xff, 0xfd, 0x0, 0x0, 0x0,
    0x0, 0x8f, 0xff, 0xff, 0x20, 0x0, 0xf, 0xff,
    0xff, 0xd0, 0x0, 0x0, 0x0, 0x1f, 0xff, 0xff,
    0x90, 0x0, 0x0, 0xff, 0xff, 0xfd, 0x0, 0x0,
    0x0, 0x8, 0xff, 0xff, 0xf1, 0x0, 0x0, 0xf,
    0xff, 0xff, 0xd0, 0x0, 0x0, 0x1, 0xff, 0xff,
    0xf8, 0x0, 0x0, 0x0, 0xff, 0xff, 0xfd, 0x0,
    0x0, 0x0, 0x8f, 0xff, 0xfe, 0x0, 0x0, 0x0,
    0xf, 0xff, 0xff, 0xd0, 0x0, 0x0, 0x1f, 0xff,
    0xff, 0x60, 0x0, 0x0, 0x0, 0xff, 0xff, 0xfd,
    0x0, 0x0, 0xa, 0xff, 0xff, 0xc0, 0x0, 0x0,
    0x0, 0xf, 0xff, 0xff, 0xd0, 0x0, 0x3, 0xff,
    0xff, 0xf2, 0x0, 0x0, 0x0, 0x0, 0xff, 0xff,
    0xfd, 0x0, 0x0, 0x8f, 0xff, 0xff, 0xff, 0xff,
    0xff, 0xff, 0xff, 0xff, 0xff, 0xff, 0xff, 0xe8,
    0xff, 0xff, 0xff, 0xff, 0xff, 0xff, 0xff, 0xff,
    0xff, 0xff, 0xff, 0xfe, 0x8f, 0xff, 0xff, 0xff,
    0xff, 0xff, 0xff, 0xff, 0xff, 0xff, 0xff, 0xff,
    0xe8, 0xff, 0xff, 0xff, 0xff, 0xff, 0xff, 0xff,
    0xff, 0xff, 0xff, 0xff, 0xfe, 0x6d, 0xdd, 0xdd,
    0xdd, 0xdd, 0xdd, 0xdd, 0xdf, 0xff, 0xff, 0xfd,
    0xdd, 0xc0, 0x0, 0x0, 0x0, 0x0, 0x0, 0x0,
    0x0, 0xff, 0xff, 0xfd, 0x0, 0x0, 0x0, 0x0,
    0x0, 0x0, 0x0, 0x0, 0x0, 0xf, 0xff, 0xff,
    0xd0, 0x0, 0x0, 0x0, 0x0, 0x0, 0x0, 0x0,
    0x0, 0x0, 0xff, 0xff, 0xfd, 0x0, 0x0, 0x0,
    0x0, 0x0, 0x0, 0x0, 0x0, 0x0, 0xf, 0xff,
    0xff, 0xd0, 0x0, 0x0, 0x0, 0x0, 0x0, 0x0,
    0x0, 0x0, 0x0, 0xff, 0xff, 0xfd, 0x0, 0x0,
    0x0, 0x0, 0x0, 0x0, 0x0, 0x0, 0x0, 0xf,
    0xff, 0xff, 0xd0, 0x0, 0x0, 0x0, 0x0, 0x0,
    0x0, 0x0, 0x0, 0x0, 0xff, 0xff, 0xfd, 0x0,
    0x0,

    /* U+0035 "5" */
    0x0, 0x6f, 0xff, 0xff, 0xff, 0xff, 0xff, 0xff,
    0xff, 0xff, 0xf9, 0x0, 0x0, 0x7f, 0xff, 0xff,
    0xff, 0xff, 0xff, 0xff, 0xff, 0xff, 0xf9, 0x0,
    0x0, 0x8f, 0xff, 0xff, 0xff, 0xff, 0xff, 0xff,
    0xff, 0xff, 0xf9, 0x0, 0x0, 0x9f, 0xff, 0xff,
    0xff, 0xff, 0xff, 0xff, 0xff, 0xff, 0xf9, 0x0,
    0x0, 0xaf, 0xff, 0xff, 0xff, 0xff, 0xff, 0xff,
    0xff, 0xff, 0xf9, 0x0, 0x0, 0xcf, 0xff, 0xfd,
    0x55, 0x55, 0x55, 0x55, 0x55, 0x55, 0x53, 0x0,
    0x0, 0xdf, 0xff, 0xfa, 0x0, 0x0, 0x0, 0x0,
    0x0, 0x0, 0x0, 0x0, 0x0, 0xef, 0xff, 0xf9,
    0x0, 0x0, 0x0, 0x0, 0x0, 0x0, 0x0, 0x0,
    0x0, 0xff, 0xff, 0xf8, 0x0, 0x0, 0x0, 0x0,
    0x0, 0x0, 0x0, 0x0, 0x0, 0xff, 0xff, 0xf7,
    0x0, 0x0, 0x0, 0x0, 0x0, 0x0, 0x0, 0x0,
    0x2, 0xff, 0xff, 0xf6, 0x0, 0x0, 0x0, 0x0,
    0x0, 0x0, 0x0, 0x0, 0x3, 0xff, 0xff, 0xf5,
    0x1, 0x58, 0xab, 0xa8, 0x50, 0x0, 0x0, 0x0,
    0x4, 0xff, 0xff, 0xf5, 0x8f, 0xff, 0xff, 0xff,
    0xfe, 0x80, 0x0, 0x0, 0x5, 0xff, 0xff, 0xff,
    0xff, 0xff, 0xff, 0xff, 0xff, 0xfd, 0x10, 0x0,
    0x6, 0xff, 0xff, 0xff, 0xff, 0xff, 0xff, 0xff,
    0xff, 0xff, 0xd1, 0x0, 0x7, 0xff, 0xff, 0xff,
    0xff, 0xff, 0xff, 0xff, 0xff, 0xff, 0xfa, 0x0,
    0x9, 0xff, 0xff, 0xff, 0xf9, 0x30, 0x13, 0x9f,
    0xff, 0xff, 0xff, 0x30, 0xa, 0xff, 0xff, 0xfe,
    0x20, 0x0, 0x0, 0x5, 0xff, 0xff, 0xff, 0x90,
    0x1, 0x35, 0x79, 0xb2, 0x0, 0x0, 0x0, 0x0,
    0x9f, 0xff, 0xff, 0xd0, 0x0, 0x0, 0x0, 0x0,
    0x0, 0x0, 0x0, 0x0, 0x3f, 0xff, 0xff, 0xf0,
    0x0, 0x0, 0x0, 0x0, 0x0, 0x0, 0x0, 0x0,
    0xf, 0xff, 0xff, 0xf2, 0x0, 0x0, 0x0, 0x0,
    0x0, 0x0, 0x0, 0x0, 0xd, 0xff, 0xff, 0xf3,
    0x56, 0x66, 0x66, 0x10, 0x0, 0x0, 0x0, 0x0,
    0xd, 0xff, 0xff, 0xf3, 0xcf, 0xff, 0xff, 0x50,
    0x0, 0x0, 0x0, 0x0, 0xe, 0xff, 0xff, 0xf2,
    0xaf, 0xff, 0xff, 0x70, 0x0, 0x0, 0x0, 0x0,
    0x1f, 0xff, 0xff, 0xf0, 0x7f, 0xff, 0xff, 0xd0,
    0x0, 0x0, 0x0, 0x0, 0x7f, 0xff, 0xff, 0xd0,
    0x3f, 0xff, 0xff, 0xf5, 0x0, 0x0, 0x0, 0x1,
    0xef, 0xff, 0xff, 0x90, 0xd, 0xff, 0xff, 0xff,
    0x50, 0x0, 0x0, 0x1c, 0xff, 0xff, 0xff, 0x30,
    0x4, 0xff, 0xff, 0xff, 0xfc, 0x75, 0x69, 0xff,
    0xff, 0xff, 0xfb, 0x0, 0x0, 0x9f, 0xff, 0xff,
    0xff, 0xff, 0xff, 0xff, 0xff, 0xff, 0xe1, 0x0,
    0x0, 0xa, 0xff, 0xff, 0xff, 0xff, 0xff, 0xff,
    0xff, 0xfe, 0x30, 0x0, 0x0, 0x0, 0x7f, 0xff,
    0xff, 0xff, 0xff, 0xff, 0xff, 0xc2, 0x0, 0x0,
    0x0, 0x0, 0x1, 0x8e, 0xff, 0xff, 0xff, 0xff,
    0xc5, 0x0, 0x0, 0x0, 0x0, 0x0, 0x0, 0x0,
    0x25, 0x77, 0x76, 0x41, 0x0, 0x0, 0x0, 0x0,

    /* U+0036 "6" */
    0x0, 0x0, 0x0, 0x0, 0x3, 0x56, 0x76, 0x52,
    0x0, 0x0, 0x0, 0x0, 0x0, 0x0, 0x0, 0x3a,
    0xef, 0xff, 0xff, 0xff, 0xd6, 0x0, 0x0, 0x0,
    0x0, 0x0, 0x8, 0xff, 0xff, 0xff, 0xff, 0xff,
    0xff, 0xd2, 0x0, 0x0, 0x0, 0x0, 0xaf, 0xff,
    0xff, 0xff, 0xff, 0xff, 0xff, 0xfe, 0x20, 0x0,
    0x0, 0x8, 0xff, 0xff, 0xff, 0xff, 0xff, 0xff,
    0xff, 0xff, 0xd0, 0x0, 0x0, 0x2f, 0xff, 0xff,
    0xfe, 0x86, 0x68, 0xef, 0xff, 0xff, 0xf6, 0x0,
    0x0, 0xaf, 0xff, 0xff, 0xa0, 0x0, 0x0, 0xc,
    0xff, 0xff, 0xfd, 0x0, 0x1, 0xff, 0xff, 0xfd,
    0x0, 0x0, 0x0, 0x2, 0xff, 0xff, 0xff, 0x10,
    0x6, 0xff, 0xff, 0xf6, 0x0, 0x0, 0x0, 0x0,
    0xbf, 0xff, 0xff, 0x50, 0xa, 0xff, 0xff, 0xf1,
    0x0, 0x0, 0x0, 0x0, 0x8f, 0xff, 0xff, 0x70,
    0xe, 0xff, 0xff, 0xe0, 0x0, 0x0, 0x0, 0x0,
    0x6d, 0xdd, 0xdd, 0x70, 0x1f, 0xff, 0xff, 0xc0,
    0x0, 0x0, 0x0, 0x0, 0x0, 0x0, 0x0, 0x0,
    0x3f, 0xff, 0xff, 0xa0, 0x0, 0x0, 0x0, 0x0,
    0x0, 0x0, 0x0, 0x0, 0x5f, 0xff, 0xff, 0x80,
    0x2, 0x8c, 0xef, 0xfd, 0xb6, 0x10, 0x0, 0x0,
    0x6f, 0xff, 0xff, 0x81, 0xaf, 0xff, 0xff, 0xff,
    0xff, 0xf7, 0x0, 0x0, 0x7f, 0xff, 0xff, 0xae,
    0xff, 0xff, 0xff, 0xff, 0xff, 0xff, 0xa0, 0x0,
    0x8f, 0xff, 0xff, 0xff, 0xff, 0xff, 0xff, 0xff,
    0xff, 0xff, 0xf8, 0x0, 0x8f, 0xff, 0xff, 0xff,
    0xff, 0xfd, 0xce, 0xff, 0xff, 0xff, 0xff, 0x20,
    0x8f, 0xff, 0xff, 0xff, 0xf6, 0x0, 0x0, 0x3b,
    0xff, 0xff, 0xff, 0xa0, 0x8f, 0xff, 0xff, 0xff,
    0x30, 0x0, 0x0, 0x0, 0xbf, 0xff, 0xff, 0xf0,
    0x7f, 0xff, 0xff, 0xf8, 0x0, 0x0, 0x0, 0x0,
    0x1f, 0xff, 0xff, 0xf4, 0x6f, 0xff, 0xff, 0xf3,
    0x0, 0x0, 0x0, 0x0, 0xb, 0xff, 0xff, 0xf7,
    0x5f, 0xff, 0xff, 0xf0, 0x0, 0x0, 0x0, 0x0,
    0x8, 0xff, 0xff, 0xf9, 0x3f, 0xff, 0xff, 0xe0,
    0x0, 0x0, 0x0, 0x0, 0x7, 0xff, 0xff, 0xf9,
    0x1f, 0xff, 0xff, 0xf0, 0x0, 0x0, 0x0, 0x0,
    0x7, 0xff, 0xff, 0xf9, 0xd, 0xff, 0xff, 0xf1,
    0x0, 0x0, 0x0, 0x0, 0xa, 0xff, 0xff, 0xf7,
    0x9, 0xff, 0xff, 0xf6, 0x0, 0x0, 0x0, 0x0,
    0xe, 0xff, 0xff, 0xf5, 0x4, 0xff, 0xff, 0xfd,
    0x0, 0x0, 0x0, 0x0, 0x7f, 0xff, 0xff, 0xf1,
    0x0, 0xef, 0xff, 0xff, 0xb0, 0x0, 0x0, 0x5,
    0xff, 0xff, 0xff, 0xa0, 0x0, 0x6f, 0xff, 0xff,
    0xfe, 0x96, 0x57, 0xcf, 0xff, 0xff, 0xff, 0x20,
    0x0, 0xb, 0xff, 0xff, 0xff, 0xff, 0xff, 0xff,
    0xff, 0xff, 0xf7, 0x0, 0x0, 0x1, 0xdf, 0xff,
    0xff, 0xff, 0xff, 0xff, 0xff, 0xff, 0x90, 0x0,
    0x0, 0x0, 0xa, 0xff, 0xff, 0xff, 0xff, 0xff,
    0xff, 0xf6, 0x0, 0x0, 0x0, 0x0, 0x0, 0x3a,
    0xef, 0xff, 0xff, 0xff, 0xe8, 0x10, 0x0, 0x0,
    0x0, 0x0, 0x0, 0x0, 0x3, 0x56, 0x77, 0x52,
    0x0, 0x0, 0x0, 0x0,

    /* U+0037 "7" */
    0xcf, 0xff, 0xff, 0xff, 0xff, 0xff, 0xff, 0xff,
    0xff, 0xff, 0xff, 0xfb, 0xcf, 0xff, 0xff, 0xff,
    0xff, 0xff, 0xff, 0xff, 0xff, 0xff, 0xff, 0xfb,
    0xcf, 0xff, 0xff, 0xff, 0xff, 0xff, 0xff, 0xff,
    0xff, 0xff, 0xff, 0xfb, 0xcf, 0xff, 0xff, 0xff,
    0xff, 0xff, 0xff, 0xff, 0xff, 0xff, 0xff, 0xfb,
    0xcf, 0xff, 0xff, 0xff, 0xff, 0xff, 0xff, 0xff,
    0xff, 0xff, 0xff, 0xf3, 0x45, 0x55, 0x55, 0x55,
    0x55, 0x55, 0x55, 0x55, 0xbf, 0xff, 0xff, 0x60,
    0x0, 0x0, 0x0, 0x0, 0x0, 0x0, 0x0, 0x4,
    0xff, 0xff, 0xfa, 0x0, 0x0, 0x0, 0x0, 0x0,
    0x0, 0x0, 0x0, 0x1e, 0xff, 0xff, 0xd0, 0x0,
    0x0, 0x0, 0x0, 0x0, 0x0, 0x0, 0x0, 0xcf,
    0xff, 0xff, 0x20, 0x0, 0x0, 0x0, 0x0, 0x0,
    0x0, 0x0, 0x8, 0xff, 0xff, 0xf7, 0x0, 0x0,
    0x0, 0x0, 0x0, 0x0, 0x0, 0x0, 0x3f, 0xff,
    0xff, 0xb0, 0x0, 0x0, 0x0, 0x0, 0x0, 0x0,
    0x0, 0x0, 0xdf, 0xff, 0xff, 0x20, 0x0, 0x0,
    0x0, 0x0, 0x0, 0x0, 0x0, 0x7, 0xff, 0xff,
    0xf7, 0x0, 0x0, 0x0, 0x0, 0x0, 0x0, 0x0,
    0x0, 0x1f, 0xff, 0xff, 0xd0, 0x0, 0x0, 0x0,
    0x0, 0x0, 0x0, 0x0, 0x0, 0xaf, 0xff, 0xff,
    0x40, 0x0, 0x0, 0x0, 0x0, 0x0, 0x0, 0x0,
    0x2, 0xff, 0xff, 0xfb, 0x0, 0x0, 0x0, 0x0,
    0x0, 0x0, 0x0, 0x0, 0xb, 0xff, 0xff, 0xf3,
    0x0, 0x0, 0x0, 0x0, 0x0, 0x0, 0x0, 0x0,
    0x3f, 0xff, 0xff, 0xb0, 0x0, 0x0, 0x0, 0x0,
    0x0, 0x0, 0x0, 0x0, 0xaf, 0xff, 0xff, 0x30,
    0x0, 0x0, 0x0, 0x0, 0x0, 0x0, 0x0, 0x1,
    0xff, 0xff, 0xfd, 0x0, 0x0, 0x0, 0x0, 0x0,
    0x0, 0x0, 0x0, 0x7, 0xff, 0xff, 0xf6, 0x0,
    0x0, 0x0, 0x0, 0x0, 0x0, 0x0, 0x0, 0xd,
    0xff, 0xff, 0xf0, 0x0, 0x0, 0x0, 0x0, 0x0,
    0x0, 0x0, 0x0, 0x2f, 0xff, 0xff, 0xb0, 0x0,
    0x0, 0x0, 0x0, 0x0, 0x0, 0x0, 0x0, 0x7f,
    0xff, 0xff, 0x60, 0x0, 0x0, 0x0, 0x0, 0x0,
    0x0, 0x0, 0x0, 0xcf, 0xff, 0xff, 0x20, 0x0,
    0x0, 0x0, 0x0, 0x0, 0x0, 0x0, 0x0, 0xff,
    0xff, 0xff, 0x0, 0x0, 0x0, 0x0, 0x0, 0x0,
    0x0, 0x0, 0x3, 0xff, 0xff, 0xfc, 0x0, 0x0,
    0x0, 0x0, 0x0, 0x0, 0x0, 0x0, 0x6, 0xff,
    0xff, 0xf9, 0x0, 0x0, 0x0, 0x0, 0x0, 0x0,
    0x0, 0x0, 0x9, 0xff, 0xff, 0xf8, 0x0, 0x0,
    0x0, 0x0, 0x0, 0x0, 0x0, 0x0, 0xb, 0xff,
    0xff, 0xf7, 0x0, 0x0, 0x0, 0x0, 0x0, 0x0,
    0x0, 0x0, 0xc, 0xff, 0xff, 0xf6, 0x0, 0x0,
    0x0, 0x0, 0x0, 0x0, 0x0, 0x0, 0xd, 0xff,
    0xff, 0xf6, 0x0, 0x0, 0x0, 0x0, 0x0, 0x0,
    0x0, 0x0, 0xe, 0xff, 0xff, 0xf6, 0x0, 0x0,
    0x0, 0x0, 0x0, 0x0,

    /* U+0038 "8" */
    0x0, 0x0, 0x0, 0x0, 0x25, 0x77, 0x76, 0x41,
    0x0, 0x0, 0x0, 0x0, 0x0, 0x0, 0x2, 0x9e,
    0xff, 0xff, 0xff, 0xff, 0xd6, 0x0, 0x0, 0x0,
    0x0, 0x0, 0x8f, 0xff, 0xff, 0xff, 0xff, 0xff,
    0xff, 0xd3, 0x0, 0x0, 0x0, 0xa, 0xff, 0xff,
    0xff, 0xff, 0xff, 0xff, 0xff, 0xff, 0x50, 0x0,
    0x0, 0x8f, 0xff, 0xff, 0xff, 0xff, 0xff, 0xff,
    0xff, 0xff, 0xf2, 0x0, 0x2, 0xff, 0xff, 0xff,
    0xfb, 0x65, 0x58, 0xdf, 0xff, 0xff, 0xfb, 0x0,
    0x8, 0xff, 0xff, 0xff, 0x40, 0x0, 0x0, 0x9,
    0xff, 0xff, 0xff, 0x20, 0xd, 0xff, 0xff, 0xf6,
    0x0, 0x0, 0x0, 0x0, 0xcf, 0xff, 0xff, 0x70,
    0xf, 0xff, 0xff, 0xf0, 0x0, 0x0, 0x0, 0x0,
    0x6f, 0xff, 0xff, 0x90, 0xf, 0xff, 0xff, 0xe0,
    0x0, 0x0, 0x0, 0x0, 0x4f, 0xff, 0xff, 0xa0,
    0xf, 0xff, 0xff, 0xe0, 0x0, 0x0, 0x0, 0x0,
    0x4f, 0xff, 0xff, 0x90, 0xb, 0xff, 0xff, 0xf2,
    0x0, 0x0, 0x0, 0x0, 0x8f, 0xff, 0xff, 0x60,
    0x6, 0xff, 0xff, 0xfa, 0x0, 0x0, 0x0, 0x2,
    0xff, 0xff, 0xff, 0x10, 0x0, 0xdf, 0xff, 0xff,
    0xb2, 0x0, 0x0, 0x5e, 0xff, 0xff, 0xf8, 0x0,
    0x0, 0x3f, 0xff, 0xff, 0xff, 0xec, 0xdf, 0xff,
    0xff, 0xff, 0xc0, 0x0, 0x0, 0x3, 0xef, 0xff,
    0xff, 0xff, 0xff, 0xff, 0xff, 0xfa, 0x0, 0x0,
    0x0, 0x0, 0x2e, 0xff, 0xff, 0xff, 0xff, 0xff,
    0xff, 0x90, 0x0, 0x0, 0x0, 0x6, 0xff, 0xff,
    0xff, 0xff, 0xff, 0xff, 0xff, 0xfc, 0x20, 0x0,
    0x0, 0x9f, 0xff, 0xff, 0xff, 0xff, 0xff, 0xff,
    0xff, 0xff, 0xf3, 0x0, 0x6, 0xff, 0xff, 0xff,
    0xc5, 0x10, 0x2, 0x7e, 0xff, 0xff, 0xfe, 0x10,
    0xe, 0xff, 0xff, 0xf9, 0x0, 0x0, 0x0, 0x1,
    0xdf, 0xff, 0xff, 0x90, 0x6f, 0xff, 0xff, 0xd0,
    0x0, 0x0, 0x0, 0x0, 0x3f, 0xff, 0xff, 0xf0,
    0xaf, 0xff, 0xff, 0x60, 0x0, 0x0, 0x0, 0x0,
    0xd, 0xff, 0xff, 0xf4, 0xdf, 0xff, 0xff, 0x30,
    0x0, 0x0, 0x0, 0x0, 0xa, 0xff, 0xff, 0xf6,
    0xef, 0xff, 0xff, 0x20, 0x0, 0x0, 0x0, 0x0,
    0x9, 0xff, 0xff, 0xf7, 0xdf, 0xff, 0xff, 0x40,
    0x0, 0x0, 0x0, 0x0, 0xa, 0xff, 0xff, 0xf6,
    0xbf, 0xff, 0xff, 0x80, 0x0, 0x0, 0x0, 0x0,
    0xe, 0xff, 0xff, 0xf4, 0x8f, 0xff, 0xff, 0xe1,
    0x0, 0x0, 0x0, 0x0, 0x6f, 0xff, 0xff, 0xf1,
    0x2f, 0xff, 0xff, 0xfc, 0x10, 0x0, 0x0, 0x5,
    0xff, 0xff, 0xff, 0xc0, 0xb, 0xff, 0xff, 0xff,
    0xfa, 0x64, 0x57, 0xcf, 0xff, 0xff, 0xff, 0x40,
    0x2, 0xff, 0xff, 0xff, 0xff, 0xff, 0xff, 0xff,
    0xff, 0xff, 0xfa, 0x0, 0x0, 0x4f, 0xff, 0xff,
    0xff, 0xff, 0xff, 0xff, 0xff, 0xff, 0xc0, 0x0,
    0x0, 0x2, 0xcf, 0xff, 0xff, 0xff, 0xff, 0xff,
    0xff, 0xf9, 0x0, 0x0, 0x0, 0x0, 0x5, 0xbf,
    0xff, 0xff, 0xff, 0xff, 0xe9, 0x20, 0x0, 0x0,
    0x0, 0x0, 0x0, 0x0, 0x35, 0x77, 0x76, 0x52,
    0x0, 0x0, 0x0, 0x0,

    /* U+0039 "9" */
    0x0, 0x0, 0x0, 0x0, 0x36, 0x77, 0x64, 0x10,
    0x0, 0x0, 0x0, 0x0, 0x0, 0x0, 0x3, 0xaf,
    0xff, 0xff, 0xff, 0xfd, 0x81, 0x0, 0x0, 0x0,
    0x0, 0x0, 0xaf, 0xff, 0xff, 0xff, 0xff, 0xff,
    0xff, 0x60, 0x0, 0x0, 0x0, 0x1d, 0xff, 0xff,
    0xff, 0xff, 0xff, 0xff, 0xff, 0xf8, 0x0, 0x0,
    0x0, 0xcf, 0xff, 0xff, 0xff, 0xff, 0xff, 0xff,
    0xff, 0xff, 0x50, 0x0, 0x8, 0xff, 0xff, 0xff,
    0xfa, 0x76, 0x7b, 0xff, 0xff, 0xff, 0xe1, 0x0,
    0x1f, 0xff, 0xff, 0xfd, 0x20, 0x0, 0x0, 0x3e,
    0xff, 0xff, 0xf8, 0x0, 0x6f, 0xff, 0xff, 0xf2,
    0x0, 0x0, 0x0, 0x4, 0xff, 0xff, 0xfe, 0x0,
    0xaf, 0xff, 0xff, 0x90, 0x0, 0x0, 0x0, 0x0,
    0xbf, 0xff, 0xff, 0x30, 0xdf, 0xff, 0xff, 0x40,
    0x0, 0x0, 0x0, 0x0, 0x7f, 0xff, 0xff, 0x80,
    0xff, 0xff, 0xff, 0x20, 0x0, 0x0, 0x0, 0x0,
    0x4f, 0xff, 0xff, 0xb0, 0xff, 0xff, 0xff, 0x10,
    0x0, 0x0, 0x0, 0x0, 0x4f, 0xff, 0xff, 0xd0,
    0xef, 0xff, 0xff, 0x20, 0x0, 0x0, 0x0, 0x0,
    0x5f, 0xff, 0xff, 0xf0, 0xcf, 0xff, 0xff, 0x50,
    0x0, 0x0, 0x0, 0x0, 0x8f, 0xff, 0xff, 0xf1,
    0xaf, 0xff, 0xff, 0xb0, 0x0, 0x0, 0x0, 0x0,
    0xef, 0xff, 0xff, 0xf2, 0x5f, 0xff, 0xff, 0xf5,
    0x0, 0x0, 0x0, 0x8, 0xff, 0xff, 0xff, 0xf2,
    0xf, 0xff, 0xff, 0xff, 0x71, 0x0, 0x1, 0x9f,
    0xff, 0xff, 0xff, 0xf3, 0x8, 0xff, 0xff, 0xff,
    0xff, 0xdc, 0xdf, 0xff, 0xff, 0xff, 0xff, 0xf2,
    0x0, 0xdf, 0xff, 0xff, 0xff, 0xff, 0xff, 0xff,
    0xff, 0xff, 0xff, 0xf2, 0x0, 0x1d, 0xff, 0xff,
    0xff, 0xff, 0xff, 0xff, 0xae, 0xff, 0xff, 0xf1,
    0x0, 0x1, 0xaf, 0xff, 0xff, 0xff, 0xff, 0xe6,
    0xe, 0xff, 0xff, 0xf0, 0x0, 0x0, 0x2, 0x8c,
    0xef, 0xfe, 0xb6, 0x0, 0xf, 0xff, 0xff, 0xf0,
    0x0, 0x0, 0x0, 0x0, 0x0, 0x0, 0x0, 0x0,
    0xf, 0xff, 0xff, 0xd0, 0x0, 0x0, 0x0, 0x0,
    0x0, 0x0, 0x0, 0x0, 0x2f, 0xff, 0xff, 0xb0,
    0xb, 0xdd, 0xdd, 0xd1, 0x0, 0x0, 0x0, 0x0,
    0x4f, 0xff, 0xff, 0x80, 0xc, 0xff, 0xff, 0xf2,
    0x0, 0x0, 0x0, 0x0, 0x7f, 0xff, 0xff, 0x40,
    0xa, 0xff, 0xff, 0xf6, 0x0, 0x0, 0x0, 0x0,
    0xcf, 0xff, 0xff, 0x0, 0x7, 0xff, 0xff, 0xfb,
    0x0, 0x0, 0x0, 0x4, 0xff, 0xff, 0xfa, 0x0,
    0x2, 0xff, 0xff, 0xff, 0x70, 0x0, 0x0, 0x2e,
    0xff, 0xff, 0xf4, 0x0, 0x0, 0xcf, 0xff, 0xff,
    0xfc, 0x75, 0x6a, 0xff, 0xff, 0xff, 0xc0, 0x0,
    0x0, 0x3f, 0xff, 0xff, 0xff, 0xff, 0xff, 0xff,
    0xff, 0xff, 0x20, 0x0, 0x0, 0x7, 0xff, 0xff,
    0xff, 0xff, 0xff, 0xff, 0xff, 0xf5, 0x0, 0x0,
    0x0, 0x0, 0x6f, 0xff, 0xff, 0xff, 0xff, 0xff,
    0xfe, 0x40, 0x0, 0x0, 0x0, 0x0, 0x2, 0x9f,
    0xff, 0xff, 0xff, 0xfd, 0x81, 0x0, 0x0, 0x0,
    0x0, 0x0, 0x0, 0x0, 0x36, 0x77, 0x65, 0x20,
    0x0, 0x0, 0x0, 0x0,

    /* U+003A ":" */
    0xff, 0xff, 0xff, 0x1f, 0xff, 0xff, 0xf1, 0xff,
    0xff, 0xff, 0x1f, 0xff, 0xff, 0xf1, 0xff, 0xff,
    0xff, 0x1f, 0xff, 0xff, 0xf1, 0x23, 0x33, 0x33,
    0x0, 0x0, 0x0, 0x0, 0x0, 0x0, 0x0, 0x0,
    0x0, 0x0, 0x0, 0x0, 0x0, 0x0, 0x0, 0x0,
    0x0, 0x0, 0x0, 0x0, 0x0, 0x0, 0x0, 0x0,
    0x0, 0x0, 0x0, 0x0, 0x0, 0x0, 0x0, 0x0,
    0x0, 0x0, 0x0, 0x0, 0x0, 0x0, 0x0, 0x23,
    0x33, 0x33, 0xf, 0xff, 0xff, 0xf1, 0xff, 0xff,
    0xff, 0x1f, 0xff, 0xff, 0xf1, 0xff, 0xff, 0xff,
    0x1f, 0xff, 0xff, 0xf1, 0xff, 0xff, 0xff, 0x10,

    /* U+0041 "A" */
    0x0, 0x0, 0x0, 0x0, 0x0, 0x0, 0x2f, 0xff,
    0xff, 0xff, 0xf1, 0x0, 0x0, 0x0, 0x0, 0x0,
    0x0, 0x0, 0x0, 0x0, 0x0, 0x0, 0x0, 0x8f,
    0xff, 0xff, 0xff, 0xf8, 0x0, 0x0, 0x0, 0x0,
    0x0, 0x0, 0x0, 0x0, 0x0, 0x0, 0x0, 0x0,
    0xef, 0xff, 0xff, 0xff, 0xfe, 0x0, 0x0, 0x0,
    0x0, 0x0, 0x0, 0x0, 0x0, 0x0, 0x0, 0x0,
    0x4, 0xff, 0xff, 0xff, 0xff, 0xff, 0x40, 0x0,
    0x0, 0x0, 0x0, 0x0, 0x0, 0x0, 0x0, 0x0,
    0x0, 0xb, 0xff, 0xff, 0xff, 0xff, 0xff, 0xa0,
    0x0, 0x0, 0x0, 0x0, 0x0, 0x0, 0x0, 0x0,
    0x0, 0x0, 0x1f, 0xff, 0xff, 0xcf, 0xff, 0xff,
    0xf1, 0x0, 0x0, 0x0, 0x0, 0x0, 0x0, 0x0,
    0x0, 0x0, 0x0, 0x7f, 0xff, 0xff, 0x6b, 0xff,
    0xff, 0xf7, 0x0, 0x0, 0x0, 0x0, 0x0, 0x0,
    0x0, 0x0, 0x0, 0x0, 0xdf, 0xff, 0xff, 0x16,
    0xff, 0xff, 0xfd, 0x0, 0x0, 0x0, 0x0, 0x0,
    0x0, 0x0, 0x0, 0x0, 0x3, 0xff, 0xff, 0xfb,
    0x1, 0xff, 0xff, 0xff, 0x30, 0x0, 0x0, 0x0,
    0x0, 0x0, 0x0, 0x0, 0x0, 0xa, 0xff, 0xff,
    0xf6, 0x0, 0xbf, 0xff, 0xff, 0xa0, 0x0, 0x0,
    0x0, 0x0, 0x0, 0x0, 0x0, 0x0, 0xf, 0xff,
    0xff, 0xf1, 0x0, 0x6f, 0xff, 0xff, 0xf0, 0x0,
    0x0, 0x0, 0x0, 0x0, 0x0, 0x0, 0x0, 0x6f,
    0xff, 0xff, 0xa0, 0x0, 0x1f, 0xff, 0xff, 0xf6,
    0x0, 0x0, 0x0, 0x0, 0x0, 0x0, 0x0, 0x0,
    0xcf, 0xff, 0xff, 0x40, 0x0, 0xa, 0xff, 0xff,
    0xfc, 0x0, 0x0, 0x0, 0x0, 0x0, 0x0, 0x0,
    0x2, 0xff, 0xff, 0xfe, 0x0, 0x0, 0x4, 0xff,
    0xff, 0xff, 0x30, 0x0, 0x0, 0x0, 0x0, 0x0,
    0x0, 0x9, 0xff, 0xff, 0xf9, 0x0, 0x0, 0x0,
    0xef, 0xff, 0xff, 0x90, 0x0, 0x0, 0x0, 0x0,
    0x0, 0x0, 0xe, 0xff, 0xff, 0xf3, 0x0, 0x0,
    0x0, 0x8f, 0xff, 0xff, 0xe0, 0x0, 0x0, 0x0,
    0x0, 0x0, 0x0, 0x5f, 0xff, 0xff, 0xd0, 0x0,
    0x0, 0x0, 0x2f, 0xff, 0xff, 0xf5, 0x0, 0x0,
    0x0, 0x0, 0x0, 0x0, 0xbf, 0xff, 0xff, 0x70,
    0x0, 0x0, 0x0, 0xc, 0xff, 0xff, 0xfb, 0x0,
    0x0, 0x0, 0x0, 0x0, 0x2, 0xff, 0xff, 0xff,
    0x10, 0x0, 0x0, 0x0, 0x6, 0xff, 0xff, 0xff,
    0x20, 0x0, 0x0, 0x0, 0x0, 0x8, 0xff, 0xff,
    0xfb, 0x0, 0x0, 0x0, 0x0, 0x1, 0xff, 0xff,
    0xff, 0x80, 0x0, 0x0, 0x0, 0x0, 0xe, 0xff,
    0xff, 0xf9, 0x55, 0x55, 0x55, 0x55, 0x55, 0xdf,
    0xff, 0xff, 0xe0, 0x0, 0x0, 0x0, 0x0, 0x4f,
    0xff, 0xff, 0xff, 0xff, 0xff, 0xff, 0xff, 0xff,
    0xff, 0xff, 0xff, 0xf4, 0x0, 0x0, 0x0, 0x0,
    0xaf, 0xff, 0xff, 0xff, 0xff, 0xff, 0xff, 0xff,
    0xff, 0xff, 0xff, 0xff, 0xfb, 0x0, 0x0, 0x0,
    0x1, 0xff, 0xff, 0xff, 0xff, 0xff, 0xff, 0xff,
    0xff, 0xff, 0xff, 0xff, 0xff, 0xff, 0x10, 0x0,
    0x0, 0x7, 0xff, 0xff, 0xff, 0xff, 0xff, 0xff,
    0xff, 0xff, 0xff, 0xff, 0xff, 0xff, 0xff, 0x70,
    0x0, 0x0, 0xd, 0xff, 0xff, 0xff, 0xff, 0xff,
    0xff, 0xff, 0xff, 0xff, 0xff, 0xff, 0xff, 0xff,
    0xd0, 0x0, 0x0, 0x3f, 0xff, 0xff, 0xf2, 0x0,
    0x0, 0x0, 0x0, 0x0, 0x0, 0x0, 0x6f, 0xff,
    0xff, 0xf4, 0x0, 0x0, 0xaf, 0xff, 0xff, 0xb0,
    0x0, 0x0, 0x0, 0x0, 0x0, 0x0, 0x0, 0x1f,
    0xff, 0xff, 0xfa, 0x0, 0x0, 0xff, 0xff, 0xff,
    0x50, 0x0, 0x0, 0x0, 0x0, 0x0, 0x0, 0x0,
    0xa, 0xff, 0xff, 0xff, 0x10, 0x6, 0xff, 0xff,
    0xff, 0x0, 0x0, 0x0, 0x0, 0x0, 0x0, 0x0,
    0x0, 0x4, 0xff, 0xff, 0xff, 0x60, 0xc, 0xff,
    0xff, 0xf9, 0x0, 0x0, 0x0, 0x0, 0x0, 0x0,
    0x0, 0x0, 0x0, 0xef, 0xff, 0xff, 0xd0, 0x2f,
    0xff, 0xff, 0xf3, 0x0, 0x0, 0x0, 0x0, 0x0,
    0x0, 0x0, 0x0, 0x0, 0x8f, 0xff, 0xff, 0xf3,
    0x9f, 0xff, 0xff, 0xd0, 0x0, 0x0, 0x0, 0x0,
    0x0, 0x0, 0x0, 0x0, 0x0, 0x2f, 0xff, 0xff,
    0xf9,

    /* U+0042 "B" */
    0x5f, 0xff, 0xff, 0xff, 0xff, 0xff, 0xff, 0xff,
    0xff, 0xff, 0xda, 0x40, 0x0, 0x0, 0x5, 0xff,
    0xff, 0xff, 0xff, 0xff, 0xff, 0xff, 0xff, 0xff,
    0xff, 0xff, 0xd3, 0x0, 0x0, 0x5f, 0xff, 0xff,
    0xff, 0xff, 0xff, 0xff, 0xff, 0xff, 0xff, 0xff,
    0xff, 0xf6, 0x0, 0x5, 0xff, 0xff, 0xff, 0xff,
    0xff, 0xff, 0xff, 0xff, 0xff, 0xff, 0xff, 0xff,
    0xf4, 0x0, 0x5f, 0xff, 0xff, 0xff, 0xff, 0xff,
    0xff, 0xff, 0xff, 0xff, 0xff, 0xff, 0xff, 0xe0,
    0x5, 0xff, 0xff, 0xfe, 0x55, 0x55, 0x55, 0x55,
    0x55, 0x68, 0xdf, 0xff, 0xff, 0xff, 0x50, 0x5f,
    0xff, 0xff, 0xe0, 0x0, 0x0, 0x0, 0x0, 0x0,
    0x0, 0xaf, 0xff, 0xff, 0xf9, 0x5, 0xff, 0xff,
    0xfe, 0x0, 0x0, 0x0, 0x0, 0x0, 0x0, 0x1,
    0xff, 0xff, 0xff, 0xc0, 0x5f, 0xff, 0xff, 0xe0,
    0x0, 0x0, 0x0, 0x0, 0x0, 0x0, 0xb, 0xff,
    0xff, 0xfc, 0x5, 0xff, 0xff, 0xfe, 0x0, 0x0,
    0x0, 0x0, 0x0, 0x0, 0x0, 0xaf, 0xff, 0xff,
    0xb0, 0x5f, 0xff, 0xff, 0xe0, 0x0, 0x0, 0x0,
    0x0, 0x0, 0x0, 0xb, 0xff, 0xff, 0xf7, 0x5,
    0xff, 0xff, 0xfe, 0x0, 0x0, 0x0, 0x0, 0x0,
    0x0, 0x1, 0xff, 0xff, 0xff, 0x20, 0x5f, 0xff,
    0xff, 0xe0, 0x0, 0x0, 0x0, 0x0, 0x0, 0x0,
    0xbf, 0xff, 0xff, 0xa0, 0x5, 0xff, 0xff, 0xfe,
    0x44, 0x44, 0x44, 0x44, 0x44, 0x58, 0xef, 0xff,
    0xff, 0xd1, 0x0, 0x5f, 0xff, 0xff, 0xff, 0xff,
    0xff, 0xff, 0xff, 0xff, 0xff, 0xff, 0xff, 0xc2,
    0x0, 0x5, 0xff, 0xff, 0xff, 0xff, 0xff, 0xff,
    0xff, 0xff, 0xff, 0xff, 0xfe, 0x70, 0x0, 0x0,
    0x5f, 0xff, 0xff, 0xff, 0xff, 0xff, 0xff, 0xff,
    0xff, 0xff, 0xff, 0xd8, 0x10, 0x0, 0x5, 0xff,
    0xff, 0xff, 0xff, 0xff, 0xff, 0xff, 0xff, 0xff,
    0xff, 0xff, 0xff, 0x70, 0x0, 0x5f, 0xff, 0xff,
    0xff, 0xff, 0xff, 0xff, 0xff, 0xff, 0xff, 0xff,
    0xff, 0xff, 0x90, 0x5, 0xff, 0xff, 0xfe, 0x0,
    0x0, 0x0, 0x0, 0x0, 0x1, 0x5c, 0xff, 0xff,
    0xff, 0x60, 0x5f, 0xff, 0xff, 0xe0, 0x0, 0x0,
    0x0, 0x0, 0x0, 0x0, 0xa, 0xff, 0xff, 0xfe,
    0x5, 0xff, 0xff, 0xfe, 0x0, 0x0, 0x0, 0x0,
    0x0, 0x0, 0x0, 0x1f, 0xff, 0xff, 0xf5, 0x5f,
    0xff, 0xff, 0xe0, 0x0, 0x0, 0x0, 0x0, 0x0,
    0x0, 0x0, 0xcf, 0xff, 0xff, 0x95, 0xff, 0xff,
    0xfe, 0x0, 0x0, 0x0, 0x0, 0x0, 0x0, 0x0,
    0xb, 0xff, 0xff, 0xfa, 0x5f, 0xff, 0xff, 0xe0,
    0x0, 0x0, 0x0, 0x0, 0x0, 0x0, 0x0, 0xdf,
    0xff, 0xff, 0xb5, 0xff, 0xff, 0xfe, 0x0, 0x0,
    0x0, 0x0, 0x0, 0x0, 0x0, 0x2f, 0xff, 0xff,
    0xfa, 0x5f, 0xff, 0xff, 0xe0, 0x0, 0x0, 0x0,
    0x0, 0x0, 0x0, 0x1d, 0xff, 0xff, 0xff, 0x75,
    0xff, 0xff, 0xfe, 0x55, 0x55, 0x55, 0x55, 0x55,
    0x56, 0x9f, 0xff, 0xff, 0xff, 0xf2, 0x5f, 0xff,
    0xff, 0xff, 0xff, 0xff, 0xff, 0xff, 0xff, 0xff,
    0xff, 0xff, 0xff, 0xfa, 0x5, 0xff, 0xff, 0xff,
    0xff, 0xff, 0xff, 0xff, 0xff, 0xff, 0xff, 0xff,
    0xff, 0xfe, 0x10, 0x5f, 0xff, 0xff, 0xff, 0xff,
    0xff, 0xff, 0xff, 0xff, 0xff, 0xff, 0xff, 0xfe,
    0x20, 0x5, 0xff, 0xff, 0xff, 0xff, 0xff, 0xff,
    0xff, 0xff, 0xff, 0xff, 0xff, 0xf9, 0x10, 0x0,
    0x5f, 0xff, 0xff, 0xff, 0xff, 0xff, 0xff, 0xff,
    0xff, 0xfe, 0xda, 0x61, 0x0, 0x0, 0x0,

    /* U+0043 "C" */
    0x0, 0x0, 0x0, 0x0, 0x0, 0x0, 0x35, 0x67,
    0x77, 0x53, 0x0, 0x0, 0x0, 0x0, 0x0, 0x0,
    0x0, 0x0, 0x0, 0x1, 0x7c, 0xff, 0xff, 0xff,
    0xff, 0xff, 0xc7, 0x10, 0x0, 0x0, 0x0, 0x0,
    0x0, 0x0, 0x19, 0xff, 0xff, 0xff, 0xff, 0xff,
    0xff, 0xff, 0xff, 0x91, 0x0, 0x0, 0x0, 0x0,
    0x0, 0x4e, 0xff, 0xff, 0xff, 0xff, 0xff, 0xff,
    0xff, 0xff, 0xff, 0xe4, 0x0, 0x0, 0x0, 0x0,
    0x6f, 0xff, 0xff, 0xff, 0xff, 0xff, 0xff, 0xff,
    0xff, 0xff, 0xff, 0xf5, 0x0, 0x0, 0x0, 0x5f,
    0xff, 0xff, 0xff, 0xff, 0xff, 0xdd, 0xff, 0xff,
    0xff, 0xff, 0xff, 0xf4, 0x0, 0x0, 0x2f, 0xff,
    0xff, 0xff, 0xfc, 0x61, 0x0, 0x0, 0x16, 0xcf,
    0xff, 0xff, 0xff, 0xe0, 0x0, 0xb, 0xff, 0xff,
    0xff, 0xe5, 0x0, 0x0, 0x0, 0x0, 0x0, 0x6f,
    0xff, 0xff, 0xff, 0x80, 0x3, 0xff, 0xff, 0xff,
    0xe2, 0x0, 0x0, 0x0, 0x0, 0x0, 0x0, 0x5f,
    0xff, 0xff, 0xfe, 0x0, 0x9f, 0xff, 0xff, 0xf5,
    0x0, 0x0, 0x0, 0x0, 0x0, 0x0, 0x0, 0x9f,
    0xff, 0xff, 0xf3, 0xe, 0xff, 0xff, 0xfc, 0x0,
    0x0, 0x0, 0x0, 0x0, 0x0, 0x0, 0x2, 0xff,
    0xff, 0xff, 0x63, 0xff, 0xff, 0xff, 0x60, 0x0,
    0x0, 0x0, 0x0, 0x0, 0x0, 0x0, 0xd, 0xff,
    0xff, 0xf9, 0x6f, 0xff, 0xff, 0xf1, 0x0, 0x0,
    0x0, 0x0, 0x0, 0x0, 0x0, 0x0, 0xbf, 0xff,
    0xff, 0xa9, 0xff, 0xff, 0xfe, 0x0, 0x0, 0x0,
    0x0, 0x0, 0x0, 0x0, 0x0, 0x2, 0x33, 0x33,
    0x32, 0xbf, 0xff, 0xff, 0xb0, 0x0, 0x0, 0x0,
    0x0, 0x0, 0x0, 0x0, 0x0, 0x0, 0x0, 0x0,
    0xc, 0xff, 0xff, 0xfa, 0x0, 0x0, 0x0, 0x0,
    0x0, 0x0, 0x0, 0x0, 0x0, 0x0, 0x0, 0x0,
    0xdf, 0xff, 0xff, 0x90, 0x0, 0x0, 0x0, 0x0,
    0x0, 0x0, 0x0, 0x0, 0x0, 0x0, 0x0, 0xd,
    0xff, 0xff, 0xf9, 0x0, 0x0, 0x0, 0x0, 0x0,
    0x0, 0x0, 0x0, 0x0, 0x0, 0x0, 0x0, 0xcf,
    0xff, 0xff, 0x90, 0x0, 0x0, 0x0, 0x0, 0x0,
    0x0, 0x0, 0x0, 0x0, 0x0, 0x0, 0xc, 0xff,
    0xff, 0xfa, 0x0, 0x0, 0x0, 0x0, 0x0, 0x0,
    0x0, 0x0, 0x0, 0x0, 0x0, 0x0, 0xbf, 0xff,
    0xff, 0xb0, 0x0, 0x0, 0x0, 0x0, 0x0, 0x0,
    0x0, 0x0, 0x0, 0x0, 0x0, 0x9, 0xff, 0xff,
    0xfd, 0x0, 0x0, 0x0, 0x0, 0x0, 0x0, 0x0,
    0x0, 0x1, 0x22, 0x22, 0x21, 0x6f, 0xff, 0xff,
    0xf1, 0x0, 0x0, 0x0, 0x0, 0x0, 0x0, 0x0,
    0x0, 0x7f, 0xff, 0xff, 0xa3, 0xff, 0xff, 0xff,
    0x50, 0x0, 0x0, 0x0, 0x0, 0x0, 0x0, 0x0,
    0x9, 0xff, 0xff, 0xf9, 0xf, 0xff, 0xff, 0xfc,
    0x0, 0x0, 0x0, 0x0, 0x0, 0x0, 0x0, 0x0,
    0xdf, 0xff, 0xff, 0x70, 0xaf, 0xff, 0xff, 0xf4,
    0x0, 0x0, 0x0, 0x0, 0x0, 0x0, 0x0, 0x4f,
    0xff, 0xff, 0xf4, 0x3, 0xff, 0xff, 0xff, 0xe2,
    0x0, 0x0, 0x0, 0x0, 0x0, 0x0, 0x1e, 0xff,
    0xff, 0xfe, 0x0, 0xc, 0xff, 0xff, 0xff, 0xe4,
    0x0, 0x0, 0x0, 0x0, 0x0, 0x3d, 0xff, 0xff,
    0xff, 0x90, 0x0, 0x3f, 0xff, 0xff, 0xff, 0xfb,
    0x51, 0x0, 0x0, 0x4, 0xaf, 0xff, 0xff, 0xff,
    0xf1, 0x0, 0x0, 0x7f, 0xff, 0xff, 0xff, 0xff,
    0xfe, 0xdd, 0xef, 0xff, 0xff, 0xff, 0xff, 0xf5,
    0x0, 0x0, 0x0, 0x8f, 0xff, 0xff, 0xff, 0xff,
    0xff, 0xff, 0xff, 0xff, 0xff, 0xff, 0xf7, 0x0,
    0x0, 0x0, 0x0, 0x6f, 0xff, 0xff, 0xff, 0xff,
    0xff, 0xff, 0xff, 0xff, 0xff, 0xf6, 0x0, 0x0,
    0x0, 0x0, 0x0, 0x2b, 0xff, 0xff, 0xff, 0xff,
    0xff, 0xff, 0xff, 0xff, 0xa2, 0x0, 0x0, 0x0,
    0x0, 0x0, 0x0, 0x2, 0x8c, 0xff, 0xff, 0xff,
    0xff, 0xff, 0xd8, 0x20, 0x0, 0x0, 0x0, 0x0,
    0x0, 0x0, 0x0, 0x0, 0x0, 0x35, 0x67, 0x77,
    0x53, 0x10, 0x0, 0x0, 0x0, 0x0, 0x0,

    /* U+0044 "D" */
    0x5f, 0xff, 0xff, 0xff, 0xff, 0xff, 0xff, 0xfe,
    0xdb, 0x84, 0x0, 0x0, 0x0, 0x0, 0x0, 0x5f,
    0xff, 0xff, 0xff, 0xff, 0xff, 0xff, 0xff, 0xff,
    0xff, 0xf9, 0x20, 0x0, 0x0, 0x0, 0x5f, 0xff,
    0xff, 0xff, 0xff, 0xff, 0xff, 0xff, 0xff, 0xff,
    0xff, 0xf8, 0x0, 0x0, 0x0, 0x5f, 0xff, 0xff,
    0xff, 0xff, 0xff, 0xff, 0xff, 0xff, 0xff, 0xff,
    0xff, 0xc1, 0x0, 0x0, 0x5f, 0xff, 0xff, 0xff,
    0xff, 0xff, 0xff, 0xff, 0xff, 0xff, 0xff, 0xff,
    0xfd, 0x10, 0x0, 0x5f, 0xff, 0xff, 0xe5, 0x55,
    0x55, 0x55, 0x67, 0xae, 0xff, 0xff, 0xff, 0xff,
    0xc0, 0x0, 0x5f, 0xff, 0xff, 0xe0, 0x0, 0x0,
    0x0, 0x0, 0x0, 0x5d, 0xff, 0xff, 0xff, 0xf6,
    0x0, 0x5f, 0xff, 0xff, 0xe0, 0x0, 0x0, 0x0,
    0x0, 0x0, 0x0, 0xaf, 0xff, 0xff, 0xff, 0x0,
    0x5f, 0xff, 0xff, 0xe0, 0x0, 0x0, 0x0, 0x0,
    0x0, 0x0, 0xb, 0xff, 0xff, 0xff, 0x60, 0x5f,
    0xff, 0xff, 0xe0, 0x0, 0x0, 0x0, 0x0, 0x0,
    0x0, 0x1, 0xff, 0xff, 0xff, 0xc0, 0x5f, 0xff,
    0xff, 0xe0, 0x0, 0x0, 0x0, 0x0, 0x0, 0x0,
    0x0, 0x9f, 0xff, 0xff, 0xf1, 0x5f, 0xff, 0xff,
    0xe0, 0x0, 0x0, 0x0, 0x0, 0x0, 0x0, 0x0,
    0x3f, 0xff, 0xff, 0xf5, 0x5f, 0xff, 0xff, 0xe0,
    0x0, 0x0, 0x0, 0x0, 0x0, 0x0, 0x0, 0xf,
    0xff, 0xff, 0xf7, 0x5f, 0xff, 0xff, 0xe0, 0x0,
    0x0, 0x0, 0x0, 0x0, 0x0, 0x0, 0xd, 0xff,
    0xff, 0xf9, 0x5f, 0xff, 0xff, 0xe0, 0x0, 0x0,
    0x0, 0x0, 0x0, 0x0, 0x0, 0xb, 0xff, 0xff,
    0xfb, 0x5f, 0xff, 0xff, 0xe0, 0x0, 0x0, 0x0,
    0x0, 0x0, 0x0, 0x0, 0xa, 0xff, 0xff, 0xfb,
    0x5f, 0xff, 0xff, 0xe0, 0x0, 0x0, 0x0, 0x0,
    0x0, 0x0, 0x0, 0xa, 0xff, 0xff, 0xfc, 0x5f,
    0xff, 0xff, 0xe0, 0x0, 0x0, 0x0, 0x0, 0x0,
    0x0, 0x0, 0xa, 0xff, 0xff, 0xfb, 0x5f, 0xff,
    0xff, 0xe0, 0x0, 0x0, 0x0, 0x0, 0x0, 0x0,
    0x0, 0xb, 0xff, 0xff, 0xfb, 0x5f, 0xff, 0xff,
    0xe0, 0x0, 0x0, 0x0, 0x0, 0x0, 0x0, 0x0,
    0xd, 0xff, 0xff, 0xf9, 0x5f, 0xff, 0xff, 0xe0,
    0x0, 0x0, 0x0, 0x0, 0x0, 0x0, 0x0, 0xf,
    0xff, 0xff, 0xf7, 0x5f, 0xff, 0xff, 0xe0, 0x0,
    0x0, 0x0, 0x0, 0x0, 0x0, 0x0, 0x3f, 0xff,
    0xff, 0xf4, 0x5f, 0xff, 0xff, 0xe0, 0x0, 0x0,
    0x0, 0x0, 0x0, 0x0, 0x0, 0x9f, 0xff, 0xff,
    0xf1, 0x5f, 0xff, 0xff, 0xe0, 0x0, 0x0, 0x0,
    0x0, 0x0, 0x0, 0x1, 0xff, 0xff, 0xff, 0xc0,
    0x5f, 0xff, 0xff, 0xe0, 0x0, 0x0, 0x0, 0x0,
    0x0, 0x0, 0xb, 0xff, 0xff, 0xff, 0x60, 0x5f,
    0xff, 0xff, 0xe0, 0x0, 0x0, 0x0, 0x0, 0x0,
    0x0, 0xaf, 0xff, 0xff, 0xfe, 0x0, 0x5f, 0xff,
    0xff, 0xe0, 0x0, 0x0, 0x0, 0x0, 0x0, 0x5d,
    0xff, 0xff, 0xff, 0xf6, 0x0, 0x5f, 0xff, 0xff,
    0xe5, 0x55, 0x55, 0x55, 0x67, 0xae, 0xff, 0xff,
    0xff, 0xff, 0xc0, 0x0, 0x5f, 0xff, 0xff, 0xff,
    0xff, 0xff, 0xff, 0xff, 0xff, 0xff, 0xff, 0xff,
    0xfd, 0x10, 0x0, 0x5f, 0xff, 0xff, 0xff, 0xff,
    0xff, 0xff, 0xff, 0xff, 0xff, 0xff, 0xff, 0xc1,
    0x0, 0x0, 0x5f, 0xff, 0xff, 0xff, 0xff, 0xff,
    0xff, 0xff, 0xff, 0xff, 0xff, 0xf8, 0x0, 0x0,
    0x0, 0x5f, 0xff, 0xff, 0xff, 0xff, 0xff, 0xff,
    0xff, 0xff, 0xff, 0xf9, 0x20, 0x0, 0x0, 0x0,
    0x5f, 0xff, 0xff, 0xff, 0xff, 0xff, 0xff, 0xfe,
    0xdb, 0x84, 0x0, 0x0, 0x0, 0x0, 0x0,

    /* U+0045 "E" */
    0x5f, 0xff, 0xff, 0xff, 0xff, 0xff, 0xff, 0xff,
    0xff, 0xff, 0xff, 0xff, 0xff, 0x55, 0xff, 0xff,
    0xff, 0xff, 0xff, 0xff, 0xff, 0xff, 0xff, 0xff,
    0xff, 0xff, 0xf5, 0x5f, 0xff, 0xff, 0xff, 0xff,
    0xff, 0xff, 0xff, 0xff, 0xff, 0xff, 0xff, 0xff,
    0x55, 0xff, 0xff, 0xff, 0xff, 0xff, 0xff, 0xff,
    0xff, 0xff, 0xff, 0xff, 0xff, 0xf5, 0x5f, 0xff,
    0xff, 0xff, 0xff, 0xff, 0xff, 0xff, 0xff, 0xff,
    0xff, 0xff, 0xff, 0x55, 0xff, 0xff, 0xfe, 0x55,
    0x55, 0x55, 0x55, 0x55, 0x55, 0x55, 0x55, 0x55,
    0x51, 0x5f, 0xff, 0xff, 0xe0, 0x0, 0x0, 0x0,
    0x0, 0x0, 0x0, 0x0, 0x0, 0x0, 0x5, 0xff,
    0xff, 0xfe, 0x0, 0x0, 0x0, 0x0, 0x0, 0x0,
    0x0, 0x0, 0x0, 0x0, 0x5f, 0xff, 0xff, 0xe0,
    0x0, 0x0, 0x0, 0x0, 0x0, 0x0, 0x0, 0x0,
    0x0, 0x5, 0xff, 0xff, 0xfe, 0x0, 0x0, 0x0,
    0x0, 0x0, 0x0, 0x0, 0x0, 0x0, 0x0, 0x5f,
    0xff, 0xff, 0xe0, 0x0, 0x0, 0x0, 0x0, 0x0,
    0x0, 0x0, 0x0, 0x0, 0x5, 0xff, 0xff, 0xfe,
    0x0, 0x0, 0x0, 0x0, 0x0, 0x0, 0x0, 0x0,
    0x0, 0x0, 0x5f, 0xff, 0xff, 0xe0, 0x0, 0x0,
    0x0, 0x0, 0x0, 0x0, 0x0, 0x0, 0x0, 0x5,
    0xff, 0xff, 0xfe, 0x66, 0x66, 0x66, 0x66, 0x66,
    0x66, 0x66, 0x66, 0x61, 0x0, 0x5f, 0xff, 0xff,
    0xff, 0xff, 0xff, 0xff, 0xff, 0xff, 0xff, 0xff,
    0xff, 0x30, 0x5, 0xff, 0xff, 0xff, 0xff, 0xff,
    0xff, 0xff, 0xff, 0xff, 0xff, 0xff, 0xf3, 0x0,
    0x5f, 0xff, 0xff, 0xff, 0xff, 0xff, 0xff, 0xff,
    0xff, 0xff, 0xff, 0xff, 0x30, 0x5, 0xff, 0xff,
    0xff, 0xff, 0xff, 0xff, 0xff, 0xff, 0xff, 0xff,
    0xff, 0xf3, 0x0, 0x5f, 0xff, 0xff, 0xff, 0xff,
    0xff, 0xff, 0xff, 0xff, 0xff, 0xff, 0xff, 0x30,
    0x5, 0xff, 0xff, 0xfe, 0x0, 0x0, 0x0, 0x0,
    0x0, 0x0, 0x0, 0x0, 0x0, 0x0, 0x5f, 0xff,
    0xff, 0xe0, 0x0, 0x0, 0x0, 0x0, 0x0, 0x0,
    0x0, 0x0, 0x0, 0x5, 0xff, 0xff, 0xfe, 0x0,
    0x0, 0x0, 0x0, 0x0, 0x0, 0x0, 0x0, 0x0,
    0x0, 0x5f, 0xff, 0xff, 0xe0, 0x0, 0x0, 0x0,
    0x0, 0x0, 0x0, 0x0, 0x0, 0x0, 0x5, 0xff,
    0xff, 0xfe, 0x0, 0x0, 0x0, 0x0, 0x0, 0x0,
    0x0, 0x0, 0x0, 0x0, 0x5f, 0xff, 0xff, 0xe0,
    0x0, 0x0, 0x0, 0x0, 0x0, 0x0, 0x0, 0x0,
    0x0, 0x5, 0xff, 0xff, 0xfe, 0x0, 0x0, 0x0,
    0x0, 0x0, 0x0, 0x0, 0x0, 0x0, 0x0, 0x5f,
    0xff, 0xff, 0xe0, 0x0, 0x0, 0x0, 0x0, 0x0,
    0x0, 0x0, 0x0, 0x0, 0x5, 0xff, 0xff, 0xfe,
    0x55, 0x55, 0x55, 0x55, 0x55, 0x55, 0x55, 0x55,
    0x55, 0x53, 0x5f, 0xff, 0xff, 0xff, 0xff, 0xff,
    0xff, 0xff, 0xff, 0xff, 0xff, 0xff, 0xff, 0x95,
    0xff, 0xff, 0xff, 0xff, 0xff, 0xff, 0xff, 0xff,
    0xff, 0xff, 0xff, 0xff, 0xf9, 0x5f, 0xff, 0xff,
    0xff, 0xff, 0xff, 0xff, 0xff, 0xff, 0xff, 0xff,
    0xff, 0xff, 0x95, 0xff, 0xff, 0xff, 0xff, 0xff,
    0xff, 0xff, 0xff, 0xff, 0xff, 0xff, 0xff, 0xf9,
    0x5f, 0xff, 0xff, 0xff, 0xff, 0xff, 0xff, 0xff,
    0xff, 0xff, 0xff, 0xff, 0xff, 0x90,

    /* U+0046 "F" */
    0x5f, 0xff, 0xff, 0xff, 0xff, 0xff, 0xff, 0xff,
    0xff, 0xff, 0xff, 0xff, 0x55, 0xff, 0xff, 0xff,
    0xff, 0xff, 0xff, 0xff, 0xff, 0xff, 0xff, 0xff,
    0xf5, 0x5f, 0xff, 0xff, 0xff, 0xff, 0xff, 0xff,
    0xff, 0xff, 0xff, 0xff, 0xff, 0x55, 0xff, 0xff,
    0xff, 0xff, 0xff, 0xff, 0xff, 0xff, 0xff, 0xff,
    0xff, 0xf5, 0x5f, 0xff, 0xff, 0xff, 0xff, 0xff,
    0xff, 0xff, 0xff, 0xff, 0xff, 0xff, 0x55, 0xff,
    0xff, 0xfe, 0x55, 0x55, 0x55, 0x55, 0x55, 0x55,
    0x55, 0x55, 0x51, 0x5f, 0xff, 0xff, 0xe0, 0x0,
    0x0, 0x0, 0x0, 0x0, 0x0, 0x0, 0x0, 0x5,
    0xff, 0xff, 0xfe, 0x0, 0x0, 0x0, 0x0, 0x0,
    0x0, 0x0, 0x0, 0x0, 0x5f, 0xff, 0xff, 0xe0,
    0x0, 0x0, 0x0, 0x0, 0x0, 0x0, 0x0, 0x0,
    0x5, 0xff, 0xff, 0xfe, 0x0, 0x0, 0x0, 0x0,
    0x0, 0x0, 0x0, 0x0, 0x0, 0x5f, 0xff, 0xff,
    0xe0, 0x0, 0x0, 0x0, 0x0, 0x0, 0x0, 0x0,
    0x0, 0x5, 0xff, 0xff, 0xfe, 0x0, 0x0, 0x0,
    0x0, 0x0, 0x0, 0x0, 0x0, 0x0, 0x5f, 0xff,
    0xff, 0xe0, 0x0, 0x0, 0x0, 0x0, 0x0, 0x0,
    0x0, 0x0, 0x5, 0xff, 0xff, 0xfe, 0x0, 0x0,
    0x0, 0x0, 0x0, 0x0, 0x0, 0x0, 0x0, 0x5f,
    0xff, 0xff, 0xff, 0xff, 0xff, 0xff, 0xff, 0xff,
    0xff, 0xff, 0x90, 0x5, 0xff, 0xff, 0xff, 0xff,
    0xff, 0xff, 0xff, 0xff, 0xff, 0xff, 0xf9, 0x0,
    0x5f, 0xff, 0xff, 0xff, 0xff, 0xff, 0xff, 0xff,
    0xff, 0xff, 0xff, 0x90, 0x5, 0xff, 0xff, 0xff,
    0xff, 0xff, 0xff, 0xff, 0xff, 0xff, 0xff, 0xf9,
    0x0, 0x5f, 0xff, 0xff, 0xff, 0xff, 0xff, 0xff,
    0xff, 0xff, 0xff, 0xff, 0x90, 0x5, 0xff, 0xff,
    0xfe, 0x55, 0x55, 0x55, 0x55, 0x55, 0x55, 0x55,
    0x53, 0x0, 0x5f, 0xff, 0xff, 0xe0, 0x0, 0x0,
    0x0, 0x0, 0x0, 0x0, 0x0, 0x0, 0x5, 0xff,
    0xff, 0xfe, 0x0, 0x0, 0x0, 0x0, 0x0, 0x0,
    0x0, 0x0, 0x0, 0x5f, 0xff, 0xff, 0xe0, 0x0,
    0x0, 0x0, 0x0, 0x0, 0x0, 0x0, 0x0, 0x5,
    0xff, 0xff, 0xfe, 0x0, 0x0, 0x0, 0x0, 0x0,
    0x0, 0x0, 0x0, 0x0, 0x5f, 0xff, 0xff, 0xe0,
    0x0, 0x0, 0x0, 0x0, 0x0, 0x0, 0x0, 0x0,
    0x5, 0xff, 0xff, 0xfe, 0x0, 0x0, 0x0, 0x0,
    0x0, 0x0, 0x0, 0x0, 0x0, 0x5f, 0xff, 0xff,
    0xe0, 0x0, 0x0, 0x0, 0x0, 0x0, 0x0, 0x0,
    0x0, 0x5, 0xff, 0xff, 0xfe, 0x0, 0x0, 0x0,
    0x0, 0x0, 0x0, 0x0, 0x0, 0x0, 0x5f, 0xff,
    0xff, 0xe0, 0x0, 0x0, 0x0, 0x0, 0x0, 0x0,
    0x0, 0x0, 0x5, 0xff, 0xff, 0xfe, 0x0, 0x0,
    0x0, 0x0, 0x0, 0x0, 0x0, 0x0, 0x0, 0x5f,
    0xff, 0xff, 0xe0, 0x0, 0x0, 0x0, 0x0, 0x0,
    0x0, 0x0, 0x0, 0x5, 0xff, 0xff, 0xfe, 0x0,
    0x0, 0x0, 0x0, 0x0, 0x0, 0x0, 0x0, 0x0,
    0x5f, 0xff, 0xff, 0xe0, 0x0, 0x0, 0x0, 0x0,
    0x0, 0x0, 0x0, 0x0, 0x0,

    /* U+0047 "G" */
    0x0, 0x0, 0x0, 0x0, 0x0, 0x0, 0x3, 0x56,
    0x77, 0x65, 0x41, 0x0, 0x0, 0x0, 0x0, 0x0,
    0x0, 0x0, 0x0, 0x0, 0x0, 0x28, 0xcf, 0xff,
    0xff, 0xff, 0xff, 0xfe, 0xb5, 0x0, 0x0, 0x0,
    0x0, 0x0, 0x0, 0x0, 0x2, 0xbf, 0xff, 0xff,
    0xff, 0xff, 0xff, 0xff, 0xff, 0xff, 0x91, 0x0,
    0x0, 0x0, 0x0, 0x0, 0x8, 0xff, 0xff, 0xff,
    0xff, 0xff, 0xff, 0xff, 0xff, 0xff, 0xff, 0xf6,
    0x0, 0x0, 0x0, 0x0, 0xb, 0xff, 0xff, 0xff,
    0xff, 0xff, 0xff, 0xff, 0xff, 0xff, 0xff, 0xff,
    0xf8, 0x0, 0x0, 0x0, 0xb, 0xff, 0xff, 0xff,
    0xff, 0xff, 0xfe, 0xde, 0xff, 0xff, 0xff, 0xff,
    0xff, 0xf7, 0x0, 0x0, 0x8, 0xff, 0xff, 0xff,
    0xff, 0xb5, 0x20, 0x0, 0x0, 0x26, 0xcf, 0xff,
    0xff, 0xff, 0xf3, 0x0, 0x3, 0xff, 0xff, 0xff,
    0xfc, 0x20, 0x0, 0x0, 0x0, 0x0, 0x0, 0x5e,
    0xff, 0xff, 0xff, 0xc0, 0x0, 0xbf, 0xff, 0xff,
    0xfb, 0x0, 0x0, 0x0, 0x0, 0x0, 0x0, 0x0,
    0x2f, 0xff, 0xff, 0xff, 0x30, 0x2f, 0xff, 0xff,
    0xfd, 0x0, 0x0, 0x0, 0x0, 0x0, 0x0, 0x0,
    0x0, 0x6f, 0xff, 0xff, 0xf7, 0x7, 0xff, 0xff,
    0xff, 0x40, 0x0, 0x0, 0x0, 0x0, 0x0, 0x0,
    0x0, 0x0, 0xef, 0xff, 0xff, 0xa0, 0xcf, 0xff,
    0xff, 0xd0, 0x0, 0x0, 0x0, 0x0, 0x0, 0x0,
    0x0, 0x0, 0xc, 0xff, 0xff, 0xfb, 0xf, 0xff,
    0xff, 0xf8, 0x0, 0x0, 0x0, 0x0, 0x0, 0x0,
    0x0, 0x0, 0x0, 0x11, 0x11, 0x11, 0x12, 0xff,
    0xff, 0xff, 0x50, 0x0, 0x0, 0x0, 0x0, 0x0,
    0x0, 0x0, 0x0, 0x0, 0x0, 0x0, 0x0, 0x4f,
    0xff, 0xff, 0xf2, 0x0, 0x0, 0x0, 0x0, 0x0,
    0x0, 0x0, 0x0, 0x0, 0x0, 0x0, 0x0, 0x5,
    0xff, 0xff, 0xff, 0x0, 0x0, 0x0, 0x0, 0x0,
    0x0, 0x0, 0x0, 0x0, 0x0, 0x0, 0x0, 0x0,
    0x6f, 0xff, 0xff, 0xf0, 0x0, 0x0, 0x0, 0x0,
    0xff, 0xff, 0xff, 0xff, 0xff, 0xff, 0xff, 0xff,
    0xc7, 0xff, 0xff, 0xff, 0x0, 0x0, 0x0, 0x0,
    0xf, 0xff, 0xff, 0xff, 0xff, 0xff, 0xff, 0xff,
    0xfc, 0x6f, 0xff, 0xff, 0xf0, 0x0, 0x0, 0x0,
    0x0, 0xff, 0xff, 0xff, 0xff, 0xff, 0xff, 0xff,
    0xff, 0xc6, 0xff, 0xff, 0xff, 0x0, 0x0, 0x0,
    0x0, 0xf, 0xff, 0xff, 0xff, 0xff, 0xff, 0xff,
    0xff, 0xfc, 0x4f, 0xff, 0xff, 0xf1, 0x0, 0x0,
    0x0, 0x0, 0xff, 0xff, 0xff, 0xff, 0xff, 0xff,
    0xff, 0xff, 0xc3, 0xff, 0xff, 0xff, 0x30, 0x0,
    0x0, 0x0, 0x6, 0x66, 0x66, 0x66, 0x66, 0x6b,
    0xff, 0xff, 0xfc, 0xf, 0xff, 0xff, 0xf7, 0x0,
    0x0, 0x0, 0x0, 0x0, 0x0, 0x0, 0x0, 0x0,
    0x9f, 0xff, 0xff, 0xc0, 0xdf, 0xff, 0xff, 0xc0,
    0x0, 0x0, 0x0, 0x0, 0x0, 0x0, 0x0, 0x0,
    0xc, 0xff, 0xff, 0xfc, 0x9, 0xff, 0xff, 0xff,
    0x20, 0x0, 0x0, 0x0, 0x0, 0x0, 0x0, 0x0,
    0x1, 0xff, 0xff, 0xff, 0xc0, 0x4f, 0xff, 0xff,
    0xfb, 0x0, 0x0, 0x0, 0x0, 0x0, 0x0, 0x0,
    0x0, 0xaf, 0xff, 0xff, 0xfc, 0x0, 0xdf, 0xff,
    0xff, 0xf7, 0x0, 0x0, 0x0, 0x0, 0x0, 0x0,
    0x0, 0x8f, 0xff, 0xff, 0xff, 0xc0, 0x6, 0xff,
    0xff, 0xff, 0xf9, 0x0, 0x0, 0x0, 0x0, 0x0,
    0x1, 0xaf, 0xff, 0xff, 0xff, 0xfc, 0x0, 0xc,
    0xff, 0xff, 0xff, 0xfe, 0x83, 0x0, 0x0, 0x0,
    0x49, 0xff, 0xff, 0xff, 0xff, 0xff, 0xc0, 0x0,
    0x2e, 0xff, 0xff, 0xff, 0xff, 0xff, 0xed, 0xdf,
    0xff, 0xff, 0xff, 0xff, 0xff, 0xff, 0xfc, 0x0,
    0x0, 0x3e, 0xff, 0xff, 0xff, 0xff, 0xff, 0xff,
    0xff, 0xff, 0xff, 0xff, 0xfa, 0xff, 0xff, 0xc0,
    0x0, 0x0, 0x2c, 0xff, 0xff, 0xff, 0xff, 0xff,
    0xff, 0xff, 0xff, 0xff, 0xf6, 0x1f, 0xff, 0xfc,
    0x0, 0x0, 0x0, 0x6, 0xef, 0xff, 0xff, 0xff,
    0xff, 0xff, 0xff, 0xff, 0xb2, 0x0, 0xef, 0xff,
    0xc0, 0x0, 0x0, 0x0, 0x0, 0x5a, 0xff, 0xff,
    0xff, 0xff, 0xff, 0xe9, 0x30, 0x0, 0xc, 0xff,
    0xfc, 0x0, 0x0, 0x0, 0x0, 0x0, 0x0, 0x24,
    0x67, 0x77, 0x64, 0x20, 0x0, 0x0, 0x0, 0x0,
    0x0, 0x0,

    /* U+0048 "H" */
    0x5f, 0xff, 0xff, 0xe0, 0x0, 0x0, 0x0, 0x0,
    0x0, 0x0, 0x0, 0xcf, 0xff, 0xff, 0x75, 0xff,
    0xff, 0xfe, 0x0, 0x0, 0x0, 0x0, 0x0, 0x0,
    0x0, 0xc, 0xff, 0xff, 0xf7, 0x5f, 0xff, 0xff,
    0xe0, 0x0, 0x0, 0x0, 0x0, 0x0, 0x0, 0x0,
    0xcf, 0xff, 0xff, 0x75, 0xff, 0xff, 0xfe, 0x0,
    0x0, 0x0, 0x0, 0x0, 0x0, 0x0, 0xc, 0xff,
    0xff, 0xf7, 0x5f, 0xff, 0xff, 0xe0, 0x0, 0x0,
    0x0, 0x0, 0x0, 0x0, 0x0, 0xcf, 0xff, 0xff,
    0x75, 0xff, 0xff, 0xfe, 0x0, 0x0, 0x0, 0x0,
    0x0, 0x0, 0x0, 0xc, 0xff, 0xff, 0xf7, 0x5f,
    0xff, 0xff, 0xe0, 0x0, 0x0, 0x0, 0x0, 0x0,
    0x0, 0x0, 0xcf, 0xff, 0xff, 0x75, 0xff, 0xff,
    0xfe, 0x0, 0x0, 0x0, 0x0, 0x0, 0x0, 0x0,
    0xc, 0xff, 0xff, 0xf7, 0x5f, 0xff, 0xff, 0xe0,
    0x0, 0x0, 0x0, 0x0, 0x0, 0x0, 0x0, 0xcf,
    0xff, 0xff, 0x75, 0xff, 0xff, 0xfe, 0x0, 0x0,
    0x0, 0x0, 0x0, 0x0, 0x0, 0xc, 0xff, 0xff,
    0xf7, 0x5f, 0xff, 0xff, 0xe0, 0x0, 0x0, 0x0,
    0x0, 0x0, 0x0, 0x0, 0xcf, 0xff, 0xff, 0x75,
    0xff, 0xff, 0xfe, 0x0, 0x0, 0x0, 0x0, 0x0,
    0x0, 0x0, 0xc, 0xff, 0xff, 0xf7, 0x5f, 0xff,
    0xff, 0xe0, 0x0, 0x0, 0x0, 0x0, 0x0, 0x0,
    0x0, 0xcf, 0xff, 0xff, 0x75, 0xff, 0xff, 0xfe,
    0x66, 0x66, 0x66, 0x66, 0x66, 0x66, 0x66, 0x6d,
    0xff, 0xff, 0xf7, 0x5f, 0xff, 0xff, 0xff, 0xff,
    0xff, 0xff, 0xff, 0xff, 0xff, 0xff, 0xff, 0xff,
    0xff, 0x75, 0xff, 0xff, 0xff, 0xff, 0xff, 0xff,
    0xff, 0xff, 0xff, 0xff, 0xff, 0xff, 0xff, 0xf7,
    0x5f, 0xff, 0xff, 0xff, 0xff, 0xff, 0xff, 0xff,
    0xff, 0xff, 0xff, 0xff, 0xff, 0xff, 0x75, 0xff,
    0xff, 0xff, 0xff, 0xff, 0xff, 0xff, 0xff, 0xff,
    0xff, 0xff, 0xff, 0xff, 0xf7, 0x5f, 0xff, 0xff,
    0xff, 0xff, 0xff, 0xff, 0xff, 0xff, 0xff, 0xff,
    0xff, 0xff, 0xff, 0x75, 0xff, 0xff, 0xfe, 0x0,
    0x0, 0x0, 0x0, 0x0, 0x0, 0x0, 0xc, 0xff,
    0xff, 0xf7, 0x5f, 0xff, 0xff, 0xe0, 0x0, 0x0,
    0x0, 0x0, 0x0, 0x0, 0x0, 0xcf, 0xff, 0xff,
    0x75, 0xff, 0xff, 0xfe, 0x0, 0x0, 0x0, 0x0,
    0x0, 0x0, 0x0, 0xc, 0xff, 0xff, 0xf7, 0x5f,
    0xff, 0xff, 0xe0, 0x0, 0x0, 0x0, 0x0, 0x0,
    0x0, 0x0, 0xcf, 0xff, 0xff, 0x75, 0xff, 0xff,
    0xfe, 0x0, 0x0, 0x0, 0x0, 0x0, 0x0, 0x0,
    0xc, 0xff, 0xff, 0xf7, 0x5f, 0xff, 0xff, 0xe0,
    0x0, 0x0, 0x0, 0x0, 0x0, 0x0, 0x0, 0xcf,
    0xff, 0xff, 0x75, 0xff, 0xff, 0xfe, 0x0, 0x0,
    0x0, 0x0, 0x0, 0x0, 0x0, 0xc, 0xff, 0xff,
    0xf7, 0x5f, 0xff, 0xff, 0xe0, 0x0, 0x0, 0x0,
    0x0, 0x0, 0x0, 0x0, 0xcf, 0xff, 0xff, 0x75,
    0xff, 0xff, 0xfe, 0x0, 0x0, 0x0, 0x0, 0x0,
    0x0, 0x0, 0xc, 0xff, 0xff, 0xf7, 0x5f, 0xff,
    0xff, 0xe0, 0x0, 0x0, 0x0, 0x0, 0x0, 0x0,
    0x0, 0xcf, 0xff, 0xff, 0x75, 0xff, 0xff, 0xfe,
    0x0, 0x0, 0x0, 0x0, 0x0, 0x0, 0x0, 0xc,
    0xff, 0xff, 0xf7, 0x5f, 0xff, 0xff, 0xe0, 0x0,
    0x0, 0x0, 0x0, 0x0, 0x0, 0x0, 0xcf, 0xff,
    0xff, 0x75, 0xff, 0xff, 0xfe, 0x0, 0x0, 0x0,
    0x0, 0x0, 0x0, 0x0, 0xc, 0xff, 0xff, 0xf7,
    0x5f, 0xff, 0xff, 0xe0, 0x0, 0x0, 0x0, 0x0,
    0x0, 0x0, 0x0, 0xcf, 0xff, 0xff, 0x70,

    /* U+0049 "I" */
    0x5f, 0xff, 0xff, 0xe5, 0xff, 0xff, 0xfe, 0x5f,
    0xff, 0xff, 0xe5, 0xff, 0xff, 0xfe, 0x5f, 0xff,
    0xff, 0xe5, 0xff, 0xff, 0xfe, 0x5f, 0xff, 0xff,
    0xe5, 0xff, 0xff, 0xfe, 0x5f, 0xff, 0xff, 0xe5,
    0xff, 0xff, 0xfe, 0x5f, 0xff, 0xff, 0xe5, 0xff,
    0xff, 0xfe, 0x5f, 0xff, 0xff, 0xe5, 0xff, 0xff,
    0xfe, 0x5f, 0xff, 0xff, 0xe5, 0xff, 0xff, 0xfe,
    0x5f, 0xff, 0xff, 0xe5, 0xff, 0xff, 0xfe, 0x5f,
    0xff, 0xff, 0xe5, 0xff, 0xff, 0xfe, 0x5f, 0xff,
    0xff, 0xe5, 0xff, 0xff, 0xfe, 0x5f, 0xff, 0xff,
    0xe5, 0xff, 0xff, 0xfe, 0x5f, 0xff, 0xff, 0xe5,
    0xff, 0xff, 0xfe, 0x5f, 0xff, 0xff, 0xe5, 0xff,
    0xff, 0xfe, 0x5f, 0xff, 0xff, 0xe5, 0xff, 0xff,
    0xfe, 0x5f, 0xff, 0xff, 0xe5, 0xff, 0xff, 0xfe,
    0x5f, 0xff, 0xff, 0xe0,

    /* U+004A "J" */
    0x0, 0x0, 0x0, 0x0, 0x0, 0x0, 0x0, 0x0,
    0xa, 0xff, 0xff, 0xfa, 0x0, 0x0, 0x0, 0x0,
    0x0, 0x0, 0x0, 0x0, 0xa, 0xff, 0xff, 0xfa,
    0x0, 0x0, 0x0, 0x0, 0x0, 0x0, 0x0, 0x0,
    0xa, 0xff, 0xff, 0xfa, 0x0, 0x0, 0x0, 0x0,
    0x0, 0x0, 0x0, 0x0, 0xa, 0xff, 0xff, 0xfa,
    0x0, 0x0, 0x0, 0x0, 0x0, 0x0, 0x0, 0x0,
    0xa, 0xff, 0xff, 0xfa, 0x0, 0x0, 0x0, 0x0,
    0x0, 0x0, 0x0, 0x0, 0xa, 0xff, 0xff, 0xfa,
    0x0, 0x0, 0x0, 0x0, 0x0, 0x0, 0x0, 0x0,
    0xa, 0xff, 0xff, 0xfa, 0x0, 0x0, 0x0, 0x0,
    0x0, 0x0, 0x0, 0x0, 0xa, 0xff, 0xff, 0xfa,
    0x0, 0x0, 0x0, 0x0, 0x0, 0x0, 0x0, 0x0,
    0xa, 0xff, 0xff, 0xfa, 0x0, 0x0, 0x0, 0x0,
    0x0, 0x0, 0x0, 0x0, 0xa, 0xff, 0xff, 0xfa,
    0x0, 0x0, 0x0, 0x0, 0x0, 0x0, 0x0, 0x0,
    0xa, 0xff, 0xff, 0xfa, 0x0, 0x0, 0x0, 0x0,
    0x0, 0x0, 0x0, 0x0, 0xa, 0xff, 0xff, 0xfa,
    0x0, 0x0, 0x0, 0x0, 0x0, 0x0, 0x0, 0x0,
    0xa, 0xff, 0xff, 0xfa, 0x0, 0x0, 0x0, 0x0,
    0x0, 0x0, 0x0, 0x0, 0xa, 0xff, 0xff, 0xfa,
    0x0, 0x0, 0x0, 0x0, 0x0, 0x0, 0x0, 0x0,
    0xa, 0xff, 0xff, 0xfa, 0x0, 0x0, 0x0, 0x0,
    0x0, 0x0, 0x0, 0x0, 0xa, 0xff, 0xff, 0xfa,
    0x0, 0x0, 0x0, 0x0, 0x0, 0x0, 0x0, 0x0,
    0xa, 0xff, 0xff, 0xfa, 0x0, 0x0, 0x0, 0x0,
    0x0, 0x0, 0x0, 0x0, 0xa, 0xff, 0xff, 0xfa,
    0x0, 0x0, 0x0, 0x0, 0x0, 0x0, 0x0, 0x0,
    0xa, 0xff, 0xff, 0xfa, 0x0, 0x0, 0x0, 0x0,
    0x0, 0x0, 0x0, 0x0, 0xa, 0xff, 0xff, 0xfa,
    0x0, 0x0, 0x0, 0x0, 0x0, 0x0, 0x0, 0x0,
    0xa, 0xff, 0xff, 0xfa, 0x0, 0x0, 0x0, 0x0,
    0x0, 0x0, 0x0, 0x0, 0xa, 0xff, 0xff, 0xf9,
    0x4f, 0xff, 0xff, 0xe0, 0x0, 0x0, 0x0, 0x0,
    0xb, 0xff, 0xff, 0xf9, 0x4f, 0xff, 0xff, 0xe0,
    0x0, 0x0, 0x0, 0x0, 0xd, 0xff, 0xff, 0xf8,
    0x3f, 0xff, 0xff, 0xf0, 0x0, 0x0, 0x0, 0x0,
    0xf, 0xff, 0xff, 0xf6, 0x2f, 0xff, 0xff, 0xf3,
    0x0, 0x0, 0x0, 0x0, 0x6f, 0xff, 0xff, 0xf3,
    0xf, 0xff, 0xff, 0xfb, 0x0, 0x0, 0x0, 0x1,
    0xef, 0xff, 0xff, 0xe0, 0xa, 0xff, 0xff, 0xff,
    0xc3, 0x0, 0x0, 0x4d, 0xff, 0xff, 0xff, 0x90,
    0x4, 0xff, 0xff, 0xff, 0xff, 0xfd, 0xdf, 0xff,
    0xff, 0xff, 0xff, 0x20, 0x0, 0xaf, 0xff, 0xff,
    0xff, 0xff, 0xff, 0xff, 0xff, 0xff, 0xf7, 0x0,
    0x0, 0xc, 0xff, 0xff, 0xff, 0xff, 0xff, 0xff,
    0xff, 0xff, 0x90, 0x0, 0x0, 0x0, 0x9f, 0xff,
    0xff, 0xff, 0xff, 0xff, 0xff, 0xf7, 0x0, 0x0,
    0x0, 0x0, 0x2, 0x9e, 0xff, 0xff, 0xff, 0xff,
    0xe9, 0x20, 0x0, 0x0, 0x0, 0x0, 0x0, 0x0,
    0x25, 0x67, 0x77, 0x52, 0x0, 0x0, 0x0, 0x0,

    /* U+004B "K" */
    0x5f, 0xff, 0xff, 0xe0, 0x0, 0x0, 0x0, 0x0,
    0x0, 0x0, 0x1e, 0xff, 0xff, 0xff, 0xa0, 0x5f,
    0xff, 0xff, 0xe0, 0x0, 0x0, 0x0, 0x0, 0x0,
    0x1, 0xdf, 0xff, 0xff, 0xfa, 0x0, 0x5f, 0xff,
    0xff, 0xe0, 0x0, 0x0, 0x0, 0x0, 0x0, 0x1d,
    0xff, 0xff, 0xff, 0xb0, 0x0, 0x5f, 0xff, 0xff,
    0xe0, 0x0, 0x0, 0x0, 0x0, 0x0, 0xcf, 0xff,
    0xff, 0xfb, 0x0, 0x0, 0x5f, 0xff, 0xff, 0xe0,
    0x0, 0x0, 0x0, 0x0, 0xc, 0xff, 0xff, 0xff,
    0xc0, 0x0, 0x0, 0x5f, 0xff, 0xff, 0xe0, 0x0,
    0x0, 0x0, 0x0, 0xbf, 0xff, 0xff, 0xfc, 0x0,
    0x0, 0x0, 0x5f, 0xff, 0xff, 0xe0, 0x0, 0x0,
    0x0, 0xb, 0xff, 0xff, 0xff, 0xd1, 0x0, 0x0,
    0x0, 0x5f, 0xff, 0xff, 0xe0, 0x0, 0x0, 0x0,
    0xaf, 0xff, 0xff, 0xfd, 0x10, 0x0, 0x0, 0x0,
    0x5f, 0xff, 0xff, 0xe0, 0x0, 0x0, 0x9, 0xff,
    0xff, 0xff, 0xe1, 0x0, 0x0, 0x0, 0x0, 0x5f,
    0xff, 0xff, 0xe0, 0x0, 0x0, 0x9f, 0xff, 0xff,
    0xfe, 0x20, 0x0, 0x0, 0x0, 0x0, 0x5f, 0xff,
    0xff, 0xe0, 0x0, 0x8, 0xff, 0xff, 0xff, 0xe2,
    0x0, 0x0, 0x0, 0x0, 0x0, 0x5f, 0xff, 0xff,
    0xe0, 0x0, 0x7f, 0xff, 0xff, 0xff, 0x30, 0x0,
    0x0, 0x0, 0x0, 0x0, 0x5f, 0xff, 0xff, 0xe0,
    0x7, 0xff, 0xff, 0xff, 0xf3, 0x0, 0x0, 0x0,
    0x0, 0x0, 0x0, 0x5f, 0xff, 0xff, 0xe0, 0x6f,
    0xff, 0xff, 0xff, 0x80, 0x0, 0x0, 0x0, 0x0,
    0x0, 0x0, 0x5f, 0xff, 0xff, 0xe5, 0xff, 0xff,
    0xff, 0xff, 0xf2, 0x0, 0x0, 0x0, 0x0, 0x0,
    0x0, 0x5f, 0xff, 0xff, 0xff, 0xff, 0xff, 0xff,
    0xff, 0xfb, 0x0, 0x0, 0x0, 0x0, 0x0, 0x0,
    0x5f, 0xff, 0xff, 0xff, 0xff, 0xff, 0xff, 0xff,
    0xff, 0x60, 0x0, 0x0, 0x0, 0x0, 0x0, 0x5f,
    0xff, 0xff, 0xff, 0xff, 0xff, 0xff, 0xff, 0xff,
    0xf2, 0x0, 0x0, 0x0, 0x0, 0x0, 0x5f, 0xff,
    0xff, 0xff, 0xff, 0xf5, 0x6f, 0xff, 0xff, 0xfb,
    0x0, 0x0, 0x0, 0x0, 0x0, 0x5f, 0xff, 0xff,
    0xff, 0xfe, 0x30, 0xb, 0xff, 0xff, 0xff, 0x60,
    0x0, 0x0, 0x0, 0x0, 0x5f, 0xff, 0xff, 0xff,
    0xd2, 0x0, 0x2, 0xff, 0xff, 0xff, 0xf1, 0x0,
    0x0, 0x0, 0x0, 0x5f, 0xff, 0xff, 0xfc, 0x10,
    0x0, 0x0, 0x7f, 0xff, 0xff, 0xfb, 0x0, 0x0,
    0x0, 0x0, 0x5f, 0xff, 0xff, 0xe0, 0x0, 0x0,
    0x0, 0xc, 0xff, 0xff, 0xff, 0x60, 0x0, 0x0,
    0x0, 0x5f, 0xff, 0xff, 0xe0, 0x0, 0x0, 0x0,
    0x3, 0xff, 0xff, 0xff, 0xf1, 0x0, 0x0, 0x0,
    0x5f, 0xff, 0xff, 0xe0, 0x0, 0x0, 0x0, 0x0,
    0x8f, 0xff, 0xff, 0xfb, 0x0, 0x0, 0x0, 0x5f,
    0xff, 0xff, 0xe0, 0x0, 0x0, 0x0, 0x0, 0xd,
    0xff, 0xff, 0xff, 0x60, 0x0, 0x0, 0x5f, 0xff,
    0xff, 0xe0, 0x0, 0x0, 0x0, 0x0, 0x3, 0xff,
    0xff, 0xff, 0xf1, 0x0, 0x0, 0x5f, 0xff, 0xff,
    0xe0, 0x0, 0x0, 0x0, 0x0, 0x0, 0x9f, 0xff,
    0xff, 0xfb, 0x0, 0x0, 0x5f, 0xff, 0xff, 0xe0,
    0x0, 0x0, 0x0, 0x0, 0x0, 0xe, 0xff, 0xff,
    0xff, 0x50, 0x0, 0x5f, 0xff, 0xff, 0xe0, 0x0,
    0x0, 0x0, 0x0, 0x0, 0x4, 0xff, 0xff, 0xff,
    0xe1, 0x0, 0x5f, 0xff, 0xff, 0xe0, 0x0, 0x0,
    0x0, 0x0, 0x0, 0x0, 0xaf, 0xff, 0xff, 0xfb,
    0x0, 0x5f, 0xff, 0xff, 0xe0, 0x0, 0x0, 0x0,
    0x0, 0x0, 0x0, 0x1e, 0xff, 0xff, 0xff, 0x50,
    0x5f, 0xff, 0xff, 0xe0, 0x0, 0x0, 0x0, 0x0,
    0x0, 0x0, 0x5, 0xff, 0xff, 0xff, 0xe1,

    /* U+004C "L" */
    0x5f, 0xff, 0xff, 0xe0, 0x0, 0x0, 0x0, 0x0,
    0x0, 0x0, 0x0, 0x0, 0x5f, 0xff, 0xff, 0xe0,
    0x0, 0x0, 0x0, 0x0, 0x0, 0x0, 0x0, 0x0,
    0x5f, 0xff, 0xff, 0xe0, 0x0, 0x0, 0x0, 0x0,
    0x0, 0x0, 0x0, 0x0, 0x5f, 0xff, 0xff, 0xe0,
    0x0, 0x0, 0x0, 0x0, 0x0, 0x0, 0x0, 0x0,
    0x5f, 0xff, 0xff, 0xe0, 0x0, 0x0, 0x0, 0x0,
    0x0, 0x0, 0x0, 0x0, 0x5f, 0xff, 0xff, 0xe0,
    0x0, 0x0, 0x0, 0x0, 0x0, 0x0, 0x0, 0x0,
    0x5f, 0xff, 0xff, 0xe0, 0x0, 0x0, 0x0, 0x0,
    0x0, 0x0, 0x0, 0x0, 0x5f, 0xff, 0xff, 0xe0,
    0x0, 0x0, 0x0, 0x0, 0x0, 0x0, 0x0, 0x0,
    0x5f, 0xff, 0xff, 0xe0, 0x0, 0x0, 0x0, 0x0,
    0x0, 0x0, 0x0, 0x0, 0x5f, 0xff, 0xff, 0xe0,
    0x0, 0x0, 0x0, 0x0, 0x0, 0x0, 0x0, 0x0,
    0x5f, 0xff, 0xff, 0xe0, 0x0, 0x0, 0x0, 0x0,
    0x0, 0x0, 0x0, 0x0, 0x5f, 0xff, 0xff, 0xe0,
    0x0, 0x0, 0x0, 0x0, 0x0, 0x0, 0x0, 0x0,
    0x5f, 0xff, 0xff, 0xe0, 0x0, 0x0, 0x0, 0x0,
    0x0, 0x0, 0x0, 0x0, 0x5f, 0xff, 0xff, 0xe0,
    0x0, 0x0, 0x0, 0x0, 0x0, 0x0, 0x0, 0x0,
    0x5f, 0xff, 0xff, 0xe0, 0x0, 0x0, 0x0, 0x0,
    0x0, 0x0, 0x0, 0x0, 0x5f, 0xff, 0xff, 0xe0,
    0x0, 0x0, 0x0, 0x0, 0x0, 0x0, 0x0, 0x0,
    0x5f, 0xff, 0xff, 0xe0, 0x0, 0x0, 0x0, 0x0,
    0x0, 0x0, 0x0, 0x0, 0x5f, 0xff, 0xff, 0xe0,
    0x0, 0x0, 0x0, 0x0, 0x0, 0x0, 0x0, 0x0,
    0x5f, 0xff, 0xff, 0xe0, 0x0, 0x0, 0x0, 0x0,
    0x0, 0x0, 0x0, 0x0, 0x5f, 0xff, 0xff, 0xe0,
    0x0, 0x0, 0x0, 0x0, 0x0, 0x0, 0x0, 0x0,
    0x5f, 0xff, 0xff, 0xe0, 0x0, 0x0, 0x0, 0x0,
    0x0, 0x0, 0x0, 0x0, 0x5f, 0xff, 0xff, 0xe0,
    0x0, 0x0, 0x0, 0x0, 0x0, 0x0, 0x0, 0x0,
    0x5f, 0xff, 0xff, 0xe0, 0x0, 0x0, 0x0, 0x0,
    0x0, 0x0, 0x0, 0x0, 0x5f, 0xff, 0xff, 0xe0,
    0x0, 0x0, 0x0, 0x0, 0x0, 0x0, 0x0, 0x0,
    0x5f, 0xff, 0xff, 0xe0, 0x0, 0x0, 0x0, 0x0,
    0x0, 0x0, 0x0, 0x0, 0x5f, 0xff, 0xff, 0xe0,
    0x0, 0x0, 0x0, 0x0, 0x0, 0x0, 0x0, 0x0,
    0x5f, 0xff, 0xff, 0xe0, 0x0, 0x0, 0x0, 0x0,
    0x0, 0x0, 0x0, 0x0, 0x5f, 0xff, 0xff, 0xf7,
    0x77, 0x77, 0x77, 0x77, 0x77, 0x77, 0x77, 0x72,
    0x5f, 0xff, 0xff, 0xff, 0xff, 0xff, 0xff, 0xff,
    0xff, 0xff, 0xff, 0xf6, 0x5f, 0xff, 0xff, 0xff,
    0xff, 0xff, 0xff, 0xff, 0xff, 0xff, 0xff, 0xf6,
    0x5f, 0xff, 0xff, 0xff, 0xff, 0xff, 0xff, 0xff,
    0xff, 0xff, 0xff, 0xf6, 0x5f, 0xff, 0xff, 0xff,
    0xff, 0xff, 0xff, 0xff, 0xff, 0xff, 0xff, 0xf6,
    0x5f, 0xff, 0xff, 0xff, 0xff, 0xff, 0xff, 0xff,
    0xff, 0xff, 0xff, 0xf6,

    /* U+004D "M" */
    0x5f, 0xff, 0xff, 0xff, 0xff, 0x90, 0x0, 0x0,
    0x0, 0x0, 0x0, 0x0, 0xff, 0xff, 0xff, 0xff,
    0xfd, 0x5f, 0xff, 0xff, 0xff, 0xff, 0xe0, 0x0,
    0x0, 0x0, 0x0, 0x0, 0x4, 0xff, 0xff, 0xff,
    0xff, 0xfd, 0x5f, 0xff, 0xff, 0xff, 0xff, 0xf3,
    0x0, 0x0, 0x0, 0x0, 0x0, 0x9, 0xff, 0xff,
    0xff, 0xff, 0xfd, 0x5f, 0xff, 0xff, 0xff, 0xff,
    0xf7, 0x0, 0x0, 0x0, 0x0, 0x0, 0xd, 0xff,
    0xff, 0xff, 0xff, 0xfd, 0x5f, 0xff, 0xff, 0xff,
    0xff, 0xfc, 0x0, 0x0, 0x0, 0x0, 0x0, 0x2f,
    0xff, 0xff, 0xff, 0xff, 0xfd, 0x5f, 0xff, 0xff,
    0xff, 0xff, 0xff, 0x0, 0x0, 0x0, 0x0, 0x0,
    0x6f, 0xff, 0xff, 0xff, 0xff, 0xfd, 0x5f, 0xff,
    0xff, 0x9f, 0xff, 0xff, 0x50, 0x0, 0x0, 0x0,
    0x0, 0xbf, 0xff, 0xf9, 0xff, 0xff, 0xfd, 0x5f,
    0xff, 0xff, 0x7e, 0xff, 0xff, 0x90, 0x0, 0x0,
    0x0, 0x0, 0xff, 0xff, 0xf5, 0xff, 0xff, 0xfd,
    0x5f, 0xff, 0xff, 0x7a, 0xff, 0xff, 0xe0, 0x0,
    0x0, 0x0, 0x4, 0xff, 0xff, 0xd3, 0xff, 0xff,
    0xfd, 0x5f, 0xff, 0xff, 0x86, 0xff, 0xff, 0xf2,
    0x0, 0x0, 0x0, 0x9, 0xff, 0xff, 0x94, 0xff,
    0xff, 0xfd, 0x5f, 0xff, 0xff, 0x82, 0xff, 0xff,
    0xf7, 0x0, 0x0, 0x0, 0xd, 0xff, 0xff, 0x54,
    0xff, 0xff, 0xfd, 0x5f, 0xff, 0xff, 0x80, 0xef,
    0xff, 0xfb, 0x0, 0x0, 0x0, 0x2f, 0xff, 0xff,
    0x15, 0xff, 0xff, 0xfd, 0x5f, 0xff, 0xff, 0x90,
    0xaf, 0xff, 0xff, 0x0, 0x0, 0x0, 0x6f, 0xff,
    0xfd, 0x5, 0xff, 0xff, 0xfd, 0x5f, 0xff, 0xff,
    0x90, 0x5f, 0xff, 0xff, 0x40, 0x0, 0x0, 0xbf,
    0xff, 0xf8, 0x5, 0xff, 0xff, 0xfd, 0x5f, 0xff,
    0xff, 0x90, 0x1f, 0xff, 0xff, 0x90, 0x0, 0x0,
    0xff, 0xff, 0xf4, 0x5, 0xff, 0xff, 0xfd, 0x5f,
    0xff, 0xff, 0xa0, 0xc, 0xff, 0xff, 0xd0, 0x0,
    0x4, 0xff, 0xff, 0xf0, 0x5, 0xff, 0xff, 0xfd,
    0x5f, 0xff, 0xff, 0xa0, 0x8, 0xff, 0xff, 0xf2,
    0x0, 0x8, 0xff, 0xff, 0xb0, 0x6, 0xff, 0xff,
    0xfd, 0x5f, 0xff, 0xff, 0xa0, 0x3, 0xff, 0xff,
    0xf6, 0x0, 0xd, 0xff, 0xff, 0x60, 0x6, 0xff,
    0xff, 0xfd, 0x5f, 0xff, 0xff, 0xa0, 0x0, 0xef,
    0xff, 0xfb, 0x0, 0x1f, 0xff, 0xff, 0x20, 0x6,
    0xff, 0xff, 0xfd, 0x5f, 0xff, 0xff, 0xa0, 0x0,
    0xaf, 0xff, 0xff, 0x0, 0x5f, 0xff, 0xfd, 0x0,
    0x6, 0xff, 0xff, 0xfd, 0x5f, 0xff, 0xff, 0xa0,
    0x0, 0x5f, 0xff, 0xff, 0x30, 0x9f, 0xff, 0xf9,
    0x0, 0x6, 0xff, 0xff, 0xfd, 0x5f, 0xff, 0xff,
    0xa0, 0x0, 0x1f, 0xff, 0xff, 0x70, 0xdf, 0xff,
    0xf4, 0x0, 0x6, 0xff, 0xff, 0xfd, 0x5f, 0xff,
    0xff, 0xa0, 0x0, 0xc, 0xff, 0xff, 0xb0, 0xff,
    0xff, 0xf0, 0x0, 0x6, 0xff, 0xff, 0xfd, 0x5f,
    0xff, 0xff, 0xa0, 0x0, 0x7, 0xff, 0xff, 0xe3,
    0xff, 0xff, 0xb0, 0x0, 0x6, 0xff, 0xff, 0xfd,
    0x5f, 0xff, 0xff, 0xa0, 0x0, 0x3, 0xff, 0xff,
    0xf9, 0xff, 0xff, 0x60, 0x0, 0x6, 0xff, 0xff,
    0xfd, 0x5f, 0xff, 0xff, 0xa0, 0x0, 0x0, 0xef,
    0xff, 0xff, 0xff, 0xff, 0x20, 0x0, 0x6, 0xff,
    0xff, 0xfd, 0x5f, 0xff, 0xff, 0xa0, 0x0, 0x0,
    0xaf, 0xff, 0xff, 0xff, 0xfd, 0x0, 0x0, 0x6,
    0xff, 0xff, 0xfd, 0x5f, 0xff, 0xff, 0xa0, 0x0,
    0x0, 0x5f, 0xff, 0xff, 0xff, 0xf8, 0x0, 0x0,
    0x6, 0xff, 0xff, 0xfd, 0x5f, 0xff, 0xff, 0xa0,
    0x0, 0x0, 0x1f, 0xff, 0xff, 0xff, 0xf4, 0x0,
    0x0, 0x6, 0xff, 0xff, 0xfd, 0x5f, 0xff, 0xff,
    0xa0, 0x0, 0x0, 0xc, 0xff, 0xff, 0xff, 0xf0,
    0x0, 0x0, 0x6, 0xff, 0xff, 0xfd, 0x5f, 0xff,
    0xff, 0xa0, 0x0, 0x0, 0x7, 0xff, 0xff, 0xff,
    0xb0, 0x0, 0x0, 0x6, 0xff, 0xff, 0xfd, 0x5f,
    0xff, 0xff, 0xa0, 0x0, 0x0, 0x3, 0xff, 0xff,
    0xff, 0x60, 0x0, 0x0, 0x6, 0xff, 0xff, 0xfd,
    0x5f, 0xff, 0xff, 0xa0, 0x0, 0x0, 0x0, 0xef,
    0xff, 0xff, 0x20, 0x0, 0x0, 0x6, 0xff, 0xff,
    0xfd,

    /* U+004E "N" */
    0x5f, 0xff, 0xff, 0xe1, 0x0, 0x0, 0x0, 0x0,
    0x0, 0x0, 0x0, 0x8f, 0xff, 0xff, 0x75, 0xff,
    0xff, 0xff, 0xa0, 0x0, 0x0, 0x0, 0x0, 0x0,
    0x0, 0x8, 0xff, 0xff, 0xf7, 0x5f, 0xff, 0xff,
    0xff, 0x60, 0x0, 0x0, 0x0, 0x0, 0x0, 0x0,
    0x8f, 0xff, 0xff, 0x75, 0xff, 0xff, 0xff, 0xff,
    0x20, 0x0, 0x0, 0x0, 0x0, 0x0, 0x8, 0xff,
    0xff, 0xf7, 0x5f, 0xff, 0xff, 0xff, 0xfc, 0x0,
    0x0, 0x0, 0x0, 0x0, 0x0, 0x8f, 0xff, 0xff,
    0x75, 0xff, 0xff, 0xff, 0xff, 0xf8, 0x0, 0x0,
    0x0, 0x0, 0x0, 0x8, 0xff, 0xff, 0xf7, 0x5f,
    0xff, 0xff, 0xff, 0xff, 0xf4, 0x0, 0x0, 0x0,
    0x0, 0x0, 0x8f, 0xff, 0xff, 0x75, 0xff, 0xff,
    0xff, 0xff, 0xff, 0xe1, 0x0, 0x0, 0x0, 0x0,
    0x8, 0xff, 0xff, 0xf7, 0x5f, 0xff, 0xff, 0xff,
    0xff, 0xff, 0xb0, 0x0, 0x0, 0x0, 0x0, 0x8f,
    0xff, 0xff, 0x75, 0xff, 0xff, 0xff, 0xff, 0xff,
    0xff, 0x70, 0x0, 0x0, 0x0, 0x8, 0xff, 0xff,
    0xf7, 0x5f, 0xff, 0xff, 0xef, 0xff, 0xff, 0xff,
    0x30, 0x0, 0x0, 0x0, 0x8f, 0xff, 0xff, 0x75,
    0xff, 0xff, 0xfa, 0xaf, 0xff, 0xff, 0xfd, 0x0,
    0x0, 0x0, 0x8, 0xff, 0xff, 0xf7, 0x5f, 0xff,
    0xff, 0xa1, 0xef, 0xff, 0xff, 0xf9, 0x0, 0x0,
    0x0, 0x8f, 0xff, 0xff, 0x75, 0xff, 0xff, 0xfa,
    0x5, 0xff, 0xff, 0xff, 0xf5, 0x0, 0x0, 0x8,
    0xff, 0xff, 0xf7, 0x5f, 0xff, 0xff, 0xa0, 0xa,
    0xff, 0xff, 0xff, 0xe1, 0x0, 0x0, 0x8f, 0xff,
    0xff, 0x75, 0xff, 0xff, 0xfa, 0x0, 0x1e, 0xff,
    0xff, 0xff, 0xc0, 0x0, 0x8, 0xff, 0xff, 0xf7,
    0x5f, 0xff, 0xff, 0xa0, 0x0, 0x3f, 0xff, 0xff,
    0xff, 0x80, 0x0, 0x8f, 0xff, 0xff, 0x75, 0xff,
    0xff, 0xfa, 0x0, 0x0, 0x8f, 0xff, 0xff, 0xff,
    0x30, 0x8, 0xff, 0xff, 0xf7, 0x5f, 0xff, 0xff,
    0xa0, 0x0, 0x0, 0xcf, 0xff, 0xff, 0xfe, 0x10,
    0x8f, 0xff, 0xff, 0x75, 0xff, 0xff, 0xfa, 0x0,
    0x0, 0x2, 0xff, 0xff, 0xff, 0xfa, 0x8, 0xff,
    0xff, 0xf7, 0x5f, 0xff, 0xff, 0xa0, 0x0, 0x0,
    0x5, 0xff, 0xff, 0xff, 0xf5, 0x8f, 0xff, 0xff,
    0x75, 0xff, 0xff, 0xfa, 0x0, 0x0, 0x0, 0xa,
    0xff, 0xff, 0xff, 0xe9, 0xff, 0xff, 0xf7, 0x5f,
    0xff, 0xff, 0xa0, 0x0, 0x0, 0x0, 0xe, 0xff,
    0xff, 0xff, 0xff, 0xff, 0xff, 0x75, 0xff, 0xff,
    0xfa, 0x0, 0x0, 0x0, 0x0, 0x3f, 0xff, 0xff,
    0xff, 0xff, 0xff, 0xf7, 0x5f, 0xff, 0xff, 0xa0,
    0x0, 0x0, 0x0, 0x0, 0x8f, 0xff, 0xff, 0xff,
    0xff, 0xff, 0x75, 0xff, 0xff, 0xfa, 0x0, 0x0,
    0x0, 0x0, 0x0, 0xcf, 0xff, 0xff, 0xff, 0xff,
    0xf7, 0x5f, 0xff, 0xff, 0xa0, 0x0, 0x0, 0x0,
    0x0, 0x2, 0xff, 0xff, 0xff, 0xff, 0xff, 0x75,
    0xff, 0xff, 0xfa, 0x0, 0x0, 0x0, 0x0, 0x0,
    0x5, 0xff, 0xff, 0xff, 0xff, 0xf7, 0x5f, 0xff,
    0xff, 0xa0, 0x0, 0x0, 0x0, 0x0, 0x0, 0xa,
    0xff, 0xff, 0xff, 0xff, 0x75, 0xff, 0xff, 0xfa,
    0x0, 0x0, 0x0, 0x0, 0x0, 0x0, 0xd, 0xff,
    0xff, 0xff, 0xf7, 0x5f, 0xff, 0xff, 0xa0, 0x0,
    0x0, 0x0, 0x0, 0x0, 0x0, 0x3f, 0xff, 0xff,
    0xff, 0x75, 0xff, 0xff, 0xfa, 0x0, 0x0, 0x0,
    0x0, 0x0, 0x0, 0x0, 0x7f, 0xff, 0xff, 0xf7,
    0x5f, 0xff, 0xff, 0xa0, 0x0, 0x0, 0x0, 0x0,
    0x0, 0x0, 0x0, 0xcf, 0xff, 0xff, 0x70,

    /* U+004F "O" */
    0x0, 0x0, 0x0, 0x0, 0x0, 0x0, 0x14, 0x67,
    0x77, 0x65, 0x30, 0x0, 0x0, 0x0, 0x0, 0x0,
    0x0, 0x0, 0x0, 0x0, 0x0, 0x4, 0xae, 0xff,
    0xff, 0xff, 0xff, 0xff, 0xc8, 0x20, 0x0, 0x0,
    0x0, 0x0, 0x0, 0x0, 0x0, 0x6, 0xef, 0xff,
    0xff, 0xff, 0xff, 0xff, 0xff, 0xff, 0xfb, 0x20,
    0x0, 0x0, 0x0, 0x0, 0x0, 0x2, 0xdf, 0xff,
    0xff, 0xff, 0xff, 0xff, 0xff, 0xff, 0xff, 0xff,
    0xf8, 0x0, 0x0, 0x0, 0x0, 0x0, 0x4e, 0xff,
    0xff, 0xff, 0xff, 0xff, 0xff, 0xff, 0xff, 0xff,
    0xff, 0xff, 0xb0, 0x0, 0x0, 0x0, 0x3, 0xff,
    0xff, 0xff, 0xff, 0xff, 0xfe, 0xde, 0xff, 0xff,
    0xff, 0xff, 0xff, 0xfa, 0x0, 0x0, 0x0, 0xe,
    0xff, 0xff, 0xff, 0xfe, 0x84, 0x0, 0x0, 0x1,
    0x6b, 0xff, 0xff, 0xff, 0xff, 0x70, 0x0, 0x0,
    0x9f, 0xff, 0xff, 0xff, 0x90, 0x0, 0x0, 0x0,
    0x0, 0x0, 0x3d, 0xff, 0xff, 0xff, 0xf2, 0x0,
    0x1, 0xff, 0xff, 0xff, 0xf6, 0x0, 0x0, 0x0,
    0x0, 0x0, 0x0, 0x1, 0xcf, 0xff, 0xff, 0xf9,
    0x0, 0x8, 0xff, 0xff, 0xff, 0x90, 0x0, 0x0,
    0x0, 0x0, 0x0, 0x0, 0x0, 0x1e, 0xff, 0xff,
    0xff, 0x10, 0xe, 0xff, 0xff, 0xfe, 0x0, 0x0,
    0x0, 0x0, 0x0, 0x0, 0x0, 0x0, 0x6, 0xff,
    0xff, 0xff, 0x60, 0x2f, 0xff, 0xff, 0xf8, 0x0,
    0x0, 0x0, 0x0, 0x0, 0x0, 0x0, 0x0, 0x0,
    0xef, 0xff, 0xff, 0xa0, 0x6f, 0xff, 0xff, 0xf2,
    0x0, 0x0, 0x0, 0x0, 0x0, 0x0, 0x0, 0x0,
    0x0, 0x9f, 0xff, 0xff, 0xe0, 0x8f, 0xff, 0xff,
    0xf0, 0x0, 0x0, 0x0, 0x0, 0x0, 0x0, 0x0,
    0x0, 0x0, 0x6f, 0xff, 0xff, 0xf1, 0xaf, 0xff,
    0xff, 0xc0, 0x0, 0x0, 0x0, 0x0, 0x0, 0x0,
    0x0, 0x0, 0x0, 0x3f, 0xff, 0xff, 0xf3, 0xcf,
    0xff, 0xff, 0xa0, 0x0, 0x0, 0x0, 0x0, 0x0,
    0x0, 0x0, 0x0, 0x0, 0x1f, 0xff, 0xff, 0xf4,
    0xcf, 0xff, 0xff, 0xa0, 0x0, 0x0, 0x0, 0x0,
    0x0, 0x0, 0x0, 0x0, 0x0, 0xf, 0xff, 0xff,
    0xf5, 0xdf, 0xff, 0xff, 0x90, 0x0, 0x0, 0x0,
    0x0, 0x0, 0x0, 0x0, 0x0, 0x0, 0xf, 0xff,
    0xff, 0xf5, 0xcf, 0xff, 0xff, 0x90, 0x0, 0x0,
    0x0, 0x0, 0x0, 0x0, 0x0, 0x0, 0x0, 0xf,
    0xff, 0xff, 0xf5, 0xcf, 0xff, 0xff, 0xa0, 0x0,
    0x0, 0x0, 0x0, 0x0, 0x0, 0x0, 0x0, 0x0,
    0x1f, 0xff, 0xff, 0xf4, 0xaf, 0xff, 0xff, 0xc0,
    0x0, 0x0, 0x0, 0x0, 0x0, 0x0, 0x0, 0x0,
    0x0, 0x2f, 0xff, 0xff, 0xf3, 0x8f, 0xff, 0xff,
    0xe0, 0x0, 0x0, 0x0, 0x0, 0x0, 0x0, 0x0,
    0x0, 0x0, 0x6f, 0xff, 0xff, 0xf1, 0x6f, 0xff,
    0xff, 0xf2, 0x0, 0x0, 0x0, 0x0, 0x0, 0x0,
    0x0, 0x0, 0x0, 0x9f, 0xff, 0xff, 0xe0, 0x2f,
    0xff, 0xff, 0xf8, 0x0, 0x0, 0x0, 0x0, 0x0,
    0x0, 0x0, 0x0, 0x0, 0xef, 0xff, 0xff, 0xa0,
    0xd, 0xff, 0xff, 0xfe, 0x0, 0x0, 0x0, 0x0,
    0x0, 0x0, 0x0, 0x0, 0x6, 0xff, 0xff, 0xff,
    0x60, 0x8, 0xff, 0xff, 0xff, 0x90, 0x0, 0x0,
    0x0, 0x0, 0x0, 0x0, 0x0, 0x1e, 0xff, 0xff,
    0xff, 0x10, 0x1, 0xff, 0xff, 0xff, 0xf6, 0x0,
    0x0, 0x0, 0x0, 0x0, 0x0, 0x1, 0xcf, 0xff,
    0xff, 0xf9, 0x0, 0x0, 0x9f, 0xff, 0xff, 0xff,
    0x80, 0x0, 0x0, 0x0, 0x0, 0x0, 0x3d, 0xff,
    0xff, 0xff, 0xf2, 0x0, 0x0, 0xe, 0xff, 0xff,
    0xff, 0xfe, 0x83, 0x0, 0x0, 0x1, 0x5b, 0xff,
    0xff, 0xff, 0xff, 0x70, 0x0, 0x0, 0x3, 0xff,
    0xff, 0xff, 0xff, 0xff, 0xfe, 0xdd, 0xff, 0xff,
    0xff, 0xff, 0xff, 0xfa, 0x0, 0x0, 0x0, 0x0,
    0x4f, 0xff, 0xff, 0xff, 0xff, 0xff, 0xff, 0xff,
    0xff, 0xff, 0xff, 0xff, 0xb0, 0x0, 0x0, 0x0,
    0x0, 0x2, 0xdf, 0xff, 0xff, 0xff, 0xff, 0xff,
    0xff, 0xff, 0xff, 0xff, 0xf8, 0x0, 0x0, 0x0,
    0x0, 0x0, 0x0, 0x6, 0xef, 0xff, 0xff, 0xff,
    0xff, 0xff, 0xff, 0xff, 0xfb, 0x20, 0x0, 0x0,
    0x0, 0x0, 0x0, 0x0, 0x0, 0x5, 0xae, 0xff,
    0xff, 0xff, 0xff, 0xff, 0xc8, 0x20, 0x0, 0x0,
    0x0, 0x0, 0x0, 0x0, 0x0, 0x0, 0x0, 0x0,
    0x14, 0x67, 0x77, 0x65, 0x30, 0x0, 0x0, 0x0,
    0x0, 0x0, 0x0,

    /* U+0050 "P" */
    0x5f, 0xff, 0xff, 0xff, 0xff, 0xff, 0xff, 0xff,
    0xff, 0xed, 0xa6, 0x0, 0x0, 0x0, 0x5f, 0xff,
    0xff, 0xff, 0xff, 0xff, 0xff, 0xff, 0xff, 0xff,
    0xff, 0xf7, 0x0, 0x0, 0x5f, 0xff, 0xff, 0xff,
    0xff, 0xff, 0xff, 0xff, 0xff, 0xff, 0xff, 0xff,
    0xc1, 0x0, 0x5f, 0xff, 0xff, 0xff, 0xff, 0xff,
    0xff, 0xff, 0xff, 0xff, 0xff, 0xff, 0xfc, 0x0,
    0x5f, 0xff, 0xff, 0xff, 0xff, 0xff, 0xff, 0xff,
    0xff, 0xff, 0xff, 0xff, 0xff, 0x70, 0x5f, 0xff,
    0xff, 0xe5, 0x55, 0x55, 0x55, 0x55, 0x57, 0xaf,
    0xff, 0xff, 0xff, 0xe0, 0x5f, 0xff, 0xff, 0xe0,
    0x0, 0x0, 0x0, 0x0, 0x0, 0x2, 0xdf, 0xff,
    0xff, 0xf5, 0x5f, 0xff, 0xff, 0xe0, 0x0, 0x0,
    0x0, 0x0, 0x0, 0x0, 0x2f, 0xff, 0xff, 0xf9,
    0x5f, 0xff, 0xff, 0xe0, 0x0, 0x0, 0x0, 0x0,
    0x0, 0x0, 0xa, 0xff, 0xff, 0xfc, 0x5f, 0xff,
    0xff, 0xe0, 0x0, 0x0, 0x0, 0x0, 0x0, 0x0,
    0x6, 0xff, 0xff, 0xfe, 0x5f, 0xff, 0xff, 0xe0,
    0x0, 0x0, 0x0, 0x0, 0x0, 0x0, 0x5, 0xff,
    0xff, 0xff, 0x5f, 0xff, 0xff, 0xe0, 0x0, 0x0,
    0x0, 0x0, 0x0, 0x0, 0x6, 0xff, 0xff, 0xfe,
    0x5f, 0xff, 0xff, 0xe0, 0x0, 0x0, 0x0, 0x0,
    0x0, 0x0, 0x9, 0xff, 0xff, 0xfd, 0x5f, 0xff,
    0xff, 0xe0, 0x0, 0x0, 0x0, 0x0, 0x0, 0x0,
    0xe, 0xff, 0xff, 0xfa, 0x5f, 0xff, 0xff, 0xe0,
    0x0, 0x0, 0x0, 0x0, 0x0, 0x0, 0xaf, 0xff,
    0xff, 0xf6, 0x5f, 0xff, 0xff, 0xe0, 0x0, 0x0,
    0x0, 0x0, 0x1, 0x4c, 0xff, 0xff, 0xff, 0xf1,
    0x5f, 0xff, 0xff, 0xff, 0xff, 0xff, 0xff, 0xff,
    0xff, 0xff, 0xff, 0xff, 0xff, 0x90, 0x5f, 0xff,
    0xff, 0xff, 0xff, 0xff, 0xff, 0xff, 0xff, 0xff,
    0xff, 0xff, 0xfd, 0x0, 0x5f, 0xff, 0xff, 0xff,
    0xff, 0xff, 0xff, 0xff, 0xff, 0xff, 0xff, 0xff,
    0xe2, 0x0, 0x5f, 0xff, 0xff, 0xff, 0xff, 0xff,
    0xff, 0xff, 0xff, 0xff, 0xff, 0xfb, 0x10, 0x0,
    0x5f, 0xff, 0xff, 0xff, 0xff, 0xff, 0xff, 0xff,
    0xff, 0xff, 0xea, 0x30, 0x0, 0x0, 0x5f, 0xff,
    0xff, 0xe5, 0x55, 0x55, 0x55, 0x55, 0x55, 0x42,
    0x0, 0x0, 0x0, 0x0, 0x5f, 0xff, 0xff, 0xe0,
    0x0, 0x0, 0x0, 0x0, 0x0, 0x0, 0x0, 0x0,
    0x0, 0x0, 0x5f, 0xff, 0xff, 0xe0, 0x0, 0x0,
    0x0, 0x0, 0x0, 0x0, 0x0, 0x0, 0x0, 0x0,
    0x5f, 0xff, 0xff, 0xe0, 0x0, 0x0, 0x0, 0x0,
    0x0, 0x0, 0x0, 0x0, 0x0, 0x0, 0x5f, 0xff,
    0xff, 0xe0, 0x0, 0x0, 0x0, 0x0, 0x0, 0x0,
    0x0, 0x0, 0x0, 0x0, 0x5f, 0xff, 0xff, 0xe0,
    0x0, 0x0, 0x0, 0x0, 0x0, 0x0, 0x0, 0x0,
    0x0, 0x0, 0x5f, 0xff, 0xff, 0xe0, 0x0, 0x0,
    0x0, 0x0, 0x0, 0x0, 0x0, 0x0, 0x0, 0x0,
    0x5f, 0xff, 0xff, 0xe0, 0x0, 0x0, 0x0, 0x0,
    0x0, 0x0, 0x0, 0x0, 0x0, 0x0, 0x5f, 0xff,
    0xff, 0xe0, 0x0, 0x0, 0x0, 0x0, 0x0, 0x0,
    0x0, 0x0, 0x0, 0x0, 0x5f, 0xff, 0xff, 0xe0,
    0x0, 0x0, 0x0, 0x0, 0x0, 0x0, 0x0, 0x0,
    0x0, 0x0, 0x5f, 0xff, 0xff, 0xe0, 0x0, 0x0,
    0x0, 0x0, 0x0, 0x0, 0x0, 0x0, 0x0, 0x0,
    0x5f, 0xff, 0xff, 0xe0, 0x0, 0x0, 0x0, 0x0,
    0x0, 0x0, 0x0, 0x0, 0x0, 0x0,

    /* U+0051 "Q" */
    0x0, 0x0, 0x0, 0x0, 0x0, 0x0, 0x14, 0x67,
    0x77, 0x65, 0x30, 0x0, 0x0, 0x0, 0x0, 0x0,
    0x0, 0x0, 0x0, 0x0, 0x0, 0x4, 0xae, 0xff,
    0xff, 0xff, 0xff, 0xff, 0xc8, 0x20, 0x0, 0x0,
    0x0, 0x0, 0x0, 0x0, 0x0, 0x6, 0xef, 0xff,
    0xff, 0xff, 0xff, 0xff, 0xff, 0xff, 0xfb, 0x20,
    0x0, 0x0, 0x0, 0x0, 0x0, 0x2, 0xdf, 0xff,
    0xff, 0xff, 0xff, 0xff, 0xff, 0xff, 0xff, 0xff,
    0xf8, 0x0, 0x0, 0x0, 0x0, 0x0, 0x4e, 0xff,
    0xff, 0xff, 0xff, 0xff, 0xff, 0xff, 0xff, 0xff,
    0xff, 0xff, 0xb0, 0x0, 0x0, 0x0, 0x3, 0xff,
    0xff, 0xff, 0xff, 0xff, 0xfe, 0xde, 0xff, 0xff,
    0xff, 0xff, 0xff, 0xfa, 0x0, 0x0, 0x0, 0xe,
    0xff, 0xff, 0xff, 0xfe, 0x84, 0x0, 0x0, 0x1,
    0x6b, 0xff, 0xff, 0xff, 0xff, 0x70, 0x0, 0x0,
    0x9f, 0xff, 0xff, 0xff, 0x90, 0x0, 0x0, 0x0,
    0x0, 0x0, 0x3d, 0xff, 0xff, 0xff, 0xf2, 0x0,
    0x1, 0xff, 0xff, 0xff, 0xf6, 0x0, 0x0, 0x0,
    0x0, 0x0, 0x0, 0x1, 0xcf, 0xff, 0xff, 0xf9,
    0x0, 0x8, 0xff, 0xff, 0xff, 0x90, 0x0, 0x0,
    0x0, 0x0, 0x0, 0x0, 0x0, 0x1e, 0xff, 0xff,
    0xff, 0x10, 0xe, 0xff, 0xff, 0xfe, 0x0, 0x0,
    0x0, 0x0, 0x0, 0x0, 0x0, 0x0, 0x6, 0xff,
    0xff, 0xff, 0x60, 0x2f, 0xff, 0xff, 0xf8, 0x0,
    0x0, 0x0, 0x0, 0x0, 0x0, 0x0, 0x0, 0x0,
    0xef, 0xff, 0xff, 0xa0, 0x6f, 0xff, 0xff, 0xf2,
    0x0, 0x0, 0x0, 0x0, 0x0, 0x0, 0x0, 0x0,
    0x0, 0x9f, 0xff, 0xff, 0xe0, 0x8f, 0xff, 0xff,
    0xf0, 0x0, 0x0, 0x0, 0x0, 0x0, 0x0, 0x0,
    0x0, 0x0, 0x6f, 0xff, 0xff, 0xf1, 0xaf, 0xff,
    0xff, 0xc0, 0x0, 0x0, 0x0, 0x0, 0x0, 0x0,
    0x0, 0x0, 0x0, 0x3f, 0xff, 0xff, 0xf3, 0xcf,
    0xff, 0xff, 0xa0, 0x0, 0x0, 0x0, 0x0, 0x0,
    0x0, 0x0, 0x0, 0x0, 0x1f, 0xff, 0xff, 0xf4,
    0xcf, 0xff, 0xff, 0xa0, 0x0, 0x0, 0x0, 0x0,
    0x0, 0x0, 0x0, 0x0, 0x0, 0xf, 0xff, 0xff,
    0xf5, 0xdf, 0xff, 0xff, 0x90, 0x0, 0x0, 0x0,
    0x0, 0x0, 0x0, 0x0, 0x0, 0x0, 0xf, 0xff,
    0xff, 0xf5, 0xcf, 0xff, 0xff, 0x90, 0x0, 0x0,
    0x0, 0x0, 0x0, 0x0, 0x0, 0x0, 0x0, 0xf,
    0xff, 0xff, 0xf5, 0xcf, 0xff, 0xff, 0xa0, 0x0,
    0x0, 0x0, 0x0, 0x0, 0x0, 0x0, 0x0, 0x0,
    0x1f, 0xff, 0xff, 0xf4, 0xaf, 0xff, 0xff, 0xc0,
    0x0, 0x0, 0x0, 0x0, 0x0, 0x0, 0x0, 0x0,
    0x0, 0x2f, 0xff, 0xff, 0xf3, 0x8f, 0xff, 0xff,
    0xe0, 0x0, 0x0, 0x0, 0x0, 0x0, 0x0, 0x0,
    0x0, 0x0, 0x6f, 0xff, 0xff, 0xf0, 0x6f, 0xff,
    0xff, 0xf2, 0x0, 0x0, 0x0, 0x0, 0x0, 0x0,
    0x0, 0x0, 0x0, 0x9f, 0xff, 0xff, 0xe0, 0x2f,
    0xff, 0xff, 0xf8, 0x0, 0x0, 0x0, 0x0, 0x0,
    0x0, 0x0, 0x0, 0x0, 0xef, 0xff, 0xff, 0xa0,
    0xd, 0xff, 0xff, 0xfe, 0x0, 0x0, 0x0, 0x0,
    0x0, 0x0, 0x0, 0x0, 0x6, 0xff, 0xff, 0xff,
    0x60, 0x8, 0xff, 0xff, 0xff, 0x90, 0x0, 0x0,
    0x0, 0x0, 0x0, 0x0, 0x0, 0x1e, 0xff, 0xff,
    0xff, 0x10, 0x1, 0xff, 0xff, 0xff, 0xf6, 0x0,
    0x0, 0x0, 0x0, 0x0, 0x0, 0x1, 0xcf, 0xff,
    0xff, 0xf9, 0x0, 0x0, 0x9f, 0xff, 0xff, 0xff,
    0x80, 0x0, 0x0, 0x0, 0x0, 0x0, 0x3d, 0xff,
    0xff, 0xff, 0xf1, 0x0, 0x0, 0xe, 0xff, 0xff,
    0xff, 0xfe, 0x83, 0x0, 0x0, 0x1, 0x5b, 0xff,
    0xff, 0xff, 0xff, 0x60, 0x0, 0x0, 0x3, 0xff,
    0xff, 0xff, 0xff, 0xff, 0xfe, 0xdd, 0xff, 0xff,
    0xff, 0xff, 0xff, 0xfa, 0x0, 0x0, 0x0, 0x0,
    0x4f, 0xff, 0xff, 0xff, 0xff, 0xff, 0xff, 0xff,
    0xff, 0xff, 0xff, 0xff, 0xa0, 0x0, 0x0, 0x0,
    0x0, 0x2, 0xdf, 0xff, 0xff, 0xff, 0xff, 0xff,
    0xff, 0xff, 0xff, 0xff, 0xf7, 0x0, 0x0, 0x0,
    0x0, 0x0, 0x0, 0x6, 0xef, 0xff, 0xff, 0xff,
    0xff, 0xff, 0xff, 0xff, 0xfb, 0x20, 0x0, 0x0,
    0x0, 0x0, 0x0, 0x0, 0x0, 0x5, 0xae, 0xff,
    0xff, 0xff, 0xff, 0xff, 0xff, 0xf5, 0x0, 0x0,
    0x0, 0x0, 0x0, 0x0, 0x0, 0x0, 0x0, 0x0,
    0x14, 0x67, 0x77, 0xaf, 0xff, 0xff, 0xff, 0x50,
    0x0, 0x0, 0x0, 0x0, 0x0, 0x0, 0x0, 0x0,
    0x0, 0x0, 0x0, 0x0, 0x9, 0xff, 0xff, 0xff,
    0xf6, 0x0, 0x0, 0x0, 0x0, 0x0, 0x0, 0x0,
    0x0, 0x0, 0x0, 0x0, 0x0, 0x0, 0x9f, 0xff,
    0xff, 0xff, 0x70, 0x0, 0x0, 0x0, 0x0, 0x0,
    0x0, 0x0, 0x0, 0x0, 0x0, 0x0, 0x0, 0xa,
    0xff, 0xff, 0xff, 0xf8, 0x0, 0x0, 0x0, 0x0,
    0x0, 0x0, 0x0, 0x0, 0x0, 0x0, 0x0, 0x0,
    0x0, 0xaf, 0xff, 0xff, 0xff, 0x90, 0x0, 0x0,
    0x0, 0x0, 0x0, 0x0, 0x0, 0x0, 0x0, 0x0,
    0x0, 0x0, 0xa, 0xff, 0xff, 0xff, 0xfa, 0x0,

    /* U+0052 "R" */
    0x5f, 0xff, 0xff, 0xff, 0xff, 0xff, 0xff, 0xff,
    0xff, 0xfe, 0xc9, 0x50, 0x0, 0x0, 0x0, 0x5f,
    0xff, 0xff, 0xff, 0xff, 0xff, 0xff, 0xff, 0xff,
    0xff, 0xff, 0xfe, 0x60, 0x0, 0x0, 0x5f, 0xff,
    0xff, 0xff, 0xff, 0xff, 0xff, 0xff, 0xff, 0xff,
    0xff, 0xff, 0xfb, 0x0, 0x0, 0x5f, 0xff, 0xff,
    0xff, 0xff, 0xff, 0xff, 0xff, 0xff, 0xff, 0xff,
    0xff, 0xff, 0xb0, 0x0, 0x5f, 0xff, 0xff, 0xff,
    0xff, 0xff, 0xff, 0xff, 0xff, 0xff, 0xff, 0xff,
    0xff, 0xf6, 0x0, 0x5f, 0xff, 0xff, 0xe5, 0x55,
    0x55, 0x55, 0x55, 0x55, 0x7b, 0xff, 0xff, 0xff,
    0xfe, 0x0, 0x5f, 0xff, 0xff, 0xe0, 0x0, 0x0,
    0x0, 0x0, 0x0, 0x0, 0x2e, 0xff, 0xff, 0xff,
    0x40, 0x5f, 0xff, 0xff, 0xe0, 0x0, 0x0, 0x0,
    0x0, 0x0, 0x0, 0x3, 0xff, 0xff, 0xff, 0x80,
    0x5f, 0xff, 0xff, 0xe0, 0x0, 0x0, 0x0, 0x0,
    0x0, 0x0, 0x0, 0xcf, 0xff, 0xff, 0xb0, 0x5f,
    0xff, 0xff, 0xe0, 0x0, 0x0, 0x0, 0x0, 0x0,
    0x0, 0x0, 0x9f, 0xff, 0xff, 0xc0, 0x5f, 0xff,
    0xff, 0xe0, 0x0, 0x0, 0x0, 0x0, 0x0, 0x0,
    0x0, 0x8f, 0xff, 0xff, 0xc0, 0x5f, 0xff, 0xff,
    0xe0, 0x0, 0x0, 0x0, 0x0, 0x0, 0x0, 0x0,
    0x9f, 0xff, 0xff, 0xc0, 0x5f, 0xff, 0xff, 0xe0,
    0x0, 0x0, 0x0, 0x0, 0x0, 0x0, 0x0, 0xdf,
    0xff, 0xff, 0xa0, 0x5f, 0xff, 0xff, 0xe0, 0x0,
    0x0, 0x0, 0x0, 0x0, 0x0, 0x4, 0xff, 0xff,
    0xff, 0x60, 0x5f, 0xff, 0xff, 0xe0, 0x0, 0x0,
    0x0, 0x0, 0x0, 0x0, 0x2e, 0xff, 0xff, 0xff,
    0x10, 0x5f, 0xff, 0xff, 0xe4, 0x44, 0x44, 0x44,
    0x44, 0x44, 0x59, 0xff, 0xff, 0xff, 0xfb, 0x0,
    0x5f, 0xff, 0xff, 0xff, 0xff, 0xff, 0xff, 0xff,
    0xff, 0xff, 0xff, 0xff, 0xff, 0xf2, 0x0, 0x5f,
    0xff, 0xff, 0xff, 0xff, 0xff, 0xff, 0xff, 0xff,
    0xff, 0xff, 0xff, 0xff, 0x60, 0x0, 0x5f, 0xff,
    0xff, 0xff, 0xff, 0xff, 0xff, 0xff, 0xff, 0xff,
    0xff, 0xff, 0xf6, 0x0, 0x0, 0x5f, 0xff, 0xff,
    0xff, 0xff, 0xff, 0xff, 0xff, 0xff, 0xff, 0xff,
    0xfc, 0x30, 0x0, 0x0, 0x5f, 0xff, 0xff, 0xff,
    0xff, 0xff, 0xff, 0xff, 0xff, 0xff, 0xff, 0xf7,
    0x0, 0x0, 0x0, 0x5f, 0xff, 0xff, 0xe0, 0x0,
    0x0, 0x0, 0x0, 0xa, 0xff, 0xff, 0xfe, 0x0,
    0x0, 0x0, 0x5f, 0xff, 0xff, 0xe0, 0x0, 0x0,
    0x0, 0x0, 0x2, 0xff, 0xff, 0xff, 0x70, 0x0,
    0x0, 0x5f, 0xff, 0xff, 0xe0, 0x0, 0x0, 0x0,
    0x0, 0x0, 0xaf, 0xff, 0xff, 0xf1, 0x0, 0x0,
    0x5f, 0xff, 0xff, 0xe0, 0x0, 0x0, 0x0, 0x0,
    0x0, 0x2f, 0xff, 0xff, 0xf8, 0x0, 0x0, 0x5f,
    0xff, 0xff, 0xe0, 0x0, 0x0, 0x0, 0x0, 0x0,
    0xa, 0xff, 0xff, 0xff, 0x10, 0x0, 0x5f, 0xff,
    0xff, 0xe0, 0x0, 0x0, 0x0, 0x0, 0x0, 0x2,
    0xff, 0xff, 0xff, 0x90, 0x0, 0x5f, 0xff, 0xff,
    0xe0, 0x0, 0x0, 0x0, 0x0, 0x0, 0x0, 0x9f,
    0xff, 0xff, 0xf1, 0x0, 0x5f, 0xff, 0xff, 0xe0,
    0x0, 0x0, 0x0, 0x0, 0x0, 0x0, 0x2f, 0xff,
    0xff, 0xf9, 0x0, 0x5f, 0xff, 0xff, 0xe0, 0x0,
    0x0, 0x0, 0x0, 0x0, 0x0, 0x9, 0xff, 0xff,
    0xff, 0x20, 0x5f, 0xff, 0xff, 0xe0, 0x0, 0x0,
    0x0, 0x0, 0x0, 0x0, 0x2, 0xff, 0xff, 0xff,
    0xa0, 0x5f, 0xff, 0xff, 0xe0, 0x0, 0x0, 0x0,
    0x0, 0x0, 0x0, 0x0, 0x9f, 0xff, 0xff, 0xf3,
    0x5f, 0xff, 0xff, 0xe0, 0x0, 0x0, 0x0, 0x0,
    0x0, 0x0, 0x0, 0x1f, 0xff, 0xff, 0xfb,

    /* U+0053 "S" */
    0x0, 0x0, 0x0, 0x0, 0x0, 0x35, 0x67, 0x76,
    0x53, 0x0, 0x0, 0x0, 0x0, 0x0, 0x0, 0x0,
    0x0, 0x27, 0xcf, 0xff, 0xff, 0xff, 0xff, 0xfd,
    0x72, 0x0, 0x0, 0x0, 0x0, 0x0, 0x2a, 0xff,
    0xff, 0xff, 0xff, 0xff, 0xff, 0xff, 0xff, 0x91,
    0x0, 0x0, 0x0, 0x4, 0xef, 0xff, 0xff, 0xff,
    0xff, 0xff, 0xff, 0xff, 0xff, 0xfe, 0x30, 0x0,
    0x0, 0x3f, 0xff, 0xff, 0xff, 0xff, 0xff, 0xff,
    0xff, 0xff, 0xff, 0xff, 0xf2, 0x0, 0x0, 0xef,
    0xff, 0xff, 0xff, 0xff, 0xed, 0xde, 0xff, 0xff,
    0xff, 0xff, 0xfc, 0x0, 0x6, 0xff, 0xff, 0xff,
    0xf9, 0x30, 0x0, 0x0, 0x15, 0xcf, 0xff, 0xff,
    0xff, 0x50, 0xc, 0xff, 0xff, 0xfe, 0x20, 0x0,
    0x0, 0x0, 0x0, 0x6, 0xff, 0xff, 0xff, 0xb0,
    0xe, 0xff, 0xff, 0xf7, 0x0, 0x0, 0x0, 0x0,
    0x0, 0x0, 0x9f, 0xff, 0xff, 0xe0, 0xf, 0xff,
    0xff, 0xf5, 0x0, 0x0, 0x0, 0x0, 0x0, 0x0,
    0x4f, 0xff, 0xff, 0xf0, 0xf, 0xff, 0xff, 0xf8,
    0x0, 0x0, 0x0, 0x0, 0x0, 0x0, 0x1a, 0xaa,
    0xaa, 0xa0, 0xd, 0xff, 0xff, 0xff, 0x50, 0x0,
    0x0, 0x0, 0x0, 0x0, 0x0, 0x0, 0x0, 0x0,
    0x8, 0xff, 0xff, 0xff, 0xfb, 0x30, 0x0, 0x0,
    0x0, 0x0, 0x0, 0x0, 0x0, 0x0, 0x2, 0xff,
    0xff, 0xff, 0xff, 0xfd, 0x84, 0x0, 0x0, 0x0,
    0x0, 0x0, 0x0, 0x0, 0x0, 0x6f, 0xff, 0xff,
    0xff, 0xff, 0xff, 0xfb, 0x72, 0x0, 0x0, 0x0,
    0x0, 0x0, 0x0, 0x8, 0xff, 0xff, 0xff, 0xff,
    0xff, 0xff, 0xff, 0xd8, 0x20, 0x0, 0x0, 0x0,
    0x0, 0x0, 0x4e, 0xff, 0xff, 0xff, 0xff, 0xff,
    0xff, 0xff, 0xfd, 0x50, 0x0, 0x0, 0x0, 0x0,
    0x0, 0x6e, 0xff, 0xff, 0xff, 0xff, 0xff, 0xff,
    0xff, 0xfd, 0x30, 0x0, 0x0, 0x0, 0x0, 0x0,
    0x39, 0xef, 0xff, 0xff, 0xff, 0xff, 0xff, 0xff,
    0xf5, 0x0, 0x0, 0x0, 0x0, 0x0, 0x0, 0x3,
    0x7c, 0xff, 0xff, 0xff, 0xff, 0xff, 0xff, 0x40,
    0x0, 0x0, 0x0, 0x0, 0x0, 0x0, 0x0, 0x5,
    0x9e, 0xff, 0xff, 0xff, 0xff, 0xe0, 0x0, 0x0,
    0x0, 0x0, 0x0, 0x0, 0x0, 0x0, 0x0, 0x5d,
    0xff, 0xff, 0xff, 0xf5, 0x0, 0x0, 0x0, 0x0,
    0x0, 0x0, 0x0, 0x0, 0x0, 0x0, 0xaf, 0xff,
    0xff, 0xfa, 0x68, 0x88, 0x88, 0x40, 0x0, 0x0,
    0x0, 0x0, 0x0, 0x0, 0xd, 0xff, 0xff, 0xfc,
    0xdf, 0xff, 0xff, 0x70, 0x0, 0x0, 0x0, 0x0,
    0x0, 0x0, 0x8, 0xff, 0xff, 0xfd, 0xcf, 0xff,
    0xff, 0xa0, 0x0, 0x0, 0x0, 0x0, 0x0, 0x0,
    0x7, 0xff, 0xff, 0xfc, 0x9f, 0xff, 0xff, 0xf2,
    0x0, 0x0, 0x0, 0x0, 0x0, 0x0, 0xc, 0xff,
    0xff, 0xfa, 0x5f, 0xff, 0xff, 0xfd, 0x20, 0x0,
    0x0, 0x0, 0x0, 0x0, 0x7f, 0xff, 0xff, 0xf6,
    0xe, 0xff, 0xff, 0xff, 0xf9, 0x40, 0x0, 0x0,
    0x2, 0x6c, 0xff, 0xff, 0xff, 0xf1, 0x4, 0xff,
    0xff, 0xff, 0xff, 0xff, 0xed, 0xdd, 0xff, 0xff,
    0xff, 0xff, 0xff, 0x80, 0x0, 0x7f, 0xff, 0xff,
    0xff, 0xff, 0xff, 0xff, 0xff, 0xff, 0xff, 0xff,
    0xfc, 0x0, 0x0, 0x6, 0xff, 0xff, 0xff, 0xff,
    0xff, 0xff, 0xff, 0xff, 0xff, 0xff, 0xb0, 0x0,
    0x0, 0x0, 0x2a, 0xff, 0xff, 0xff, 0xff, 0xff,
    0xff, 0xff, 0xff, 0xe6, 0x0, 0x0, 0x0, 0x0,
    0x0, 0x28, 0xdf, 0xff, 0xff, 0xff, 0xff, 0xfd,
    0xa5, 0x0, 0x0, 0x0, 0x0, 0x0, 0x0, 0x0,
    0x0, 0x35, 0x67, 0x76, 0x54, 0x10, 0x0, 0x0,
    0x0, 0x0,

    /* U+0054 "T" */
    0xcf, 0xff, 0xff, 0xff, 0xff, 0xff, 0xff, 0xff,
    0xff, 0xff, 0xff, 0xff, 0xff, 0xf8, 0xcf, 0xff,
    0xff, 0xff, 0xff, 0xff, 0xff, 0xff, 0xff, 0xff,
    0xff, 0xff, 0xff, 0xf8, 0xcf, 0xff, 0xff, 0xff,
    0xff, 0xff, 0xff, 0xff, 0xff, 0xff, 0xff, 0xff,
    0xff, 0xf8, 0xcf, 0xff, 0xff, 0xff, 0xff, 0xff,
    0xff, 0xff, 0xff, 0xff, 0xff, 0xff, 0xff, 0xf8,
    0xcf, 0xff, 0xff, 0xff, 0xff, 0xff, 0xff, 0xff,
    0xff, 0xff, 0xff, 0xff, 0xff, 0xf8, 0x56, 0x66,
    0x66, 0x66, 0x66, 0x9f, 0xff, 0xff, 0xf6, 0x66,
    0x66, 0x66, 0x66, 0x63, 0x0, 0x0, 0x0, 0x0,
    0x0, 0x4f, 0xff, 0xff, 0xf0, 0x0, 0x0, 0x0,
    0x0, 0x0, 0x0, 0x0, 0x0, 0x0, 0x0, 0x4f,
    0xff, 0xff, 0xf0, 0x0, 0x0, 0x0, 0x0, 0x0,
    0x0, 0x0, 0x0, 0x0, 0x0, 0x4f, 0xff, 0xff,
    0xf0, 0x0, 0x0, 0x0, 0x0, 0x0, 0x0, 0x0,
    0x0, 0x0, 0x0, 0x4f, 0xff, 0xff, 0xf0, 0x0,
    0x0, 0x0, 0x0, 0x0, 0x0, 0x0, 0x0, 0x0,
    0x0, 0x4f, 0xff, 0xff, 0xf0, 0x0, 0x0, 0x0,
    0x0, 0x0, 0x0, 0x0, 0x0, 0x0, 0x0, 0x4f,
    0xff, 0xff, 0xf0, 0x0, 0x0, 0x0, 0x0, 0x0,
    0x0, 0x0, 0x0, 0x0, 0x0, 0x4f, 0xff, 0xff,
    0xf0, 0x0, 0x0, 0x0, 0x0, 0x0, 0x0, 0x0,
    0x0, 0x0, 0x0, 0x4f, 0xff, 0xff, 0xf0, 0x0,
    0x0, 0x0, 0x0, 0x0, 0x0, 0x0, 0x0, 0x0,
    0x0, 0x4f, 0xff, 0xff, 0xf0, 0x0, 0x0, 0x0,
    0x0, 0x0, 0x0, 0x0, 0x0, 0x0, 0x0, 0x4f,
    0xff, 0xff, 0xf0, 0x0, 0x0, 0x0, 0x0, 0x0,
    0x0, 0x0, 0x0, 0x0, 0x0, 0x4f, 0xff, 0xff,
    0xf0, 0x0, 0x0, 0x0, 0x0, 0x0, 0x0, 0x0,
    0x0, 0x0, 0x0, 0x4f, 0xff, 0xff, 0xf0, 0x0,
    0x0, 0x0, 0x0, 0x0, 0x0, 0x0, 0x0, 0x0,
    0x0, 0x4f, 0xff, 0xff, 0xf0, 0x0, 0x0, 0x0,
    0x0, 0x0, 0x0, 0x0, 0x0, 0x0, 0x0, 0x4f,
    0xff, 0xff, 0xf0, 0x0, 0x0, 0x0, 0x0, 0x0,
    0x0, 0x0, 0x0, 0x0, 0x0, 0x4f, 0xff, 0xff,
    0xf0, 0x0, 0x0, 0x0, 0x0, 0x0, 0x0, 0x0,
    0x0, 0x0, 0x0, 0x4f, 0xff, 0xff, 0xf0, 0x0,
    0x0, 0x0, 0x0, 0x0, 0x0, 0x0, 0x0, 0x0,
    0x0, 0x4f, 0xff, 0xff, 0xf0, 0x0, 0x0, 0x0,
    0x0, 0x0, 0x0, 0x0, 0x0, 0x0, 0x0, 0x4f,
    0xff, 0xff, 0xf0, 0x0, 0x0, 0x0, 0x0, 0x0,
    0x0, 0x0, 0x0, 0x0, 0x0, 0x4f, 0xff, 0xff,
    0xf0, 0x0, 0x0, 0x0, 0x0, 0x0, 0x0, 0x0,
    0x0, 0x0, 0x0, 0x4f, 0xff, 0xff, 0xf0, 0x0,
    0x0, 0x0, 0x0, 0x0, 0x0, 0x0, 0x0, 0x0,
    0x0, 0x4f, 0xff, 0xff, 0xf0, 0x0, 0x0, 0x0,
    0x0, 0x0, 0x0, 0x0, 0x0, 0x0, 0x0, 0x4f,
    0xff, 0xff, 0xf0, 0x0, 0x0, 0x0, 0x0, 0x0,
    0x0, 0x0, 0x0, 0x0, 0x0, 0x4f, 0xff, 0xff,
    0xf0, 0x0, 0x0, 0x0, 0x0, 0x0, 0x0, 0x0,
    0x0, 0x0, 0x0, 0x4f, 0xff, 0xff, 0xf0, 0x0,
    0x0, 0x0, 0x0, 0x0, 0x0, 0x0, 0x0, 0x0,
    0x0, 0x4f, 0xff, 0xff, 0xf0, 0x0, 0x0, 0x0,
    0x0, 0x0, 0x0, 0x0, 0x0, 0x0, 0x0, 0x4f,
    0xff, 0xff, 0xf0, 0x0, 0x0, 0x0, 0x0, 0x0,
    0x0, 0x0, 0x0, 0x0, 0x0, 0x4f, 0xff, 0xff,
    0xf0, 0x0, 0x0, 0x0, 0x0, 0x0,

    /* U+0055 "U" */
    0x8f, 0xff, 0xff, 0xb0, 0x0, 0x0, 0x0, 0x0,
    0x0, 0x0, 0x0, 0xff, 0xff, 0xff, 0x48, 0xff,
    0xff, 0xfb, 0x0, 0x0, 0x0, 0x0, 0x0, 0x0,
    0x0, 0xf, 0xff, 0xff, 0xf4, 0x8f, 0xff, 0xff,
    0xb0, 0x0, 0x0, 0x0, 0x0, 0x0, 0x0, 0x0,
    0xff, 0xff, 0xff, 0x48, 0xff, 0xff, 0xfb, 0x0,
    0x0, 0x0, 0x0, 0x0, 0x0, 0x0, 0xf, 0xff,
    0xff, 0xf4, 0x8f, 0xff, 0xff, 0xb0, 0x0, 0x0,
    0x0, 0x0, 0x0, 0x0, 0x0, 0xff, 0xff, 0xff,
    0x48, 0xff, 0xff, 0xfb, 0x0, 0x0, 0x0, 0x0,
    0x0, 0x0, 0x0, 0xf, 0xff, 0xff, 0xf4, 0x8f,
    0xff, 0xff, 0xb0, 0x0, 0x0, 0x0, 0x0, 0x0,
    0x0, 0x0, 0xff, 0xff, 0xff, 0x48, 0xff, 0xff,
    0xfb, 0x0, 0x0, 0x0, 0x0, 0x0, 0x0, 0x0,
    0xf, 0xff, 0xff, 0xf4, 0x8f, 0xff, 0xff, 0xb0,
    0x0, 0x0, 0x0, 0x0, 0x0, 0x0, 0x0, 0xff,
    0xff, 0xff, 0x48, 0xff, 0xff, 0xfb, 0x0, 0x0,
    0x0, 0x0, 0x0, 0x0, 0x0, 0xf, 0xff, 0xff,
    0xf4, 0x8f, 0xff, 0xff, 0xb0, 0x0, 0x0, 0x0,
    0x0, 0x0, 0x0, 0x0, 0xff, 0xff, 0xff, 0x48,
    0xff, 0xff, 0xfb, 0x0, 0x0, 0x0, 0x0, 0x0,
    0x0, 0x0, 0xf, 0xff, 0xff, 0xf4, 0x8f, 0xff,
    0xff, 0xb0, 0x0, 0x0, 0x0, 0x0, 0x0, 0x0,
    0x0, 0xff, 0xff, 0xff, 0x48, 0xff, 0xff, 0xfb,
    0x0, 0x0, 0x0, 0x0, 0x0, 0x0, 0x0, 0xf,
    0xff, 0xff, 0xf4, 0x8f, 0xff, 0xff, 0xb0, 0x0,
    0x0, 0x0, 0x0, 0x0, 0x0, 0x0, 0xff, 0xff,
    0xff, 0x48, 0xff, 0xff, 0xfb, 0x0, 0x0, 0x0,
    0x0, 0x0, 0x0, 0x0, 0xf, 0xff, 0xff, 0xf4,
    0x8f, 0xff, 0xff, 0xb0, 0x0, 0x0, 0x0, 0x0,
    0x0, 0x0, 0x0, 0xff, 0xff, 0xff, 0x48, 0xff,
    0xff, 0xfb, 0x0, 0x0, 0x0, 0x0, 0x0, 0x0,
    0x0, 0xf, 0xff, 0xff, 0xf4, 0x8f, 0xff, 0xff,
    0xb0, 0x0, 0x0, 0x0, 0x0, 0x0, 0x0, 0x0,
    0xff, 0xff, 0xff, 0x48, 0xff, 0xff, 0xfb, 0x0,
    0x0, 0x0, 0x0, 0x0, 0x0, 0x0, 0xf, 0xff,
    0xff, 0xf4, 0x8f, 0xff, 0xff, 0xb0, 0x0, 0x0,
    0x0, 0x0, 0x0, 0x0, 0x0, 0xff, 0xff, 0xff,
    0x48, 0xff, 0xff, 0xfc, 0x0, 0x0, 0x0, 0x0,
    0x0, 0x0, 0x0, 0xf, 0xff, 0xff, 0xf4, 0x7f,
    0xff, 0xff, 0xe0, 0x0, 0x0, 0x0, 0x0, 0x0,
    0x0, 0x2, 0xff, 0xff, 0xff, 0x35, 0xff, 0xff,
    0xff, 0x10, 0x0, 0x0, 0x0, 0x0, 0x0, 0x0,
    0x5f, 0xff, 0xff, 0xf1, 0x2f, 0xff, 0xff, 0xf8,
    0x0, 0x0, 0x0, 0x0, 0x0, 0x0, 0xc, 0xff,
    0xff, 0xfe, 0x0, 0xef, 0xff, 0xff, 0xf2, 0x0,
    0x0, 0x0, 0x0, 0x0, 0x5, 0xff, 0xff, 0xff,
    0x90, 0x8, 0xff, 0xff, 0xff, 0xd2, 0x0, 0x0,
    0x0, 0x0, 0x5, 0xff, 0xff, 0xff, 0xf4, 0x0,
    0x1f, 0xff, 0xff, 0xff, 0xf9, 0x30, 0x0, 0x0,
    0x4b, 0xff, 0xff, 0xff, 0xfc, 0x0, 0x0, 0x7f,
    0xff, 0xff, 0xff, 0xff, 0xfd, 0xde, 0xff, 0xff,
    0xff, 0xff, 0xff, 0x30, 0x0, 0x0, 0xaf, 0xff,
    0xff, 0xff, 0xff, 0xff, 0xff, 0xff, 0xff, 0xff,
    0xff, 0x60, 0x0, 0x0, 0x0, 0xaf, 0xff, 0xff,
    0xff, 0xff, 0xff, 0xff, 0xff, 0xff, 0xff, 0x60,
    0x0, 0x0, 0x0, 0x0, 0x5e, 0xff, 0xff, 0xff,
    0xff, 0xff, 0xff, 0xff, 0xfb, 0x20, 0x0, 0x0,
    0x0, 0x0, 0x0, 0x5, 0xbf, 0xff, 0xff, 0xff,
    0xff, 0xfe, 0x93, 0x0, 0x0, 0x0, 0x0, 0x0,
    0x0, 0x0, 0x0, 0x2, 0x56, 0x77, 0x76, 0x41,
    0x0, 0x0, 0x0, 0x0, 0x0,

    /* U+0056 "V" */
    0x5f, 0xff, 0xff, 0xf6, 0x0, 0x0, 0x0, 0x0,
    0x0, 0x0, 0x0, 0x0, 0xe, 0xff, 0xff, 0xf8,
    0xf, 0xff, 0xff, 0xfc, 0x0, 0x0, 0x0, 0x0,
    0x0, 0x0, 0x0, 0x0, 0x4f, 0xff, 0xff, 0xf2,
    0x9, 0xff, 0xff, 0xff, 0x10, 0x0, 0x0, 0x0,
    0x0, 0x0, 0x0, 0x0, 0x9f, 0xff, 0xff, 0xd0,
    0x3, 0xff, 0xff, 0xff, 0x70, 0x0, 0x0, 0x0,
    0x0, 0x0, 0x0, 0x0, 0xef, 0xff, 0xff, 0x70,
    0x0, 0xef, 0xff, 0xff, 0xc0, 0x0, 0x0, 0x0,
    0x0, 0x0, 0x0, 0x4, 0xff, 0xff, 0xff, 0x10,
    0x0, 0x8f, 0xff, 0xff, 0xf2, 0x0, 0x0, 0x0,
    0x0, 0x0, 0x0, 0xa, 0xff, 0xff, 0xfb, 0x0,
    0x0, 0x2f, 0xff, 0xff, 0xf7, 0x0, 0x0, 0x0,
    0x0, 0x0, 0x0, 0xf, 0xff, 0xff, 0xf5, 0x0,
    0x0, 0xc, 0xff, 0xff, 0xfd, 0x0, 0x0, 0x0,
    0x0, 0x0, 0x0, 0x5f, 0xff, 0xff, 0xf0, 0x0,
    0x0, 0x6, 0xff, 0xff, 0xff, 0x20, 0x0, 0x0,
    0x0, 0x0, 0x0, 0xaf, 0xff, 0xff, 0xa0, 0x0,
    0x0, 0x1, 0xff, 0xff, 0xff, 0x80, 0x0, 0x0,
    0x0, 0x0, 0x0, 0xff, 0xff, 0xff, 0x40, 0x0,
    0x0, 0x0, 0xbf, 0xff, 0xff, 0xd0, 0x0, 0x0,
    0x0, 0x0, 0x5, 0xff, 0xff, 0xfe, 0x0, 0x0,
    0x0, 0x0, 0x5f, 0xff, 0xff, 0xf3, 0x0, 0x0,
    0x0, 0x0, 0xa, 0xff, 0xff, 0xf8, 0x0, 0x0,
    0x0, 0x0, 0xf, 0xff, 0xff, 0xf8, 0x0, 0x0,
    0x0, 0x0, 0xf, 0xff, 0xff, 0xf2, 0x0, 0x0,
    0x0, 0x0, 0x9, 0xff, 0xff, 0xfe, 0x0, 0x0,
    0x0, 0x0, 0x5f, 0xff, 0xff, 0xd0, 0x0, 0x0,
    0x0, 0x0, 0x3, 0xff, 0xff, 0xff, 0x30, 0x0,
    0x0, 0x0, 0xbf, 0xff, 0xff, 0x70, 0x0, 0x0,
    0x0, 0x0, 0x0, 0xef, 0xff, 0xff, 0x90, 0x0,
    0x0, 0x1, 0xff, 0xff, 0xff, 0x10, 0x0, 0x0,
    0x0, 0x0, 0x0, 0x8f, 0xff, 0xff, 0xe0, 0x0,
    0x0, 0x6, 0xff, 0xff, 0xfb, 0x0, 0x0, 0x0,
    0x0, 0x0, 0x0, 0x2f, 0xff, 0xff, 0xf4, 0x0,
    0x0, 0xb, 0xff, 0xff, 0xf5, 0x0, 0x0, 0x0,
    0x0, 0x0, 0x0, 0xc, 0xff, 0xff, 0xfa, 0x0,
    0x0, 0x1f, 0xff, 0xff, 0xf0, 0x0, 0x0, 0x0,
    0x0, 0x0, 0x0, 0x6, 0xff, 0xff, 0xff, 0x0,
    0x0, 0x6f, 0xff, 0xff, 0xa0, 0x0, 0x0, 0x0,
    0x0, 0x0, 0x0, 0x1, 0xff, 0xff, 0xff, 0x50,
    0x0, 0xcf, 0xff, 0xff, 0x40, 0x0, 0x0, 0x0,
    0x0, 0x0, 0x0, 0x0, 0xbf, 0xff, 0xff, 0xa0,
    0x1, 0xff, 0xff, 0xfe, 0x0, 0x0, 0x0, 0x0,
    0x0, 0x0, 0x0, 0x0, 0x5f, 0xff, 0xff, 0xf0,
    0x7, 0xff, 0xff, 0xf8, 0x0, 0x0, 0x0, 0x0,
    0x0, 0x0, 0x0, 0x0, 0xf, 0xff, 0xff, 0xf5,
    0xc, 0xff, 0xff, 0xf2, 0x0, 0x0, 0x0, 0x0,
    0x0, 0x0, 0x0, 0x0, 0x9, 0xff, 0xff, 0xfa,
    0x1f, 0xff, 0xff, 0xd0, 0x0, 0x0, 0x0, 0x0,
    0x0, 0x0, 0x0, 0x0, 0x3, 0xff, 0xff, 0xff,
    0x7f, 0xff, 0xff, 0x70, 0x0, 0x0, 0x0, 0x0,
    0x0, 0x0, 0x0, 0x0, 0x0, 0xef, 0xff, 0xff,
    0xff, 0xff, 0xff, 0x10, 0x0, 0x0, 0x0, 0x0,
    0x0, 0x0, 0x0, 0x0, 0x0, 0x8f, 0xff, 0xff,
    0xff, 0xff, 0xfb, 0x0, 0x0, 0x0, 0x0, 0x0,
    0x0, 0x0, 0x0, 0x0, 0x0, 0x2f, 0xff, 0xff,
    0xff, 0xff, 0xf5, 0x0, 0x0, 0x0, 0x0, 0x0,
    0x0, 0x0, 0x0, 0x0, 0x0, 0xc, 0xff, 0xff,
    0xff, 0xff, 0xf0, 0x0, 0x0, 0x0, 0x0, 0x0,
    0x0, 0x0, 0x0, 0x0, 0x0, 0x6, 0xff, 0xff,
    0xff, 0xff, 0xa0, 0x0, 0x0, 0x0, 0x0, 0x0,
    0x0, 0x0, 0x0, 0x0, 0x0, 0x1, 0xff, 0xff,
    0xff, 0xff, 0x40, 0x0, 0x0, 0x0, 0x0, 0x0,
    0x0, 0x0, 0x0, 0x0, 0x0, 0x0, 0xbf, 0xff,
    0xff, 0xfe, 0x0, 0x0, 0x0, 0x0, 0x0, 0x0,

    /* U+0057 "W" */
    0x6f, 0xff, 0xff, 0xf3, 0x0, 0x0, 0x0, 0x0,
    0x0, 0xf, 0xff, 0xff, 0xff, 0xf4, 0x0, 0x0,
    0x0, 0x0, 0x0, 0xa, 0xff, 0xff, 0xf2, 0x1f,
    0xff, 0xff, 0xf7, 0x0, 0x0, 0x0, 0x0, 0x0,
    0x3f, 0xff, 0xff, 0xff, 0xf8, 0x0, 0x0, 0x0,
    0x0, 0x0, 0xe, 0xff, 0xff, 0xe0, 0xd, 0xff,
    0xff, 0xfb, 0x0, 0x0, 0x0, 0x0, 0x0, 0x6f,
    0xff, 0xff, 0xff, 0xfc, 0x0, 0x0, 0x0, 0x0,
    0x0, 0x2f, 0xff, 0xff, 0xa0, 0x9, 0xff, 0xff,
    0xff, 0x0, 0x0, 0x0, 0x0, 0x0, 0xaf, 0xff,
    0xff, 0xff, 0xff, 0x0, 0x0, 0x0, 0x0, 0x0,
    0x6f, 0xff, 0xff, 0x50, 0x4, 0xff, 0xff, 0xff,
    0x30, 0x0, 0x0, 0x0, 0x0, 0xef, 0xff, 0xff,
    0xff, 0xff, 0x30, 0x0, 0x0, 0x0, 0x0, 0xaf,
    0xff, 0xff, 0x10, 0x0, 0xff, 0xff, 0xff, 0x70,
    0x0, 0x0, 0x0, 0x2, 0xff, 0xff, 0xff, 0xff,
    0xff, 0x70, 0x0, 0x0, 0x0, 0x0, 0xef, 0xff,
    0xfd, 0x0, 0x0, 0xcf, 0xff, 0xff, 0xb0, 0x0,
    0x0, 0x0, 0x5, 0xff, 0xff, 0xef, 0xff, 0xff,
    0xa0, 0x0, 0x0, 0x0, 0x2, 0xff, 0xff, 0xf8,
    0x0, 0x0, 0x7f, 0xff, 0xff, 0xf0, 0x0, 0x0,
    0x0, 0x9, 0xff, 0xff, 0xbd, 0xff, 0xff, 0xe0,
    0x0, 0x0, 0x0, 0x6, 0xff, 0xff, 0xf4, 0x0,
    0x0, 0x3f, 0xff, 0xff, 0xf3, 0x0, 0x0, 0x0,
    0xd, 0xff, 0xff, 0x9a, 0xff, 0xff, 0xf2, 0x0,
    0x0, 0x0, 0xa, 0xff, 0xff, 0xf0, 0x0, 0x0,
    0xe, 0xff, 0xff, 0xf7, 0x0, 0x0, 0x0, 0x1f,
    0xff, 0xff, 0x78, 0xff, 0xff, 0xf6, 0x0, 0x0,
    0x0, 0xe, 0xff, 0xff, 0xb0, 0x0, 0x0, 0xa,
    0xff, 0xff, 0xfb, 0x0, 0x0, 0x0, 0x4f, 0xff,
    0xff, 0x45, 0xff, 0xff, 0xf9, 0x0, 0x0, 0x0,
    0x3f, 0xff, 0xff, 0x70, 0x0, 0x0, 0x6, 0xff,
    0xff, 0xff, 0x0, 0x0, 0x0, 0x8f, 0xff, 0xff,
    0x11, 0xff, 0xff, 0xfd, 0x0, 0x0, 0x0, 0x7f,
    0xff, 0xff, 0x20, 0x0, 0x0, 0x2, 0xff, 0xff,
    0xff, 0x30, 0x0, 0x0, 0xcf, 0xff, 0xfd, 0x0,
    0xdf, 0xff, 0xff, 0x10, 0x0, 0x0, 0xbf, 0xff,
    0xfe, 0x0, 0x0, 0x0, 0x0, 0xdf, 0xff, 0xff,
    0x80, 0x0, 0x0, 0xff, 0xff, 0xf9, 0x0, 0x9f,
    0xff, 0xff, 0x50, 0x0, 0x0, 0xef, 0xff, 0xfa,
    0x0, 0x0, 0x0, 0x0, 0x9f, 0xff, 0xff, 0xc0,
    0x0, 0x3, 0xff, 0xff, 0xf5, 0x0, 0x5f, 0xff,
    0xff, 0x80, 0x0, 0x3, 0xff, 0xff, 0xf5, 0x0,
    0x0, 0x0, 0x0, 0x5f, 0xff, 0xff, 0xf0, 0x0,
    0x7, 0xff, 0xff, 0xf1, 0x0, 0x1f, 0xff, 0xff,
    0xc0, 0x0, 0x7, 0xff, 0xff, 0xf1, 0x0, 0x0,
    0x0, 0x0, 0x1f, 0xff, 0xff, 0xf4, 0x0, 0xb,
    0xff, 0xff, 0xd0, 0x0, 0xe, 0xff, 0xff, 0xf0,
    0x0, 0xb, 0xff, 0xff, 0xd0, 0x0, 0x0, 0x0,
    0x0, 0xc, 0xff, 0xff, 0xf8, 0x0, 0xe, 0xff,
    0xff, 0xa0, 0x0, 0xa, 0xff, 0xff, 0xf3, 0x0,
    0xe, 0xff, 0xff, 0x80, 0x0, 0x0, 0x0, 0x0,
    0x8, 0xff, 0xff, 0xfc, 0x0, 0x2f, 0xff, 0xff,
    0x60, 0x0, 0x6, 0xff, 0xff, 0xf7, 0x0, 0x3f,
    0xff, 0xff, 0x40, 0x0, 0x0, 0x0, 0x0, 0x3,
    0xff, 0xff, 0xff, 0x0, 0x6f, 0xff, 0xff, 0x20,
    0x0, 0x2, 0xff, 0xff, 0xfb, 0x0, 0x7f, 0xff,
    0xff, 0x0, 0x0, 0x0, 0x0, 0x0, 0x0, 0xff,
    0xff, 0xff, 0x40, 0xaf, 0xff, 0xfe, 0x0, 0x0,
    0x0, 0xef, 0xff, 0xfe, 0x0, 0xbf, 0xff, 0xfb,
    0x0, 0x0, 0x0, 0x0, 0x0, 0x0, 0xbf, 0xff,
    0xff, 0x80, 0xdf, 0xff, 0xfa, 0x0, 0x0, 0x0,
    0xaf, 0xff, 0xff, 0x20, 0xef, 0xff, 0xf7, 0x0,
    0x0, 0x0, 0x0, 0x0, 0x0, 0x6f, 0xff, 0xff,
    0xb0, 0xff, 0xff, 0xf6, 0x0, 0x0, 0x0, 0x6f,
    0xff, 0xff, 0x62, 0xff, 0xff, 0xf3, 0x0, 0x0,
    0x0, 0x0, 0x0, 0x0, 0x2f, 0xff, 0xff, 0xd2,
    0xff, 0xff, 0xf2, 0x0, 0x0, 0x0, 0x2f, 0xff,
    0xff, 0x86, 0xff, 0xff, 0xe0, 0x0, 0x0, 0x0,
    0x0, 0x0, 0x0, 0xe, 0xff, 0xff, 0xf5, 0xff,
    0xff, 0xe0, 0x0, 0x0, 0x0, 0xe, 0xff, 0xff,
    0xb9, 0xff, 0xff, 0xa0, 0x0, 0x0, 0x0, 0x0,
    0x0, 0x0, 0x9, 0xff, 0xff, 0xfa, 0xff, 0xff,
    0xa0, 0x0, 0x0, 0x0, 0xa, 0xff, 0xff, 0xdc,
    0xff, 0xff, 0x60, 0x0, 0x0, 0x0, 0x0, 0x0,
    0x0, 0x5, 0xff, 0xff, 0xff, 0xff, 0xff, 0x60,
    0x0, 0x0, 0x0, 0x6, 0xff, 0xff, 0xff, 0xff,
    0xff, 0x10, 0x0, 0x0, 0x0, 0x0, 0x0, 0x0,
    0x1, 0xff, 0xff, 0xff, 0xff, 0xff, 0x20, 0x0,
    0x0, 0x0, 0x2, 0xff, 0xff, 0xff, 0xff, 0xfd,
    0x0, 0x0, 0x0, 0x0, 0x0, 0x0, 0x0, 0x0,
    0xdf, 0xff, 0xff, 0xff, 0xfe, 0x0, 0x0, 0x0,
    0x0, 0x0, 0xef, 0xff, 0xff, 0xff, 0xf9, 0x0,
    0x0, 0x0, 0x0, 0x0, 0x0, 0x0, 0x0, 0x8f,
    0xff, 0xff, 0xff, 0xfb, 0x0, 0x0, 0x0, 0x0,
    0x0, 0xaf, 0xff, 0xff, 0xff, 0xf4, 0x0, 0x0,
    0x0, 0x0, 0x0, 0x0, 0x0, 0x0, 0x4f, 0xff,
    0xff, 0xff, 0xf7, 0x0, 0x0, 0x0, 0x0, 0x0,
    0x6f, 0xff, 0xff, 0xff, 0xf0, 0x0, 0x0, 0x0,
    0x0, 0x0, 0x0, 0x0, 0x0, 0xf, 0xff, 0xff,
    0xff, 0xf3, 0x0, 0x0, 0x0, 0x0, 0x0, 0x2f,
    0xff, 0xff, 0xff, 0xc0, 0x0, 0x0, 0x0, 0x0,
    0x0, 0x0, 0x0, 0x0, 0xb, 0xff, 0xff, 0xff,
    0xf0, 0x0, 0x0, 0x0, 0x0, 0x0, 0xe, 0xff,
    0xff, 0xff, 0x70, 0x0, 0x0, 0x0, 0x0,

    /* U+0058 "X" */
    0x1, 0xef, 0xff, 0xff, 0xf9, 0x0, 0x0, 0x0,
    0x0, 0x0, 0x0, 0x3, 0xff, 0xff, 0xff, 0xd0,
    0x0, 0x5, 0xff, 0xff, 0xff, 0xf4, 0x0, 0x0,
    0x0, 0x0, 0x0, 0x0, 0xdf, 0xff, 0xff, 0xf3,
    0x0, 0x0, 0xa, 0xff, 0xff, 0xff, 0xd0, 0x0,
    0x0, 0x0, 0x0, 0x0, 0x9f, 0xff, 0xff, 0xf8,
    0x0, 0x0, 0x0, 0x1e, 0xff, 0xff, 0xff, 0x90,
    0x0, 0x0, 0x0, 0x0, 0x3f, 0xff, 0xff, 0xfd,
    0x0, 0x0, 0x0, 0x0, 0x4f, 0xff, 0xff, 0xff,
    0x40, 0x0, 0x0, 0x0, 0xd, 0xff, 0xff, 0xff,
    0x20, 0x0, 0x0, 0x0, 0x0, 0x9f, 0xff, 0xff,
    0xfd, 0x0, 0x0, 0x0, 0x8, 0xff, 0xff, 0xff,
    0x70, 0x0, 0x0, 0x0, 0x0, 0x0, 0xdf, 0xff,
    0xff, 0xf9, 0x0, 0x0, 0x3, 0xff, 0xff, 0xff,
    0xc0, 0x0, 0x0, 0x0, 0x0, 0x0, 0x3, 0xff,
    0xff, 0xff, 0xf3, 0x0, 0x0, 0xdf, 0xff, 0xff,
    0xf2, 0x0, 0x0, 0x0, 0x0, 0x0, 0x0, 0x8,
    0xff, 0xff, 0xff, 0xd0, 0x0, 0x8f, 0xff, 0xff,
    0xf6, 0x0, 0x0, 0x0, 0x0, 0x0, 0x0, 0x0,
    0xd, 0xff, 0xff, 0xff, 0x80, 0x3f, 0xff, 0xff,
    0xfb, 0x0, 0x0, 0x0, 0x0, 0x0, 0x0, 0x0,
    0x0, 0x3f, 0xff, 0xff, 0xff, 0x4d, 0xff, 0xff,
    0xfe, 0x10, 0x0, 0x0, 0x0, 0x0, 0x0, 0x0,
    0x0, 0x0, 0x7f, 0xff, 0xff, 0xff, 0xff, 0xff,
    0xff, 0x50, 0x0, 0x0, 0x0, 0x0, 0x0, 0x0,
    0x0, 0x0, 0x0, 0xcf, 0xff, 0xff, 0xff, 0xff,
    0xff, 0xa0, 0x0, 0x0, 0x0, 0x0, 0x0, 0x0,
    0x0, 0x0, 0x0, 0x2, 0xff, 0xff, 0xff, 0xff,
    0xff, 0xe1, 0x0, 0x0, 0x0, 0x0, 0x0, 0x0,
    0x0, 0x0, 0x0, 0x0, 0x6, 0xff, 0xff, 0xff,
    0xff, 0xf4, 0x0, 0x0, 0x0, 0x0, 0x0, 0x0,
    0x0, 0x0, 0x0, 0x0, 0x0, 0xc, 0xff, 0xff,
    0xff, 0xfa, 0x0, 0x0, 0x0, 0x0, 0x0, 0x0,
    0x0, 0x0, 0x0, 0x0, 0x0, 0x3, 0xff, 0xff,
    0xff, 0xff, 0xf2, 0x0, 0x0, 0x0, 0x0, 0x0,
    0x0, 0x0, 0x0, 0x0, 0x0, 0x0, 0xdf, 0xff,
    0xff, 0xff, 0xff, 0xc0, 0x0, 0x0, 0x0, 0x0,
    0x0, 0x0, 0x0, 0x0, 0x0, 0x0, 0x8f, 0xff,
    0xff, 0xff, 0xff, 0xff, 0x70, 0x0, 0x0, 0x0,
    0x0, 0x0, 0x0, 0x0, 0x0, 0x0, 0x3f, 0xff,
    0xff, 0xff, 0xff, 0xff, 0xff, 0x20, 0x0, 0x0,
    0x0, 0x0, 0x0, 0x0, 0x0, 0x0, 0xd, 0xff,
    0xff, 0xfd, 0x8f, 0xff, 0xff, 0xfc, 0x0, 0x0,
    0x0, 0x0, 0x0, 0x0, 0x0, 0x0, 0x9, 0xff,
    0xff, 0xff, 0x40, 0xcf, 0xff, 0xff, 0xf8, 0x0,
    0x0, 0x0, 0x0, 0x0, 0x0, 0x0, 0x4, 0xff,
    0xff, 0xff, 0x90, 0x2, 0xff, 0xff, 0xff, 0xf3,
    0x0, 0x0, 0x0, 0x0, 0x0, 0x0, 0x1, 0xef,
    0xff, 0xff, 0xe0, 0x0, 0x7, 0xff, 0xff, 0xff,
    0xd0, 0x0, 0x0, 0x0, 0x0, 0x0, 0x0, 0xaf,
    0xff, 0xff, 0xf4, 0x0, 0x0, 0xc, 0xff, 0xff,
    0xff, 0x90, 0x0, 0x0, 0x0, 0x0, 0x0, 0x5f,
    0xff, 0xff, 0xfa, 0x0, 0x0, 0x0, 0x2f, 0xff,
    0xff, 0xff, 0x40, 0x0, 0x0, 0x0, 0x0, 0x1e,
    0xff, 0xff, 0xfe, 0x10, 0x0, 0x0, 0x0, 0x7f,
    0xff, 0xff, 0xfe, 0x0, 0x0, 0x0, 0x0, 0xb,
    0xff, 0xff, 0xff, 0x50, 0x0, 0x0, 0x0, 0x0,
    0xcf, 0xff, 0xff, 0xfa, 0x0, 0x0, 0x0, 0x6,
    0xff, 0xff, 0xff, 0xa0, 0x0, 0x0, 0x0, 0x0,
    0x3, 0xff, 0xff, 0xff, 0xf5, 0x0, 0x0, 0x1,
    0xff, 0xff, 0xff, 0xe1, 0x0, 0x0, 0x0, 0x0,
    0x0, 0x8, 0xff, 0xff, 0xff, 0xe1, 0x0, 0x0,
    0xbf, 0xff, 0xff, 0xf5, 0x0, 0x0, 0x0, 0x0,
    0x0, 0x0, 0xd, 0xff, 0xff, 0xff, 0xb0, 0x0,
    0x7f, 0xff, 0xff, 0xfb, 0x0, 0x0, 0x0, 0x0,
    0x0, 0x0, 0x0, 0x3f, 0xff, 0xff, 0xff, 0x60,
    0x2f, 0xff, 0xff, 0xff, 0x10, 0x0, 0x0, 0x0,
    0x0, 0x0, 0x0, 0x0, 0x8f, 0xff, 0xff, 0xff,
    0x10,

    /* U+0059 "Y" */
    0x3f, 0xff, 0xff, 0xfe, 0x10, 0x0, 0x0, 0x0,
    0x0, 0x0, 0x0, 0x0, 0x2f, 0xff, 0xff, 0xfb,
    0x0, 0x8f, 0xff, 0xff, 0xf9, 0x0, 0x0, 0x0,
    0x0, 0x0, 0x0, 0x0, 0xb, 0xff, 0xff, 0xff,
    0x10, 0x0, 0xdf, 0xff, 0xff, 0xf3, 0x0, 0x0,
    0x0, 0x0, 0x0, 0x0, 0x5, 0xff, 0xff, 0xff,
    0x60, 0x0, 0x4, 0xff, 0xff, 0xff, 0xd0, 0x0,
    0x0, 0x0, 0x0, 0x0, 0x0, 0xef, 0xff, 0xff,
    0xc0, 0x0, 0x0, 0x9, 0xff, 0xff, 0xff, 0x70,
    0x0, 0x0, 0x0, 0x0, 0x0, 0x9f, 0xff, 0xff,
    0xf2, 0x0, 0x0, 0x0, 0xe, 0xff, 0xff, 0xff,
    0x20, 0x0, 0x0, 0x0, 0x0, 0x3f, 0xff, 0xff,
    0xf7, 0x0, 0x0, 0x0, 0x0, 0x4f, 0xff, 0xff,
    0xfb, 0x0, 0x0, 0x0, 0x0, 0xc, 0xff, 0xff,
    0xfc, 0x0, 0x0, 0x0, 0x0, 0x0, 0xaf, 0xff,
    0xff, 0xf5, 0x0, 0x0, 0x0, 0x6, 0xff, 0xff,
    0xff, 0x30, 0x0, 0x0, 0x0, 0x0, 0x1, 0xef,
    0xff, 0xff, 0xe1, 0x0, 0x0, 0x1, 0xff, 0xff,
    0xff, 0x80, 0x0, 0x0, 0x0, 0x0, 0x0, 0x5,
    0xff, 0xff, 0xff, 0x90, 0x0, 0x0, 0xaf, 0xff,
    0xff, 0xd0, 0x0, 0x0, 0x0, 0x0, 0x0, 0x0,
    0xb, 0xff, 0xff, 0xff, 0x30, 0x0, 0x4f, 0xff,
    0xff, 0xf4, 0x0, 0x0, 0x0, 0x0, 0x0, 0x0,
    0x0, 0x1f, 0xff, 0xff, 0xfd, 0x0, 0xd, 0xff,
    0xff, 0xf9, 0x0, 0x0, 0x0, 0x0, 0x0, 0x0,
    0x0, 0x0, 0x6f, 0xff, 0xff, 0xf7, 0x7, 0xff,
    0xff, 0xfe, 0x0, 0x0, 0x0, 0x0, 0x0, 0x0,
    0x0, 0x0, 0x0, 0xcf, 0xff, 0xff, 0xf4, 0xff,
    0xff, 0xff, 0x40, 0x0, 0x0, 0x0, 0x0, 0x0,
    0x0, 0x0, 0x0, 0x2, 0xff, 0xff, 0xff, 0xff,
    0xff, 0xff, 0xa0, 0x0, 0x0, 0x0, 0x0, 0x0,
    0x0, 0x0, 0x0, 0x0, 0x7, 0xff, 0xff, 0xff,
    0xff, 0xff, 0xe1, 0x0, 0x0, 0x0, 0x0, 0x0,
    0x0, 0x0, 0x0, 0x0, 0x0, 0xd, 0xff, 0xff,
    0xff, 0xff, 0xf5, 0x0, 0x0, 0x0, 0x0, 0x0,
    0x0, 0x0, 0x0, 0x0, 0x0, 0x0, 0x3f, 0xff,
    0xff, 0xff, 0xfb, 0x0, 0x0, 0x0, 0x0, 0x0,
    0x0, 0x0, 0x0, 0x0, 0x0, 0x0, 0x0, 0x8f,
    0xff, 0xff, 0xff, 0x20, 0x0, 0x0, 0x0, 0x0,
    0x0, 0x0, 0x0, 0x0, 0x0, 0x0, 0x0, 0x0,
    0xef, 0xff, 0xff, 0x70, 0x0, 0x0, 0x0, 0x0,
    0x0, 0x0, 0x0, 0x0, 0x0, 0x0, 0x0, 0x0,
    0xd, 0xff, 0xff, 0xf6, 0x0, 0x0, 0x0, 0x0,
    0x0, 0x0, 0x0, 0x0, 0x0, 0x0, 0x0, 0x0,
    0x0, 0xdf, 0xff, 0xff, 0x60, 0x0, 0x0, 0x0,
    0x0, 0x0, 0x0, 0x0, 0x0, 0x0, 0x0, 0x0,
    0x0, 0xd, 0xff, 0xff, 0xf6, 0x0, 0x0, 0x0,
    0x0, 0x0, 0x0, 0x0, 0x0, 0x0, 0x0, 0x0,
    0x0, 0x0, 0xdf, 0xff, 0xff, 0x60, 0x0, 0x0,
    0x0, 0x0, 0x0, 0x0, 0x0, 0x0, 0x0, 0x0,
    0x0, 0x0, 0xd, 0xff, 0xff, 0xf6, 0x0, 0x0,
    0x0, 0x0, 0x0, 0x0, 0x0, 0x0, 0x0, 0x0,
    0x0, 0x0, 0x0, 0xdf, 0xff, 0xff, 0x60, 0x0,
    0x0, 0x0, 0x0, 0x0, 0x0, 0x0, 0x0, 0x0,
    0x0, 0x0, 0x0, 0xd, 0xff, 0xff, 0xf6, 0x0,
    0x0, 0x0, 0x0, 0x0, 0x0, 0x0, 0x0, 0x0,
    0x0, 0x0, 0x0, 0x0, 0xdf, 0xff, 0xff, 0x60,
    0x0, 0x0, 0x0, 0x0, 0x0, 0x0, 0x0, 0x0,
    0x0, 0x0, 0x0, 0x0, 0xd, 0xff, 0xff, 0xf6,
    0x0, 0x0, 0x0, 0x0, 0x0, 0x0, 0x0, 0x0,
    0x0, 0x0, 0x0, 0x0, 0x0, 0xdf, 0xff, 0xff,
    0x60, 0x0, 0x0, 0x0, 0x0, 0x0, 0x0, 0x0,
    0x0, 0x0, 0x0, 0x0, 0x0, 0xd, 0xff, 0xff,
    0xf6, 0x0, 0x0, 0x0, 0x0, 0x0, 0x0, 0x0,
    0x0, 0x0, 0x0, 0x0, 0x0, 0x0, 0xdf, 0xff,
    0xff, 0x60, 0x0, 0x0, 0x0, 0x0, 0x0, 0x0,
    0x0, 0x0, 0x0, 0x0, 0x0, 0x0, 0xd, 0xff,
    0xff, 0xf6, 0x0, 0x0, 0x0, 0x0, 0x0, 0x0,
    0x0,

    /* U+005A "Z" */
    0x5, 0xff, 0xff, 0xff, 0xff, 0xff, 0xff, 0xff,
    0xff, 0xff, 0xff, 0xff, 0xff, 0xf3, 0x5, 0xff,
    0xff, 0xff, 0xff, 0xff, 0xff, 0xff, 0xff, 0xff,
    0xff, 0xff, 0xff, 0xf3, 0x5, 0xff, 0xff, 0xff,
    0xff, 0xff, 0xff, 0xff, 0xff, 0xff, 0xff, 0xff,
    0xff, 0xf3, 0x5, 0xff, 0xff, 0xff, 0xff, 0xff,
    0xff, 0xff, 0xff, 0xff, 0xff, 0xff, 0xff, 0xd0,
    0x5, 0xff, 0xff, 0xff, 0xff, 0xff, 0xff, 0xff,
    0xff, 0xff, 0xff, 0xff, 0xff, 0x30, 0x2, 0x55,
    0x55, 0x55, 0x55, 0x55, 0x55, 0x55, 0x58, 0xff,
    0xff, 0xff, 0xf7, 0x0, 0x0, 0x0, 0x0, 0x0,
    0x0, 0x0, 0x0, 0x0, 0xd, 0xff, 0xff, 0xff,
    0xb0, 0x0, 0x0, 0x0, 0x0, 0x0, 0x0, 0x0,
    0x0, 0x0, 0x9f, 0xff, 0xff, 0xfe, 0x10, 0x0,
    0x0, 0x0, 0x0, 0x0, 0x0, 0x0, 0x0, 0x4,
    0xff, 0xff, 0xff, 0xf5, 0x0, 0x0, 0x0, 0x0,
    0x0, 0x0, 0x0, 0x0, 0x0, 0x1e, 0xff, 0xff,
    0xff, 0x90, 0x0, 0x0, 0x0, 0x0, 0x0, 0x0,
    0x0, 0x0, 0x0, 0xbf, 0xff, 0xff, 0xfd, 0x0,
    0x0, 0x0, 0x0, 0x0, 0x0, 0x0, 0x0, 0x0,
    0x6, 0xff, 0xff, 0xff, 0xf3, 0x0, 0x0, 0x0,
    0x0, 0x0, 0x0, 0x0, 0x0, 0x0, 0x2f, 0xff,
    0xff, 0xff, 0x70, 0x0, 0x0, 0x0, 0x0, 0x0,
    0x0, 0x0, 0x0, 0x0, 0xdf, 0xff, 0xff, 0xfb,
    0x0, 0x0, 0x0, 0x0, 0x0, 0x0, 0x0, 0x0,
    0x0, 0x9, 0xff, 0xff, 0xff, 0xe1, 0x0, 0x0,
    0x0, 0x0, 0x0, 0x0, 0x0, 0x0, 0x0, 0x4f,
    0xff, 0xff, 0xff, 0x50, 0x0, 0x0, 0x0, 0x0,
    0x0, 0x0, 0x0, 0x0, 0x1, 0xef, 0xff, 0xff,
    0xf9, 0x0, 0x0, 0x0, 0x0, 0x0, 0x0, 0x0,
    0x0, 0x0, 0xb, 0xff, 0xff, 0xff, 0xd0, 0x0,
    0x0, 0x0, 0x0, 0x0, 0x0, 0x0, 0x0, 0x0,
    0x6f, 0xff, 0xff, 0xff, 0x30, 0x0, 0x0, 0x0,
    0x0, 0x0, 0x0, 0x0, 0x0, 0x2, 0xff, 0xff,
    0xff, 0xf7, 0x0, 0x0, 0x0, 0x0, 0x0, 0x0,
    0x0, 0x0, 0x0, 0xc, 0xff, 0xff, 0xff, 0xb0,
    0x0, 0x0, 0x0, 0x0, 0x0, 0x0, 0x0, 0x0,
    0x0, 0x8f, 0xff, 0xff, 0xfe, 0x10, 0x0, 0x0,
    0x0, 0x0, 0x0, 0x0, 0x0, 0x0, 0x4, 0xff,
    0xff, 0xff, 0xf5, 0x0, 0x0, 0x0, 0x0, 0x0,
    0x0, 0x0, 0x0, 0x0, 0x1e, 0xff, 0xff, 0xff,
    0x90, 0x0, 0x0, 0x0, 0x0, 0x0, 0x0, 0x0,
    0x0, 0x0, 0xbf, 0xff, 0xff, 0xfd, 0x0, 0x0,
    0x0, 0x0, 0x0, 0x0, 0x0, 0x0, 0x0, 0x6,
    0xff, 0xff, 0xff, 0xf3, 0x0, 0x0, 0x0, 0x0,
    0x0, 0x0, 0x0, 0x0, 0x0, 0x2f, 0xff, 0xff,
    0xff, 0x70, 0x0, 0x0, 0x0, 0x0, 0x0, 0x0,
    0x0, 0x0, 0x0, 0xcf, 0xff, 0xff, 0xfe, 0x55,
    0x55, 0x55, 0x55, 0x55, 0x55, 0x55, 0x55, 0x53,
    0x8, 0xff, 0xff, 0xff, 0xff, 0xff, 0xff, 0xff,
    0xff, 0xff, 0xff, 0xff, 0xff, 0xfa, 0x4f, 0xff,
    0xff, 0xff, 0xff, 0xff, 0xff, 0xff, 0xff, 0xff,
    0xff, 0xff, 0xff, 0xfa, 0x9f, 0xff, 0xff, 0xff,
    0xff, 0xff, 0xff, 0xff, 0xff, 0xff, 0xff, 0xff,
    0xff, 0xfa, 0x9f, 0xff, 0xff, 0xff, 0xff, 0xff,
    0xff, 0xff, 0xff, 0xff, 0xff, 0xff, 0xff, 0xfa,
    0x9f, 0xff, 0xff, 0xff, 0xff, 0xff, 0xff, 0xff,
    0xff, 0xff, 0xff, 0xff, 0xff, 0xfa,

    /* U+0061 "a" */
    0x0, 0x0, 0x0, 0x0, 0x14, 0x67, 0x77, 0x53,
    0x0, 0x0, 0x0, 0x0, 0x0, 0x0, 0x0, 0x1,
    0x8d, 0xff, 0xff, 0xff, 0xff, 0xfa, 0x30, 0x0,
    0x0, 0x0, 0x0, 0x0, 0x6f, 0xff, 0xff, 0xff,
    0xff, 0xff, 0xff, 0xf9, 0x0, 0x0, 0x0, 0x0,
    0x8, 0xff, 0xff, 0xff, 0xff, 0xff, 0xff, 0xff,
    0xff, 0xa0, 0x0, 0x0, 0x0, 0x5f, 0xff, 0xff,
    0xff, 0xff, 0xff, 0xff, 0xff, 0xff, 0xf4, 0x0,
    0x0, 0x0, 0xcf, 0xff, 0xff, 0xf8, 0x43, 0x24,
    0x8f, 0xff, 0xff, 0xfc, 0x0, 0x0, 0x0, 0xff,
    0xff, 0xff, 0x20, 0x0, 0x0, 0x4, 0xff, 0xff,
    0xff, 0x0, 0x0, 0x1, 0xff, 0xff, 0xfa, 0x0,
    0x0, 0x0, 0x0, 0xdf, 0xff, 0xff, 0x20, 0x0,
    0x0, 0x88, 0x88, 0x85, 0x0, 0x0, 0x0, 0x0,
    0xaf, 0xff, 0xff, 0x30, 0x0, 0x0, 0x0, 0x0,
    0x0, 0x0, 0x0, 0x0, 0x0, 0xaf, 0xff, 0xff,
    0x30, 0x0, 0x0, 0x0, 0x0, 0x0, 0x0, 0x0,
    0x0, 0x0, 0xaf, 0xff, 0xff, 0x30, 0x0, 0x0,
    0x0, 0x0, 0x2, 0x58, 0xbc, 0xef, 0xff, 0xff,
    0xff, 0xff, 0x30, 0x0, 0x0, 0x0, 0x7, 0xdf,
    0xff, 0xff, 0xff, 0xff, 0xff, 0xff, 0xff, 0x30,
    0x0, 0x0, 0x5, 0xef, 0xff, 0xff, 0xff, 0xff,
    0xff, 0xff, 0xff, 0xff, 0x30, 0x0, 0x0, 0x6f,
    0xff, 0xff, 0xff, 0xff, 0xff, 0xff, 0xff, 0xff,
    0xff, 0x30, 0x0, 0x4, 0xff, 0xff, 0xff, 0xfc,
    0x85, 0x31, 0x10, 0xaf, 0xff, 0xff, 0x30, 0x0,
    0xd, 0xff, 0xff, 0xfd, 0x30, 0x0, 0x0, 0x0,
    0xaf, 0xff, 0xff, 0x30, 0x0, 0x2f, 0xff, 0xff,
    0xe1, 0x0, 0x0, 0x0, 0x0, 0xcf, 0xff, 0xff,
    0x30, 0x0, 0x4f, 0xff, 0xff, 0xa0, 0x0, 0x0,
    0x0, 0x2, 0xff, 0xff, 0xff, 0x30, 0x0, 0x5f,
    0xff, 0xff, 0xb0, 0x0, 0x0, 0x0, 0xa, 0xff,
    0xff, 0xff, 0x30, 0x0, 0x4f, 0xff, 0xff, 0xf3,
    0x0, 0x0, 0x0, 0xaf, 0xff, 0xff, 0xff, 0x50,
    0x0, 0x2f, 0xff, 0xff, 0xff, 0x96, 0x56, 0x9f,
    0xff, 0xff, 0xff, 0xff, 0xe6, 0x52, 0xd, 0xff,
    0xff, 0xff, 0xff, 0xff, 0xff, 0xff, 0xff, 0xff,
    0xff, 0xff, 0xf7, 0x5, 0xff, 0xff, 0xff, 0xff,
    0xff, 0xff, 0xff, 0x4d, 0xff, 0xff, 0xff, 0xf7,
    0x0, 0x7f, 0xff, 0xff, 0xff, 0xff, 0xff, 0xe3,
    0x5, 0xff, 0xff, 0xff, 0xf7, 0x0, 0x3, 0xbf,
    0xff, 0xff, 0xff, 0xe8, 0x0, 0x0, 0x6f, 0xff,
    0xff, 0xf5, 0x0, 0x0, 0x1, 0x46, 0x77, 0x52,
    0x0, 0x0, 0x0, 0x1, 0x57, 0x75, 0x10,

    /* U+0062 "b" */
    0xef, 0xff, 0xff, 0x0, 0x0, 0x0, 0x0, 0x0,
    0x0, 0x0, 0x0, 0x0, 0xef, 0xff, 0xff, 0x0,
    0x0, 0x0, 0x0, 0x0, 0x0, 0x0, 0x0, 0x0,
    0xef, 0xff, 0xff, 0x0, 0x0, 0x0, 0x0, 0x0,
    0x0, 0x0, 0x0, 0x0, 0xef, 0xff, 0xff, 0x0,
    0x0, 0x0, 0x0, 0x0, 0x0, 0x0, 0x0, 0x0,
    0xef, 0xff, 0xff, 0x0, 0x0, 0x0, 0x0, 0x0,
    0x0, 0x0, 0x0, 0x0, 0xef, 0xff, 0xff, 0x0,
    0x0, 0x0, 0x0, 0x0, 0x0, 0x0, 0x0, 0x0,
    0xef, 0xff, 0xff, 0x0, 0x0, 0x0, 0x0, 0x0,
    0x0, 0x0, 0x0, 0x0, 0xef, 0xff, 0xff, 0x0,
    0x0, 0x0, 0x0, 0x0, 0x0, 0x0, 0x0, 0x0,
    0xef, 0xff, 0xff, 0x0, 0x0, 0x0, 0x0, 0x0,
    0x0, 0x0, 0x0, 0x0, 0xef, 0xff, 0xff, 0x0,
    0x0, 0x14, 0x67, 0x75, 0x20, 0x0, 0x0, 0x0,
    0xef, 0xff, 0xff, 0x0, 0x2a, 0xff, 0xff, 0xff,
    0xfc, 0x50, 0x0, 0x0, 0xef, 0xff, 0xff, 0x5,
    0xff, 0xff, 0xff, 0xff, 0xff, 0xfa, 0x0, 0x0,
    0xef, 0xff, 0xff, 0x5f, 0xff, 0xff, 0xff, 0xff,
    0xff, 0xff, 0xa0, 0x0, 0xef, 0xff, 0xff, 0xff,
    0xff, 0xff, 0xff, 0xff, 0xff, 0xff, 0xf6, 0x0,
    0xef, 0xff, 0xff, 0xff, 0xff, 0xb9, 0xac, 0xff,
    0xff, 0xff, 0xfe, 0x0, 0xef, 0xff, 0xff, 0xff,
    0x80, 0x0, 0x0, 0x2b, 0xff, 0xff, 0xff, 0x60,
    0xef, 0xff, 0xff, 0xf7, 0x0, 0x0, 0x0, 0x0,
    0xcf, 0xff, 0xff, 0xc0, 0xef, 0xff, 0xff, 0xd0,
    0x0, 0x0, 0x0, 0x0, 0x4f, 0xff, 0xff, 0xf0,
    0xef, 0xff, 0xff, 0x70, 0x0, 0x0, 0x0, 0x0,
    0xe, 0xff, 0xff, 0xf3, 0xef, 0xff, 0xff, 0x30,
    0x0, 0x0, 0x0, 0x0, 0xb, 0xff, 0xff, 0xf5,
    0xef, 0xff, 0xff, 0x10, 0x0, 0x0, 0x0, 0x0,
    0x9, 0xff, 0xff, 0xf7, 0xef, 0xff, 0xff, 0x0,
    0x0, 0x0, 0x0, 0x0, 0x8, 0xff, 0xff, 0xf8,
    0xef, 0xff, 0xff, 0x0, 0x0, 0x0, 0x0, 0x0,
    0x8, 0xff, 0xff, 0xf8, 0xef, 0xff, 0xff, 0x0,
    0x0, 0x0, 0x0, 0x0, 0x8, 0xff, 0xff, 0xf8,
    0xef, 0xff, 0xff, 0x10, 0x0, 0x0, 0x0, 0x0,
    0x9, 0xff, 0xff, 0xf7, 0xef, 0xff, 0xff, 0x30,
    0x0, 0x0, 0x0, 0x0, 0xb, 0xff, 0xff, 0xf5,
    0xef, 0xff, 0xff, 0x70, 0x0, 0x0, 0x0, 0x0,
    0xe, 0xff, 0xff, 0xf3, 0xef, 0xff, 0xff, 0xd0,
    0x0, 0x0, 0x0, 0x0, 0x4f, 0xff, 0xff, 0xf0,
    0xef, 0xff, 0xff, 0xf6, 0x0, 0x0, 0x0, 0x0,
    0xcf, 0xff, 0xff, 0xc0, 0xef, 0xff, 0xff, 0xff,
    0x70, 0x0, 0x0, 0x2b, 0xff, 0xff, 0xff, 0x70,
    0xef, 0xff, 0xff, 0xff, 0xfe, 0xb9, 0xac, 0xff,
    0xff, 0xff, 0xfe, 0x0, 0xef, 0xff, 0xfc, 0xff,
    0xff, 0xff, 0xff, 0xff, 0xff, 0xff, 0xf7, 0x0,
    0xef, 0xff, 0xf5, 0x6f, 0xff, 0xff, 0xff, 0xff,
    0xff, 0xff, 0xb0, 0x0, 0xef, 0xff, 0xf2, 0x7,
    0xff, 0xff, 0xff, 0xff, 0xff, 0xfa, 0x0, 0x0,
    0xef, 0xff, 0xf0, 0x0, 0x2a, 0xff, 0xff, 0xff,
    0xfc, 0x50, 0x0, 0x0, 0x0, 0x0, 0x0, 0x0,
    0x0, 0x4, 0x67, 0x75, 0x10, 0x0, 0x0, 0x0,

    /* U+0063 "c" */
    0x0, 0x0, 0x0, 0x0, 0x3, 0x57, 0x77, 0x63,
    0x0, 0x0, 0x0, 0x0, 0x0, 0x0, 0x0, 0x4a,
    0xff, 0xff, 0xff, 0xff, 0xfb, 0x40, 0x0, 0x0,
    0x0, 0x0, 0x1b, 0xff, 0xff, 0xff, 0xff, 0xff,
    0xff, 0xfb, 0x10, 0x0, 0x0, 0x1, 0xdf, 0xff,
    0xff, 0xff, 0xff, 0xff, 0xff, 0xff, 0xd1, 0x0,
    0x0, 0xc, 0xff, 0xff, 0xff, 0xff, 0xff, 0xff,
    0xff, 0xff, 0xfc, 0x0, 0x0, 0x7f, 0xff, 0xff,
    0xff, 0xa6, 0x46, 0x9e, 0xff, 0xff, 0xff, 0x50,
    0x0, 0xef, 0xff, 0xff, 0xe2, 0x0, 0x0, 0x1,
    0xdf, 0xff, 0xff, 0xc0, 0x4, 0xff, 0xff, 0xff,
    0x20, 0x0, 0x0, 0x0, 0x2f, 0xff, 0xff, 0xf0,
    0x9, 0xff, 0xff, 0xfa, 0x0, 0x0, 0x0, 0x0,
    0xc, 0xff, 0xff, 0xf3, 0xc, 0xff, 0xff, 0xf5,
    0x0, 0x0, 0x0, 0x0, 0xa, 0xff, 0xff, 0xf5,
    0xe, 0xff, 0xff, 0xf1, 0x0, 0x0, 0x0, 0x0,
    0x4, 0x77, 0x77, 0x72, 0xf, 0xff, 0xff, 0xf0,
    0x0, 0x0, 0x0, 0x0, 0x0, 0x0, 0x0, 0x0,
    0x1f, 0xff, 0xff, 0xe0, 0x0, 0x0, 0x0, 0x0,
    0x0, 0x0, 0x0, 0x0, 0x1f, 0xff, 0xff, 0xe0,
    0x0, 0x0, 0x0, 0x0, 0x0, 0x0, 0x0, 0x0,
    0x1f, 0xff, 0xff, 0xe0, 0x0, 0x0, 0x0, 0x0,
    0x0, 0x0, 0x0, 0x0, 0xf, 0xff, 0xff, 0xf0,
    0x0, 0x0, 0x0, 0x0, 0x0, 0x0, 0x0, 0x0,
    0xf, 0xff, 0xff, 0xf1, 0x0, 0x0, 0x0, 0x0,
    0x1, 0x66, 0x66, 0x62, 0xc, 0xff, 0xff, 0xf4,
    0x0, 0x0, 0x0, 0x0, 0x5, 0xff, 0xff, 0xf5,
    0x9, 0xff, 0xff, 0xf9, 0x0, 0x0, 0x0, 0x0,
    0x8, 0xff, 0xff, 0xf3, 0x5, 0xff, 0xff, 0xff,
    0x20, 0x0, 0x0, 0x0, 0xe, 0xff, 0xff, 0xf0,
    0x0, 0xef, 0xff, 0xff, 0xd2, 0x0, 0x0, 0x0,
    0xaf, 0xff, 0xff, 0xb0, 0x0, 0x7f, 0xff, 0xff,
    0xff, 0xa6, 0x55, 0x8e, 0xff, 0xff, 0xff, 0x40,
    0x0, 0xd, 0xff, 0xff, 0xff, 0xff, 0xff, 0xff,
    0xff, 0xff, 0xfb, 0x0, 0x0, 0x2, 0xef, 0xff,
    0xff, 0xff, 0xff, 0xff, 0xff, 0xff, 0xd0, 0x0,
    0x0, 0x0, 0x1b, 0xff, 0xff, 0xff, 0xff, 0xff,
    0xff, 0xfa, 0x10, 0x0, 0x0, 0x0, 0x0, 0x4b,
    0xff, 0xff, 0xff, 0xff, 0xfb, 0x40, 0x0, 0x0,
    0x0, 0x0, 0x0, 0x0, 0x3, 0x67, 0x77, 0x63,
    0x0, 0x0, 0x0, 0x0,

    /* U+0064 "d" */
    0x0, 0x0, 0x0, 0x0, 0x0, 0x0, 0x0, 0x0,
    0x0, 0x9f, 0xff, 0xff, 0x40, 0x0, 0x0, 0x0,
    0x0, 0x0, 0x0, 0x0, 0x0, 0x9, 0xff, 0xff,
    0xf4, 0x0, 0x0, 0x0, 0x0, 0x0, 0x0, 0x0,
    0x0, 0x0, 0x9f, 0xff, 0xff, 0x40, 0x0, 0x0,
    0x0, 0x0, 0x0, 0x0, 0x0, 0x0, 0x9, 0xff,
    0xff, 0xf4, 0x0, 0x0, 0x0, 0x0, 0x0, 0x0,
    0x0, 0x0, 0x0, 0x9f, 0xff, 0xff, 0x40, 0x0,
    0x0, 0x0, 0x0, 0x0, 0x0, 0x0, 0x0, 0x9,
    0xff, 0xff, 0xf4, 0x0, 0x0, 0x0, 0x0, 0x0,
    0x0, 0x0, 0x0, 0x0, 0x9f, 0xff, 0xff, 0x40,
    0x0, 0x0, 0x0, 0x0, 0x0, 0x0, 0x0, 0x0,
    0x9, 0xff, 0xff, 0xf4, 0x0, 0x0, 0x0, 0x0,
    0x0, 0x0, 0x0, 0x0, 0x0, 0x9f, 0xff, 0xff,
    0x40, 0x0, 0x0, 0x0, 0x4, 0x67, 0x75, 0x20,
    0x0, 0x9, 0xff, 0xff, 0xf4, 0x0, 0x0, 0x1,
    0x9f, 0xff, 0xff, 0xff, 0xd6, 0x0, 0x9f, 0xff,
    0xff, 0x40, 0x0, 0x4, 0xef, 0xff, 0xff, 0xff,
    0xff, 0xfb, 0x9, 0xff, 0xff, 0xf4, 0x0, 0x4,
    0xff, 0xff, 0xff, 0xff, 0xff, 0xff, 0xfb, 0x9f,
    0xff, 0xff, 0x40, 0x1, 0xef, 0xff, 0xff, 0xff,
    0xff, 0xff, 0xff, 0xff, 0xff, 0xff, 0xf4, 0x0,
    0x9f, 0xff, 0xff, 0xff, 0xeb, 0x9a, 0xdf, 0xff,
    0xff, 0xff, 0xff, 0x40, 0xf, 0xff, 0xff, 0xff,
    0x50, 0x0, 0x0, 0x3d, 0xff, 0xff, 0xff, 0xf4,
    0x5, 0xff, 0xff, 0xff, 0x30, 0x0, 0x0, 0x0,
    0x2e, 0xff, 0xff, 0xff, 0x40, 0x9f, 0xff, 0xff,
    0xa0, 0x0, 0x0, 0x0, 0x0, 0x7f, 0xff, 0xff,
    0xf4, 0xd, 0xff, 0xff, 0xf5, 0x0, 0x0, 0x0,
    0x0, 0x1, 0xff, 0xff, 0xff, 0x40, 0xff, 0xff,
    0xff, 0x20, 0x0, 0x0, 0x0, 0x0, 0xd, 0xff,
    0xff, 0xf4, 0xf, 0xff, 0xff, 0xf0, 0x0, 0x0,
    0x0, 0x0, 0x0, 0xaf, 0xff, 0xff, 0x41, 0xff,
    0xff, 0xff, 0x0, 0x0, 0x0, 0x0, 0x0, 0x9,
    0xff, 0xff, 0xf4, 0x1f, 0xff, 0xff, 0xe0, 0x0,
    0x0, 0x0, 0x0, 0x0, 0x9f, 0xff, 0xff, 0x41,
    0xff, 0xff, 0xff, 0x0, 0x0, 0x0, 0x0, 0x0,
    0x9, 0xff, 0xff, 0xf4, 0xf, 0xff, 0xff, 0xf0,
    0x0, 0x0, 0x0, 0x0, 0x0, 0xaf, 0xff, 0xff,
    0x40, 0xff, 0xff, 0xff, 0x10, 0x0, 0x0, 0x0,
    0x0, 0xc, 0xff, 0xff, 0xf4, 0xd, 0xff, 0xff,
    0xf5, 0x0, 0x0, 0x0, 0x0, 0x1, 0xff, 0xff,
    0xff, 0x40, 0x9f, 0xff, 0xff, 0xa0, 0x0, 0x0,
    0x0, 0x0, 0x7f, 0xff, 0xff, 0xf4, 0x6, 0xff,
    0xff, 0xff, 0x30, 0x0, 0x0, 0x0, 0x1e, 0xff,
    0xff, 0xff, 0x40, 0x1f, 0xff, 0xff, 0xff, 0x50,
    0x0, 0x0, 0x3d, 0xff, 0xff, 0xff, 0xf4, 0x0,
    0x9f, 0xff, 0xff, 0xff, 0xeb, 0x9a, 0xdf, 0xff,
    0xff, 0xff, 0xff, 0x40, 0x1, 0xef, 0xff, 0xff,
    0xff, 0xff, 0xff, 0xff, 0xfb, 0xff, 0xff, 0xf4,
    0x0, 0x5, 0xff, 0xff, 0xff, 0xff, 0xff, 0xff,
    0xfc, 0xe, 0xff, 0xff, 0x40, 0x0, 0x5, 0xff,
    0xff, 0xff, 0xff, 0xff, 0xfc, 0x10, 0xcf, 0xff,
    0xf4, 0x0, 0x0, 0x1, 0x9f, 0xff, 0xff, 0xff,
    0xd6, 0x0, 0x9, 0xff, 0xff, 0x40, 0x0, 0x0,
    0x0, 0x3, 0x67, 0x75, 0x20, 0x0, 0x0, 0x0,
    0x0, 0x0,

    /* U+0065 "e" */
    0x0, 0x0, 0x0, 0x0, 0x2, 0x56, 0x77, 0x64,
    0x10, 0x0, 0x0, 0x0, 0x0, 0x0, 0x0, 0x3,
    0x9e, 0xff, 0xff, 0xff, 0xff, 0xc6, 0x0, 0x0,
    0x0, 0x0, 0x0, 0x9, 0xff, 0xff, 0xff, 0xff,
    0xff, 0xff, 0xfd, 0x20, 0x0, 0x0, 0x0, 0x1d,
    0xff, 0xff, 0xff, 0xff, 0xff, 0xff, 0xff, 0xff,
    0x30, 0x0, 0x0, 0xc, 0xff, 0xff, 0xff, 0xff,
    0xff, 0xff, 0xff, 0xff, 0xfe, 0x10, 0x0, 0x6,
    0xff, 0xff, 0xff, 0xe9, 0x53, 0x35, 0xbf, 0xff,
    0xff, 0xf8, 0x0, 0x0, 0xef, 0xff, 0xff, 0xc1,
    0x0, 0x0, 0x0, 0x7f, 0xff, 0xff, 0xf0, 0x0,
    0x4f, 0xff, 0xff, 0xe1, 0x0, 0x0, 0x0, 0x0,
    0xcf, 0xff, 0xff, 0x50, 0x9, 0xff, 0xff, 0xf8,
    0x0, 0x0, 0x0, 0x0, 0x5, 0xff, 0xff, 0xf9,
    0x0, 0xcf, 0xff, 0xff, 0x30, 0x0, 0x0, 0x0,
    0x0, 0x2f, 0xff, 0xff, 0xc0, 0xe, 0xff, 0xff,
    0xf2, 0x22, 0x22, 0x22, 0x22, 0x23, 0xff, 0xff,
    0xfe, 0x0, 0xff, 0xff, 0xff, 0xff, 0xff, 0xff,
    0xff, 0xff, 0xff, 0xff, 0xff, 0xf0, 0x1f, 0xff,
    0xff, 0xff, 0xff, 0xff, 0xff, 0xff, 0xff, 0xff,
    0xff, 0xff, 0x1, 0xff, 0xff, 0xff, 0xff, 0xff,
    0xff, 0xff, 0xff, 0xff, 0xff, 0xff, 0xf0, 0x1f,
    0xff, 0xff, 0xff, 0xff, 0xff, 0xff, 0xff, 0xff,
    0xff, 0xff, 0xff, 0x10, 0xff, 0xff, 0xfe, 0x0,
    0x0, 0x0, 0x0, 0x0, 0x0, 0x0, 0x0, 0x0,
    0xe, 0xff, 0xff, 0xf0, 0x0, 0x0, 0x0, 0x0,
    0x0, 0x0, 0x0, 0x0, 0x0, 0xcf, 0xff, 0xff,
    0x30, 0x0, 0x0, 0x0, 0x0, 0x8, 0xbb, 0xbb,
    0xb0, 0x9, 0xff, 0xff, 0xf8, 0x0, 0x0, 0x0,
    0x0, 0x0, 0xdf, 0xff, 0xff, 0x0, 0x4f, 0xff,
    0xff, 0xe1, 0x0, 0x0, 0x0, 0x0, 0x3f, 0xff,
    0xff, 0xd0, 0x0, 0xef, 0xff, 0xff, 0xb1, 0x0,
    0x0, 0x0, 0x2d, 0xff, 0xff, 0xf8, 0x0, 0x6,
    0xff, 0xff, 0xff, 0xe8, 0x43, 0x24, 0x9f, 0xff,
    0xff, 0xff, 0x20, 0x0, 0xc, 0xff, 0xff, 0xff,
    0xff, 0xff, 0xff, 0xff, 0xff, 0xff, 0x70, 0x0,
    0x0, 0x1d, 0xff, 0xff, 0xff, 0xff, 0xff, 0xff,
    0xff, 0xff, 0xa0, 0x0, 0x0, 0x0, 0xa, 0xff,
    0xff, 0xff, 0xff, 0xff, 0xff, 0xff, 0x70, 0x0,
    0x0, 0x0, 0x0, 0x3, 0xae, 0xff, 0xff, 0xff,
    0xff, 0xd8, 0x10, 0x0, 0x0, 0x0, 0x0, 0x0,
    0x0, 0x2, 0x56, 0x77, 0x64, 0x10, 0x0, 0x0,
    0x0, 0x0,

    /* U+0066 "f" */
    0x0, 0x0, 0x0, 0x6, 0xbe, 0xff, 0xda, 0x40,
    0x0, 0x0, 0xb, 0xff, 0xff, 0xff, 0xfb, 0x0,
    0x0, 0x9, 0xff, 0xff, 0xff, 0xff, 0xb0, 0x0,
    0x1, 0xff, 0xff, 0xff, 0xff, 0xfb, 0x0, 0x0,
    0x6f, 0xff, 0xff, 0xff, 0xdd, 0x90, 0x0, 0x9,
    0xff, 0xff, 0xfb, 0x0, 0x0, 0x0, 0x0, 0xaf,
    0xff, 0xff, 0x40, 0x0, 0x0, 0x0, 0xb, 0xff,
    0xff, 0xf2, 0x0, 0x0, 0x0, 0x0, 0xbf, 0xff,
    0xff, 0x20, 0x0, 0x0, 0x0, 0xb, 0xff, 0xff,
    0xf2, 0x0, 0x0, 0x5f, 0xff, 0xff, 0xff, 0xff,
    0xff, 0xff, 0xb5, 0xff, 0xff, 0xff, 0xff, 0xff,
    0xff, 0xfb, 0x5f, 0xff, 0xff, 0xff, 0xff, 0xff,
    0xff, 0xb5, 0xff, 0xff, 0xff, 0xff, 0xff, 0xff,
    0xfb, 0x4d, 0xdd, 0xff, 0xff, 0xff, 0xdd, 0xdd,
    0x90, 0x0, 0xb, 0xff, 0xff, 0xf2, 0x0, 0x0,
    0x0, 0x0, 0xbf, 0xff, 0xff, 0x20, 0x0, 0x0,
    0x0, 0xb, 0xff, 0xff, 0xf2, 0x0, 0x0, 0x0,
    0x0, 0xbf, 0xff, 0xff, 0x20, 0x0, 0x0, 0x0,
    0xb, 0xff, 0xff, 0xf2, 0x0, 0x0, 0x0, 0x0,
    0xbf, 0xff, 0xff, 0x20, 0x0, 0x0, 0x0, 0xb,
    0xff, 0xff, 0xf2, 0x0, 0x0, 0x0, 0x0, 0xbf,
    0xff, 0xff, 0x20, 0x0, 0x0, 0x0, 0xb, 0xff,
    0xff, 0xf2, 0x0, 0x0, 0x0, 0x0, 0xbf, 0xff,
    0xff, 0x20, 0x0, 0x0, 0x0, 0xb, 0xff, 0xff,
    0xf2, 0x0, 0x0, 0x0, 0x0, 0xbf, 0xff, 0xff,
    0x20, 0x0, 0x0, 0x0, 0xb, 0xff, 0xff, 0xf2,
    0x0, 0x0, 0x0, 0x0, 0xbf, 0xff, 0xff, 0x20,
    0x0, 0x0, 0x0, 0xb, 0xff, 0xff, 0xf2, 0x0,
    0x0, 0x0, 0x0, 0xbf, 0xff, 0xff, 0x20, 0x0,
    0x0, 0x0, 0xb, 0xff, 0xff, 0xf2, 0x0, 0x0,
    0x0, 0x0, 0xbf, 0xff, 0xff, 0x20, 0x0, 0x0,
    0x0, 0xb, 0xff, 0xff, 0xf2, 0x0, 0x0, 0x0,
    0x0, 0xbf, 0xff, 0xff, 0x20, 0x0, 0x0,

    /* U+0067 "g" */
    0x0, 0x0, 0x0, 0x0, 0x0, 0x0, 0x0, 0x0,
    0x0, 0x0, 0x0, 0x88, 0x88, 0x84, 0x0, 0x0,
    0x0, 0x0, 0x0, 0x0, 0x0, 0x0, 0x0, 0x0,
    0x3, 0xff, 0xff, 0xf8, 0x0, 0x0, 0x0, 0x0,
    0x0, 0x0, 0x0, 0x0, 0x0, 0x0, 0x7, 0xff,
    0xff, 0xf7, 0x0, 0x0, 0x0, 0x0, 0x0, 0x0,
    0x0, 0x0, 0x0, 0x0, 0xd, 0xff, 0xff, 0xf2,
    0x0, 0x0, 0x0, 0x0, 0x0, 0x0, 0x0, 0x0,
    0x0, 0x0, 0x6f, 0xff, 0xff, 0xc0, 0x0, 0x0,
    0x0, 0x0, 0x0, 0x35, 0x67, 0x76, 0x41, 0x4,
    0xff, 0xff, 0xff, 0x40, 0x0, 0x0, 0x0, 0x4,
    0xae, 0xff, 0xff, 0xff, 0xff, 0xdf, 0xff, 0xff,
    0xf6, 0x0, 0x0, 0x0, 0x2, 0xcf, 0xff, 0xff,
    0xff, 0xff, 0xff, 0xff, 0xff, 0xfd, 0x40, 0x0,
    0x0, 0x0, 0x3f, 0xff, 0xff, 0xff, 0xff, 0xff,
    0xff, 0xff, 0xff, 0xc0, 0x0, 0x0, 0x0, 0x0,
    0xef, 0xff, 0xff, 0xff, 0xca, 0xac, 0xff, 0xff,
    0xff, 0xf9, 0x0, 0x0, 0x0, 0x7, 0xff, 0xff,
    0xff, 0x60, 0x0, 0x0, 0x7, 0xff, 0xff, 0xff,
    0x30, 0x0, 0x0, 0xc, 0xff, 0xff, 0xf5, 0x0,
    0x0, 0x0, 0x0, 0x7f, 0xff, 0xff, 0x80, 0x0,
    0x0, 0xe, 0xff, 0xff, 0xf0, 0x0, 0x0, 0x0,
    0x0, 0xf, 0xff, 0xff, 0xc0, 0x0, 0x0, 0xe,
    0xff, 0xff, 0xe0, 0x0, 0x0, 0x0, 0x0, 0xf,
    0xff, 0xff, 0xd0, 0x0, 0x0, 0xd, 0xff, 0xff,
    0xf1, 0x0, 0x0, 0x0, 0x0, 0x2f, 0xff, 0xff,
    0xc0, 0x0, 0x0, 0x9, 0xff, 0xff, 0xfa, 0x0,
    0x0, 0x0, 0x0, 0xbf, 0xff, 0xff, 0x90, 0x0,
    0x0, 0x2, 0xff, 0xff, 0xff, 0xc5, 0x10, 0x1,
    0x5c, 0xff, 0xff, 0xff, 0x30, 0x0, 0x0, 0x0,
    0x7f, 0xff, 0xff, 0xff, 0xff, 0xff, 0xff, 0xff,
    0xff, 0xfa, 0x0, 0x0, 0x0, 0x0, 0x7, 0xff,
    0xff, 0xff, 0xff, 0xff, 0xff, 0xff, 0xff, 0xb0,
    0x0, 0x0, 0x0, 0x0, 0x3, 0xcf, 0xff, 0xff,
    0xff, 0xff, 0xff, 0xff, 0xf7, 0x0, 0x0, 0x0,
    0x0, 0x0, 0xaf, 0xff, 0xff, 0xff, 0xff, 0xff,
    0xfe, 0xa6, 0x0, 0x0, 0x0, 0x0, 0x0, 0xc,
    0xff, 0xff, 0xe5, 0x22, 0x22, 0x21, 0x0, 0x0,
    0x0, 0x0, 0x0, 0x0, 0x0, 0x5f, 0xff, 0xff,
    0x60, 0x0, 0x0, 0x0, 0x0, 0x0, 0x0, 0x0,
    0x0, 0x0, 0x0, 0xaf, 0xff, 0xff, 0x30, 0x0,
    0x0, 0x0, 0x0, 0x0, 0x0, 0x0, 0x0, 0x0,
    0x0, 0xbf, 0xff, 0xff, 0x50, 0x0, 0x0, 0x0,
    0x0, 0x0, 0x0, 0x0, 0x0, 0x0, 0x0, 0xaf,
    0xff, 0xff, 0xd3, 0x0, 0x0, 0x0, 0x0, 0x0,
    0x0, 0x0, 0x0, 0x0, 0x0, 0x6f, 0xff, 0xff,
    0xff, 0xff, 0xff, 0xff, 0xff, 0xff, 0xff, 0xea,
    0x30, 0x0, 0x0, 0xd, 0xff, 0xff, 0xff, 0xff,
    0xff, 0xff, 0xff, 0xff, 0xff, 0xff, 0xf9, 0x0,
    0x0, 0x2, 0xdf, 0xff, 0xff, 0xff, 0xff, 0xff,
    0xff, 0xff, 0xff, 0xff, 0xff, 0x80, 0x0, 0x4,
    0xcf, 0xff, 0xff, 0xff, 0xff, 0xff, 0xff, 0xff,
    0xff, 0xff, 0xff, 0xf2, 0x0, 0x9f, 0xff, 0xff,
    0xff, 0xff, 0xff, 0xff, 0xff, 0xff, 0xff, 0xff,
    0xff, 0xf8, 0x8, 0xff, 0xff, 0xf9, 0x20, 0x0,
    0x0, 0x0, 0x0, 0x0, 0x4d, 0xff, 0xff, 0xfa,
    0xf, 0xff, 0xff, 0xd0, 0x0, 0x0, 0x0, 0x0,
    0x0, 0x0, 0x4, 0xff, 0xff, 0xfa, 0x2f, 0xff,
    0xff, 0xe0, 0x0, 0x0, 0x0, 0x0, 0x0, 0x0,
    0x6, 0xff, 0xff, 0xf8, 0x1f, 0xff, 0xff, 0xfc,
    0x54, 0x44, 0x44, 0x44, 0x44, 0x45, 0x9f, 0xff,
    0xff, 0xf2, 0xd, 0xff, 0xff, 0xff, 0xff, 0xff,
    0xff, 0xff, 0xff, 0xff, 0xff, 0xff, 0xff, 0x90,
    0x5, 0xff, 0xff, 0xff, 0xff, 0xff, 0xff, 0xff,
    0xff, 0xff, 0xff, 0xff, 0xfa, 0x0, 0x0, 0x6f,
    0xff, 0xff, 0xff, 0xff, 0xff, 0xff, 0xff, 0xff,
    0xff, 0xff, 0x60, 0x0, 0x0, 0x1, 0x8c, 0xef,
    0xff, 0xff, 0xff, 0xff, 0xff, 0xfe, 0xda, 0x51,
    0x0, 0x0,

    /* U+0068 "h" */
    0xef, 0xff, 0xff, 0x0, 0x0, 0x0, 0x0, 0x0,
    0x0, 0x0, 0x0, 0xe, 0xff, 0xff, 0xf0, 0x0,
    0x0, 0x0, 0x0, 0x0, 0x0, 0x0, 0x0, 0xef,
    0xff, 0xff, 0x0, 0x0, 0x0, 0x0, 0x0, 0x0,
    0x0, 0x0, 0xe, 0xff, 0xff, 0xf0, 0x0, 0x0,
    0x0, 0x0, 0x0, 0x0, 0x0, 0x0, 0xef, 0xff,
    0xff, 0x0, 0x0, 0x0, 0x0, 0x0, 0x0, 0x0,
    0x0, 0xe, 0xff, 0xff, 0xf0, 0x0, 0x0, 0x0,
    0x0, 0x0, 0x0, 0x0, 0x0, 0xef, 0xff, 0xff,
    0x0, 0x0, 0x0, 0x0, 0x0, 0x0, 0x0, 0x0,
    0xe, 0xff, 0xff, 0xf0, 0x0, 0x0, 0x0, 0x0,
    0x0, 0x0, 0x0, 0x0, 0xef, 0xff, 0xff, 0x0,
    0x0, 0x0, 0x0, 0x0, 0x0, 0x0, 0x0, 0xe,
    0xff, 0xff, 0xf0, 0x0, 0x0, 0x36, 0x77, 0x52,
    0x0, 0x0, 0x0, 0xef, 0xff, 0xff, 0x0, 0x8,
    0xef, 0xff, 0xff, 0xfd, 0x60, 0x0, 0xe, 0xff,
    0xff, 0xf0, 0x3e, 0xff, 0xff, 0xff, 0xff, 0xff,
    0xb0, 0x0, 0xef, 0xff, 0xff, 0x4f, 0xff, 0xff,
    0xff, 0xff, 0xff, 0xff, 0xa0, 0xe, 0xff, 0xff,
    0xff, 0xff, 0xff, 0xff, 0xff, 0xff, 0xff, 0xff,
    0x30, 0xef, 0xff, 0xff, 0xff, 0xff, 0xdb, 0xce,
    0xff, 0xff, 0xff, 0xf9, 0xe, 0xff, 0xff, 0xff,
    0xfa, 0x20, 0x0, 0x5, 0xff, 0xff, 0xff, 0xd0,
    0xef, 0xff, 0xff, 0xf7, 0x0, 0x0, 0x0, 0x6,
    0xff, 0xff, 0xff, 0xe, 0xff, 0xff, 0xfc, 0x0,
    0x0, 0x0, 0x0, 0xf, 0xff, 0xff, 0xf1, 0xef,
    0xff, 0xff, 0x50, 0x0, 0x0, 0x0, 0x0, 0xdf,
    0xff, 0xff, 0x1e, 0xff, 0xff, 0xf1, 0x0, 0x0,
    0x0, 0x0, 0xc, 0xff, 0xff, 0xf1, 0xef, 0xff,
    0xff, 0x0, 0x0, 0x0, 0x0, 0x0, 0xcf, 0xff,
    0xff, 0x1e, 0xff, 0xff, 0xf0, 0x0, 0x0, 0x0,
    0x0, 0xc, 0xff, 0xff, 0xf1, 0xef, 0xff, 0xff,
    0x0, 0x0, 0x0, 0x0, 0x0, 0xcf, 0xff, 0xff,
    0x1e, 0xff, 0xff, 0xf0, 0x0, 0x0, 0x0, 0x0,
    0xc, 0xff, 0xff, 0xf1, 0xef, 0xff, 0xff, 0x0,
    0x0, 0x0, 0x0, 0x0, 0xcf, 0xff, 0xff, 0x1e,
    0xff, 0xff, 0xf0, 0x0, 0x0, 0x0, 0x0, 0xc,
    0xff, 0xff, 0xf1, 0xef, 0xff, 0xff, 0x0, 0x0,
    0x0, 0x0, 0x0, 0xcf, 0xff, 0xff, 0x1e, 0xff,
    0xff, 0xf0, 0x0, 0x0, 0x0, 0x0, 0xc, 0xff,
    0xff, 0xf1, 0xef, 0xff, 0xff, 0x0, 0x0, 0x0,
    0x0, 0x0, 0xcf, 0xff, 0xff, 0x1e, 0xff, 0xff,
    0xf0, 0x0, 0x0, 0x0, 0x0, 0xc, 0xff, 0xff,
    0xf1, 0xef, 0xff, 0xff, 0x0, 0x0, 0x0, 0x0,
    0x0, 0xcf, 0xff, 0xff, 0x1e, 0xff, 0xff, 0xf0,
    0x0, 0x0, 0x0, 0x0, 0xc, 0xff, 0xff, 0xf1,
    0xef, 0xff, 0xff, 0x0, 0x0, 0x0, 0x0, 0x0,
    0xcf, 0xff, 0xff, 0x1e, 0xff, 0xff, 0xf0, 0x0,
    0x0, 0x0, 0x0, 0xc, 0xff, 0xff, 0xf1, 0xef,
    0xff, 0xff, 0x0, 0x0, 0x0, 0x0, 0x0, 0xcf,
    0xff, 0xff, 0x10,

    /* U+0069 "i" */
    0xef, 0xff, 0xff, 0xef, 0xff, 0xff, 0xef, 0xff,
    0xff, 0xef, 0xff, 0xff, 0xef, 0xff, 0xff, 0x89,
    0x99, 0x99, 0x0, 0x0, 0x0, 0x0, 0x0, 0x0,
    0x0, 0x0, 0x0, 0x0, 0x0, 0x0, 0xef, 0xff,
    0xff, 0xef, 0xff, 0xff, 0xef, 0xff, 0xff, 0xef,
    0xff, 0xff, 0xef, 0xff, 0xff, 0xef, 0xff, 0xff,
    0xef, 0xff, 0xff, 0xef, 0xff, 0xff, 0xef, 0xff,
    0xff, 0xef, 0xff, 0xff, 0xef, 0xff, 0xff, 0xef,
    0xff, 0xff, 0xef, 0xff, 0xff, 0xef, 0xff, 0xff,
    0xef, 0xff, 0xff, 0xef, 0xff, 0xff, 0xef, 0xff,
    0xff, 0xef, 0xff, 0xff, 0xef, 0xff, 0xff, 0xef,
    0xff, 0xff, 0xef, 0xff, 0xff, 0xef, 0xff, 0xff,
    0xef, 0xff, 0xff, 0xef, 0xff, 0xff, 0xef, 0xff,
    0xff,

    /* U+006A "j" */
    0x0, 0x0, 0xe, 0xff, 0xff, 0xf0, 0x0, 0x0,
    0xef, 0xff, 0xff, 0x0, 0x0, 0xe, 0xff, 0xff,
    0xf0, 0x0, 0x0, 0xef, 0xff, 0xff, 0x0, 0x0,
    0xe, 0xff, 0xff, 0xf0, 0x0, 0x0, 0x89, 0x99,
    0x99, 0x0, 0x0, 0x0, 0x0, 0x0, 0x0, 0x0,
    0x0, 0x0, 0x0, 0x0, 0x0, 0x0, 0x0, 0x0,
    0x0, 0x0, 0x0, 0x0, 0x0, 0x0, 0x0, 0x0,
    0x0, 0xe, 0xff, 0xff, 0xf0, 0x0, 0x0, 0xef,
    0xff, 0xff, 0x0, 0x0, 0xe, 0xff, 0xff, 0xf0,
    0x0, 0x0, 0xef, 0xff, 0xff, 0x0, 0x0, 0xe,
    0xff, 0xff, 0xf0, 0x0, 0x0, 0xef, 0xff, 0xff,
    0x0, 0x0, 0xe, 0xff, 0xff, 0xf0, 0x0, 0x0,
    0xef, 0xff, 0xff, 0x0, 0x0, 0xe, 0xff, 0xff,
    0xf0, 0x0, 0x0, 0xef, 0xff, 0xff, 0x0, 0x0,
    0xe, 0xff, 0xff, 0xf0, 0x0, 0x0, 0xef, 0xff,
    0xff, 0x0, 0x0, 0xe, 0xff, 0xff, 0xf0, 0x0,
    0x0, 0xef, 0xff, 0xff, 0x0, 0x0, 0xe, 0xff,
    0xff, 0xf0, 0x0, 0x0, 0xef, 0xff, 0xff, 0x0,
    0x0, 0xe, 0xff, 0xff, 0xf0, 0x0, 0x0, 0xef,
    0xff, 0xff, 0x0, 0x0, 0xe, 0xff, 0xff, 0xf0,
    0x0, 0x0, 0xef, 0xff, 0xff, 0x0, 0x0, 0xe,
    0xff, 0xff, 0xf0, 0x0, 0x0, 0xef, 0xff, 0xff,
    0x0, 0x0, 0xe, 0xff, 0xff, 0xf0, 0x0, 0x0,
    0xef, 0xff, 0xff, 0x0, 0x0, 0xe, 0xff, 0xff,
    0xf0, 0x0, 0x0, 0xef, 0xff, 0xff, 0x0, 0x0,
    0xe, 0xff, 0xff, 0xf0, 0x0, 0x3, 0xff, 0xff,
    0xfe, 0x39, 0x9a, 0xff, 0xff, 0xff, 0xb6, 0xff,
    0xff, 0xff, 0xff, 0xf7, 0x6f, 0xff, 0xff, 0xff,
    0xfe, 0x6, 0xff, 0xff, 0xff, 0xfe, 0x30, 0x28,
    0xce, 0xff, 0xd9, 0x10, 0x0,

    /* U+006B "k" */
    0xef, 0xff, 0xff, 0x0, 0x0, 0x0, 0x0, 0x0,
    0x0, 0x0, 0x0, 0xe, 0xff, 0xff, 0xf0, 0x0,
    0x0, 0x0, 0x0, 0x0, 0x0, 0x0, 0x0, 0xef,
    0xff, 0xff, 0x0, 0x0, 0x0, 0x0, 0x0, 0x0,
    0x0, 0x0, 0xe, 0xff, 0xff, 0xf0, 0x0, 0x0,
    0x0, 0x0, 0x0, 0x0, 0x0, 0x0, 0xef, 0xff,
    0xff, 0x0, 0x0, 0x0, 0x0, 0x0, 0x0, 0x0,
    0x0, 0xe, 0xff, 0xff, 0xf0, 0x0, 0x0, 0x0,
    0x0, 0x0, 0x0, 0x0, 0x0, 0xef, 0xff, 0xff,
    0x0, 0x0, 0x0, 0x0, 0x0, 0x0, 0x0, 0x0,
    0xe, 0xff, 0xff, 0xf0, 0x0, 0x0, 0x0, 0x0,
    0x0, 0x0, 0x0, 0x0, 0xef, 0xff, 0xff, 0x0,
    0x0, 0x0, 0x0, 0x0, 0x0, 0x0, 0x0, 0xe,
    0xff, 0xff, 0xf0, 0x0, 0x0, 0x0, 0x0, 0x0,
    0x0, 0x0, 0x0, 0xef, 0xff, 0xff, 0x0, 0x0,
    0x0, 0x0, 0x6f, 0xff, 0xff, 0xf7, 0xe, 0xff,
    0xff, 0xf0, 0x0, 0x0, 0x0, 0x4f, 0xff, 0xff,
    0xf9, 0x0, 0xef, 0xff, 0xff, 0x0, 0x0, 0x0,
    0x2e, 0xff, 0xff, 0xfb, 0x0, 0xe, 0xff, 0xff,
    0xf0, 0x0, 0x0, 0x1d, 0xff, 0xff, 0xfc, 0x0,
    0x0, 0xef, 0xff, 0xff, 0x0, 0x0, 0xc, 0xff,
    0xff, 0xfe, 0x10, 0x0, 0xe, 0xff, 0xff, 0xf0,
    0x0, 0xa, 0xff, 0xff, 0xff, 0x20, 0x0, 0x0,
    0xef, 0xff, 0xff, 0x0, 0x8, 0xff, 0xff, 0xff,
    0x40, 0x0, 0x0, 0xe, 0xff, 0xff, 0xf0, 0x5,
    0xff, 0xff, 0xff, 0x60, 0x0, 0x0, 0x0, 0xef,
    0xff, 0xff, 0x3, 0xff, 0xff, 0xff, 0x80, 0x0,
    0x0, 0x0, 0xe, 0xff, 0xff, 0xf2, 0xef, 0xff,
    0xff, 0xb0, 0x0, 0x0, 0x0, 0x0, 0xef, 0xff,
    0xff, 0xdf, 0xff, 0xff, 0xfe, 0x0, 0x0, 0x0,
    0x0, 0xe, 0xff, 0xff, 0xff, 0xff, 0xff, 0xff,
    0xf8, 0x0, 0x0, 0x0, 0x0, 0xef, 0xff, 0xff,
    0xff, 0xff, 0xff, 0xff, 0xf2, 0x0, 0x0, 0x0,
    0xe, 0xff, 0xff, 0xff, 0xff, 0xff, 0xff, 0xff,
    0xa0, 0x0, 0x0, 0x0, 0xef, 0xff, 0xff, 0xff,
    0xe3, 0xef, 0xff, 0xff, 0x40, 0x0, 0x0, 0xe,
    0xff, 0xff, 0xff, 0xe2, 0x6, 0xff, 0xff, 0xfd,
    0x0, 0x0, 0x0, 0xef, 0xff, 0xff, 0xd2, 0x0,
    0xd, 0xff, 0xff, 0xf6, 0x0, 0x0, 0xe, 0xff,
    0xff, 0xf1, 0x0, 0x0, 0x5f, 0xff, 0xff, 0xe1,
    0x0, 0x0, 0xef, 0xff, 0xff, 0x0, 0x0, 0x0,
    0xdf, 0xff, 0xff, 0x90, 0x0, 0xe, 0xff, 0xff,
    0xf0, 0x0, 0x0, 0x4, 0xff, 0xff, 0xff, 0x30,
    0x0, 0xef, 0xff, 0xff, 0x0, 0x0, 0x0, 0xb,
    0xff, 0xff, 0xfc, 0x0, 0xe, 0xff, 0xff, 0xf0,
    0x0, 0x0, 0x0, 0x3f, 0xff, 0xff, 0xf5, 0x0,
    0xef, 0xff, 0xff, 0x0, 0x0, 0x0, 0x0, 0xaf,
    0xff, 0xff, 0xe0, 0xe, 0xff, 0xff, 0xf0, 0x0,
    0x0, 0x0, 0x2, 0xff, 0xff, 0xff, 0x80, 0xef,
    0xff, 0xff, 0x0, 0x0, 0x0, 0x0, 0x9, 0xff,
    0xff, 0xff, 0x20,

    /* U+006C "l" */
    0xef, 0xff, 0xff, 0xef, 0xff, 0xff, 0xef, 0xff,
    0xff, 0xef, 0xff, 0xff, 0xef, 0xff, 0xff, 0xef,
    0xff, 0xff, 0xef, 0xff, 0xff, 0xef, 0xff, 0xff,
    0xef, 0xff, 0xff, 0xef, 0xff, 0xff, 0xef, 0xff,
    0xff, 0xef, 0xff, 0xff, 0xef, 0xff, 0xff, 0xef,
    0xff, 0xff, 0xef, 0xff, 0xff, 0xef, 0xff, 0xff,
    0xef, 0xff, 0xff, 0xef, 0xff, 0xff, 0xef, 0xff,
    0xff, 0xef, 0xff, 0xff, 0xef, 0xff, 0xff, 0xef,
    0xff, 0xff, 0xef, 0xff, 0xff, 0xef, 0xff, 0xff,
    0xef, 0xff, 0xff, 0xef, 0xff, 0xff, 0xef, 0xff,
    0xff, 0xef, 0xff, 0xff, 0xef, 0xff, 0xff, 0xef,
    0xff, 0xff, 0xef, 0xff, 0xff, 0xef, 0xff, 0xff,
    0xef, 0xff, 0xff, 0xef, 0xff, 0xff, 0xef, 0xff,
    0xff,

    /* U+006D "m" */
    0x0, 0x0, 0x0, 0x0, 0x0, 0x15, 0x77, 0x52,
    0x0, 0x0, 0x0, 0x0, 0x3, 0x67, 0x65, 0x10,
    0x0, 0x0, 0xef, 0xff, 0xf1, 0x0, 0x2b, 0xff,
    0xff, 0xff, 0xc4, 0x0, 0x0, 0x8, 0xef, 0xff,
    0xff, 0xfb, 0x30, 0x0, 0xef, 0xff, 0xf3, 0x5,
    0xff, 0xff, 0xff, 0xff, 0xff, 0x70, 0x3, 0xef,
    0xff, 0xff, 0xff, 0xff, 0xf5, 0x0, 0xef, 0xff,
    0xf5, 0x5f, 0xff, 0xff, 0xff, 0xff, 0xff, 0xf3,
    0x2f, 0xff, 0xff, 0xff, 0xff, 0xff, 0xff, 0x20,
    0xef, 0xff, 0xfc, 0xff, 0xff, 0xff, 0xff, 0xff,
    0xff, 0xfd, 0xef, 0xff, 0xff, 0xff, 0xff, 0xff,
    0xff, 0x90, 0xef, 0xff, 0xff, 0xff, 0xfe, 0xbc,
    0xef, 0xff, 0xff, 0xff, 0xff, 0xff, 0xdb, 0xcf,
    0xff, 0xff, 0xff, 0xf0, 0xef, 0xff, 0xff, 0xff,
    0x60, 0x0, 0x7, 0xff, 0xff, 0xff, 0xff, 0xe4,
    0x0, 0x1, 0xbf, 0xff, 0xff, 0xf3, 0xef, 0xff,
    0xff, 0xf4, 0x0, 0x0, 0x0, 0xaf, 0xff, 0xff,
    0xfe, 0x10, 0x0, 0x0, 0xe, 0xff, 0xff, 0xf5,
    0xef, 0xff, 0xff, 0xa0, 0x0, 0x0, 0x0, 0x5f,
    0xff, 0xff, 0xf6, 0x0, 0x0, 0x0, 0xa, 0xff,
    0xff, 0xf6, 0xef, 0xff, 0xff, 0x40, 0x0, 0x0,
    0x0, 0x2f, 0xff, 0xff, 0xf0, 0x0, 0x0, 0x0,
    0x7, 0xff, 0xff, 0xf6, 0xef, 0xff, 0xff, 0x10,
    0x0, 0x0, 0x0, 0x2f, 0xff, 0xff, 0xd0, 0x0,
    0x0, 0x0, 0x7, 0xff, 0xff, 0xf6, 0xef, 0xff,
    0xff, 0x0, 0x0, 0x0, 0x0, 0x2f, 0xff, 0xff,
    0xb0, 0x0, 0x0, 0x0, 0x7, 0xff, 0xff, 0xf6,
    0xef, 0xff, 0xff, 0x0, 0x0, 0x0, 0x0, 0x2f,
    0xff, 0xff, 0xb0, 0x0, 0x0, 0x0, 0x7, 0xff,
    0xff, 0xf6, 0xef, 0xff, 0xff, 0x0, 0x0, 0x0,
    0x0, 0x2f, 0xff, 0xff, 0xb0, 0x0, 0x0, 0x0,
    0x7, 0xff, 0xff, 0xf6, 0xef, 0xff, 0xff, 0x0,
    0x0, 0x0, 0x0, 0x2f, 0xff, 0xff, 0xb0, 0x0,
    0x0, 0x0, 0x7, 0xff, 0xff, 0xf6, 0xef, 0xff,
    0xff, 0x0, 0x0, 0x0, 0x0, 0x2f, 0xff, 0xff,
    0xb0, 0x0, 0x0, 0x0, 0x7, 0xff, 0xff, 0xf6,
    0xef, 0xff, 0xff, 0x0, 0x0, 0x0, 0x0, 0x2f,
    0xff, 0xff, 0xb0, 0x0, 0x0, 0x0, 0x7, 0xff,
    0xff, 0xf6, 0xef, 0xff, 0xff, 0x0, 0x0, 0x0,
    0x0, 0x2f, 0xff, 0xff, 0xb0, 0x0, 0x0, 0x0,
    0x7, 0xff, 0xff, 0xf6, 0xef, 0xff, 0xff, 0x0,
    0x0, 0x0, 0x0, 0x2f, 0xff, 0xff, 0xb0, 0x0,
    0x0, 0x0, 0x7, 0xff, 0xff, 0xf6, 0xef, 0xff,
    0xff, 0x0, 0x0, 0x0, 0x0, 0x2f, 0xff, 0xff,
    0xb0, 0x0, 0x0, 0x0, 0x7, 0xff, 0xff, 0xf6,
    0xef, 0xff, 0xff, 0x0, 0x0, 0x0, 0x0, 0x2f,
    0xff, 0xff, 0xb0, 0x0, 0x0, 0x0, 0x7, 0xff,
    0xff, 0xf6, 0xef, 0xff, 0xff, 0x0, 0x0, 0x0,
    0x0, 0x2f, 0xff, 0xff, 0xb0, 0x0, 0x0, 0x0,
    0x7, 0xff, 0xff, 0xf6, 0xef, 0xff, 0xff, 0x0,
    0x0, 0x0, 0x0, 0x2f, 0xff, 0xff, 0xb0, 0x0,
    0x0, 0x0, 0x7, 0xff, 0xff, 0xf6, 0xef, 0xff,
    0xff, 0x0, 0x0, 0x0, 0x0, 0x2f, 0xff, 0xff,
    0xb0, 0x0, 0x0, 0x0, 0x7, 0xff, 0xff, 0xf6,
    0xef, 0xff, 0xff, 0x0, 0x0, 0x0, 0x0, 0x2f,
    0xff, 0xff, 0xb0, 0x0, 0x0, 0x0, 0x7, 0xff,
    0xff, 0xf6, 0xef, 0xff, 0xff, 0x0, 0x0, 0x0,
    0x0, 0x2f, 0xff, 0xff, 0xb0, 0x0, 0x0, 0x0,
    0x7, 0xff, 0xff, 0xf6,

    /* U+006E "n" */
    0x0, 0x0, 0x0, 0x0, 0x0, 0x3, 0x67, 0x75,
    0x20, 0x0, 0x0, 0xe, 0xff, 0xff, 0x10, 0x1,
    0x8e, 0xff, 0xff, 0xff, 0xd6, 0x0, 0x0, 0xef,
    0xff, 0xf3, 0x4, 0xef, 0xff, 0xff, 0xff, 0xff,
    0xfb, 0x0, 0xe, 0xff, 0xff, 0x55, 0xff, 0xff,
    0xff, 0xff, 0xff, 0xff, 0xfa, 0x0, 0xef, 0xff,
    0xfc, 0xff, 0xff, 0xff, 0xff, 0xff, 0xff, 0xff,
    0xf3, 0xe, 0xff, 0xff, 0xff, 0xff, 0xfd, 0xbc,
    0xef, 0xff, 0xff, 0xff, 0x90, 0xef, 0xff, 0xff,
    0xff, 0xa2, 0x0, 0x0, 0x5f, 0xff, 0xff, 0xfd,
    0xe, 0xff, 0xff, 0xff, 0x70, 0x0, 0x0, 0x0,
    0x6f, 0xff, 0xff, 0xf0, 0xef, 0xff, 0xff, 0xc0,
    0x0, 0x0, 0x0, 0x0, 0xff, 0xff, 0xff, 0x1e,
    0xff, 0xff, 0xf5, 0x0, 0x0, 0x0, 0x0, 0xd,
    0xff, 0xff, 0xf1, 0xef, 0xff, 0xff, 0x10, 0x0,
    0x0, 0x0, 0x0, 0xcf, 0xff, 0xff, 0x1e, 0xff,
    0xff, 0xf0, 0x0, 0x0, 0x0, 0x0, 0xc, 0xff,
    0xff, 0xf1, 0xef, 0xff, 0xff, 0x0, 0x0, 0x0,
    0x0, 0x0, 0xcf, 0xff, 0xff, 0x1e, 0xff, 0xff,
    0xf0, 0x0, 0x0, 0x0, 0x0, 0xc, 0xff, 0xff,
    0xf1, 0xef, 0xff, 0xff, 0x0, 0x0, 0x0, 0x0,
    0x0, 0xcf, 0xff, 0xff, 0x1e, 0xff, 0xff, 0xf0,
    0x0, 0x0, 0x0, 0x0, 0xc, 0xff, 0xff, 0xf1,
    0xef, 0xff, 0xff, 0x0, 0x0, 0x0, 0x0, 0x0,
    0xcf, 0xff, 0xff, 0x1e, 0xff, 0xff, 0xf0, 0x0,
    0x0, 0x0, 0x0, 0xc, 0xff, 0xff, 0xf1, 0xef,
    0xff, 0xff, 0x0, 0x0, 0x0, 0x0, 0x0, 0xcf,
    0xff, 0xff, 0x1e, 0xff, 0xff, 0xf0, 0x0, 0x0,
    0x0, 0x0, 0xc, 0xff, 0xff, 0xf1, 0xef, 0xff,
    0xff, 0x0, 0x0, 0x0, 0x0, 0x0, 0xcf, 0xff,
    0xff, 0x1e, 0xff, 0xff, 0xf0, 0x0, 0x0, 0x0,
    0x0, 0xc, 0xff, 0xff, 0xf1, 0xef, 0xff, 0xff,
    0x0, 0x0, 0x0, 0x0, 0x0, 0xcf, 0xff, 0xff,
    0x1e, 0xff, 0xff, 0xf0, 0x0, 0x0, 0x0, 0x0,
    0xc, 0xff, 0xff, 0xf1, 0xef, 0xff, 0xff, 0x0,
    0x0, 0x0, 0x0, 0x0, 0xcf, 0xff, 0xff, 0x1e,
    0xff, 0xff, 0xf0, 0x0, 0x0, 0x0, 0x0, 0xc,
    0xff, 0xff, 0xf1,

    /* U+006F "o" */
    0x0, 0x0, 0x0, 0x0, 0x1, 0x46, 0x77, 0x76,
    0x31, 0x0, 0x0, 0x0, 0x0, 0x0, 0x0, 0x0,
    0x18, 0xdf, 0xff, 0xff, 0xff, 0xff, 0xc6, 0x0,
    0x0, 0x0, 0x0, 0x0, 0x8, 0xff, 0xff, 0xff,
    0xff, 0xff, 0xff, 0xff, 0xe5, 0x0, 0x0, 0x0,
    0x0, 0xbf, 0xff, 0xff, 0xff, 0xff, 0xff, 0xff,
    0xff, 0xff, 0x70, 0x0, 0x0, 0xa, 0xff, 0xff,
    0xff, 0xff, 0xff, 0xff, 0xff, 0xff, 0xff, 0xf6,
    0x0, 0x0, 0x5f, 0xff, 0xff, 0xff, 0xd8, 0x65,
    0x79, 0xff, 0xff, 0xff, 0xff, 0x10, 0x0, 0xdf,
    0xff, 0xff, 0xf5, 0x0, 0x0, 0x0, 0x9, 0xff,
    0xff, 0xff, 0x90, 0x4, 0xff, 0xff, 0xff, 0x40,
    0x0, 0x0, 0x0, 0x0, 0x9f, 0xff, 0xff, 0xe0,
    0x8, 0xff, 0xff, 0xfb, 0x0, 0x0, 0x0, 0x0,
    0x0, 0x1f, 0xff, 0xff, 0xf3, 0xc, 0xff, 0xff,
    0xf6, 0x0, 0x0, 0x0, 0x0, 0x0, 0xb, 0xff,
    0xff, 0xf7, 0xe, 0xff, 0xff, 0xf2, 0x0, 0x0,
    0x0, 0x0, 0x0, 0x7, 0xff, 0xff, 0xf9, 0xf,
    0xff, 0xff, 0xf0, 0x0, 0x0, 0x0, 0x0, 0x0,
    0x5, 0xff, 0xff, 0xfb, 0x1f, 0xff, 0xff, 0xf0,
    0x0, 0x0, 0x0, 0x0, 0x0, 0x4, 0xff, 0xff,
    0xfc, 0x1f, 0xff, 0xff, 0xe0, 0x0, 0x0, 0x0,
    0x0, 0x0, 0x3, 0xff, 0xff, 0xfd, 0x1f, 0xff,
    0xff, 0xf0, 0x0, 0x0, 0x0, 0x0, 0x0, 0x4,
    0xff, 0xff, 0xfc, 0xf, 0xff, 0xff, 0xf0, 0x0,
    0x0, 0x0, 0x0, 0x0, 0x5, 0xff, 0xff, 0xfb,
    0xe, 0xff, 0xff, 0xf2, 0x0, 0x0, 0x0, 0x0,
    0x0, 0x7, 0xff, 0xff, 0xf9, 0xc, 0xff, 0xff,
    0xf6, 0x0, 0x0, 0x0, 0x0, 0x0, 0xb, 0xff,
    0xff, 0xf7, 0x8, 0xff, 0xff, 0xfb, 0x0, 0x0,
    0x0, 0x0, 0x0, 0x1f, 0xff, 0xff, 0xf3, 0x4,
    0xff, 0xff, 0xff, 0x40, 0x0, 0x0, 0x0, 0x0,
    0x9f, 0xff, 0xff, 0xe0, 0x0, 0xdf, 0xff, 0xff,
    0xf5, 0x0, 0x0, 0x0, 0x9, 0xff, 0xff, 0xff,
    0x90, 0x0, 0x5f, 0xff, 0xff, 0xff, 0xd8, 0x65,
    0x79, 0xef, 0xff, 0xff, 0xff, 0x10, 0x0, 0xa,
    0xff, 0xff, 0xff, 0xff, 0xff, 0xff, 0xff, 0xff,
    0xff, 0xf6, 0x0, 0x0, 0x0, 0xbf, 0xff, 0xff,
    0xff, 0xff, 0xff, 0xff, 0xff, 0xff, 0x80, 0x0,
    0x0, 0x0, 0x8, 0xff, 0xff, 0xff, 0xff, 0xff,
    0xff, 0xff, 0xe5, 0x0, 0x0, 0x0, 0x0, 0x0,
    0x28, 0xef, 0xff, 0xff, 0xff, 0xff, 0xc6, 0x0,
    0x0, 0x0, 0x0, 0x0, 0x0, 0x0, 0x2, 0x46,
    0x77, 0x76, 0x41, 0x0, 0x0, 0x0, 0x0,

    /* U+0070 "p" */
    0x0, 0x0, 0x0, 0x0, 0x0, 0x4, 0x67, 0x75,
    0x10, 0x0, 0x0, 0x0, 0xef, 0xff, 0xf0, 0x0,
    0x2a, 0xff, 0xff, 0xff, 0xfc, 0x40, 0x0, 0x0,
    0xef, 0xff, 0xf2, 0x7, 0xff, 0xff, 0xff, 0xff,
    0xff, 0xfa, 0x0, 0x0, 0xef, 0xff, 0xf5, 0x6f,
    0xff, 0xff, 0xff, 0xff, 0xff, 0xff, 0xb0, 0x0,
    0xef, 0xff, 0xfc, 0xff, 0xff, 0xff, 0xff, 0xff,
    0xff, 0xff, 0xf6, 0x0, 0xef, 0xff, 0xff, 0xff,
    0xfe, 0xb9, 0xac, 0xff, 0xff, 0xff, 0xfe, 0x0,
    0xef, 0xff, 0xff, 0xff, 0x70, 0x0, 0x0, 0x2b,
    0xff, 0xff, 0xff, 0x60, 0xef, 0xff, 0xff, 0xf6,
    0x0, 0x0, 0x0, 0x0, 0xcf, 0xff, 0xff, 0xc0,
    0xef, 0xff, 0xff, 0xd0, 0x0, 0x0, 0x0, 0x0,
    0x4f, 0xff, 0xff, 0xf0, 0xef, 0xff, 0xff, 0x70,
    0x0, 0x0, 0x0, 0x0, 0xe, 0xff, 0xff, 0xf3,
    0xef, 0xff, 0xff, 0x30, 0x0, 0x0, 0x0, 0x0,
    0xb, 0xff, 0xff, 0xf5, 0xef, 0xff, 0xff, 0x10,
    0x0, 0x0, 0x0, 0x0, 0x9, 0xff, 0xff, 0xf7,
    0xef, 0xff, 0xff, 0x0, 0x0, 0x0, 0x0, 0x0,
    0x8, 0xff, 0xff, 0xf8, 0xef, 0xff, 0xff, 0x0,
    0x0, 0x0, 0x0, 0x0, 0x8, 0xff, 0xff, 0xf8,
    0xef, 0xff, 0xff, 0x0, 0x0, 0x0, 0x0, 0x0,
    0x8, 0xff, 0xff, 0xf8, 0xef, 0xff, 0xff, 0x10,
    0x0, 0x0, 0x0, 0x0, 0x9, 0xff, 0xff, 0xf7,
    0xef, 0xff, 0xff, 0x30, 0x0, 0x0, 0x0, 0x0,
    0xb, 0xff, 0xff, 0xf5, 0xef, 0xff, 0xff, 0x70,
    0x0, 0x0, 0x0, 0x0, 0xe, 0xff, 0xff, 0xf3,
    0xef, 0xff, 0xff, 0xd0, 0x0, 0x0, 0x0, 0x0,
    0x4f, 0xff, 0xff, 0xf0, 0xef, 0xff, 0xff, 0xf7,
    0x0, 0x0, 0x0, 0x0, 0xcf, 0xff, 0xff, 0xc0,
    0xef, 0xff, 0xff, 0xff, 0x70, 0x0, 0x0, 0x2b,
    0xff, 0xff, 0xff, 0x60, 0xef, 0xff, 0xff, 0xff,
    0xff, 0xb9, 0xac, 0xff, 0xff, 0xff, 0xfe, 0x0,
    0xef, 0xff, 0xff, 0xff, 0xff, 0xff, 0xff, 0xff,
    0xff, 0xff, 0xf6, 0x0, 0xef, 0xff, 0xff, 0x5f,
    0xff, 0xff, 0xff, 0xff, 0xff, 0xff, 0xa0, 0x0,
    0xef, 0xff, 0xff, 0x6, 0xff, 0xff, 0xff, 0xff,
    0xff, 0xfa, 0x0, 0x0, 0xef, 0xff, 0xff, 0x0,
    0x2b, 0xff, 0xff, 0xff, 0xfd, 0x50, 0x0, 0x0,
    0xef, 0xff, 0xff, 0x0, 0x0, 0x14, 0x67, 0x75,
    0x20, 0x0, 0x0, 0x0, 0xef, 0xff, 0xff, 0x0,
    0x0, 0x0, 0x0, 0x0, 0x0, 0x0, 0x0, 0x0,
    0xef, 0xff, 0xff, 0x0, 0x0, 0x0, 0x0, 0x0,
    0x0, 0x0, 0x0, 0x0, 0xef, 0xff, 0xff, 0x0,
    0x0, 0x0, 0x0, 0x0, 0x0, 0x0, 0x0, 0x0,
    0xef, 0xff, 0xff, 0x0, 0x0, 0x0, 0x0, 0x0,
    0x0, 0x0, 0x0, 0x0, 0xef, 0xff, 0xff, 0x0,
    0x0, 0x0, 0x0, 0x0, 0x0, 0x0, 0x0, 0x0,
    0xef, 0xff, 0xff, 0x0, 0x0, 0x0, 0x0, 0x0,
    0x0, 0x0, 0x0, 0x0, 0xef, 0xff, 0xff, 0x0,
    0x0, 0x0, 0x0, 0x0, 0x0, 0x0, 0x0, 0x0,

    /* U+0071 "q" */
    0x0, 0x0, 0x0, 0x0, 0x36, 0x76, 0x52, 0x0,
    0x0, 0x0, 0x0, 0x0, 0x0, 0x0, 0x0, 0x19,
    0xff, 0xff, 0xff, 0xfd, 0x60, 0x0, 0x9f, 0xff,
    0xf4, 0x0, 0x0, 0x5f, 0xff, 0xff, 0xff, 0xff,
    0xff, 0xc1, 0xc, 0xff, 0xff, 0x40, 0x0, 0x4f,
    0xff, 0xff, 0xff, 0xff, 0xff, 0xff, 0xc0, 0xef,
    0xff, 0xf4, 0x0, 0x1e, 0xff, 0xff, 0xff, 0xff,
    0xff, 0xff, 0xff, 0xcf, 0xff, 0xff, 0x40, 0x9,
    0xff, 0xff, 0xff, 0xfe, 0xb9, 0xad, 0xff, 0xff,
    0xff, 0xff, 0xf4, 0x0, 0xff, 0xff, 0xff, 0xf5,
    0x0, 0x0, 0x3, 0xdf, 0xff, 0xff, 0xff, 0x40,
    0x5f, 0xff, 0xff, 0xf3, 0x0, 0x0, 0x0, 0x1,
    0xef, 0xff, 0xff, 0xf4, 0x9, 0xff, 0xff, 0xfa,
    0x0, 0x0, 0x0, 0x0, 0x7, 0xff, 0xff, 0xff,
    0x40, 0xdf, 0xff, 0xff, 0x50, 0x0, 0x0, 0x0,
    0x0, 0x1f, 0xff, 0xff, 0xf4, 0xf, 0xff, 0xff,
    0xf2, 0x0, 0x0, 0x0, 0x0, 0x0, 0xdf, 0xff,
    0xff, 0x40, 0xff, 0xff, 0xff, 0x0, 0x0, 0x0,
    0x0, 0x0, 0xa, 0xff, 0xff, 0xf4, 0x1f, 0xff,
    0xff, 0xf0, 0x0, 0x0, 0x0, 0x0, 0x0, 0x9f,
    0xff, 0xff, 0x41, 0xff, 0xff, 0xfe, 0x0, 0x0,
    0x0, 0x0, 0x0, 0x9, 0xff, 0xff, 0xf4, 0x1f,
    0xff, 0xff, 0xf0, 0x0, 0x0, 0x0, 0x0, 0x0,
    0x9f, 0xff, 0xff, 0x40, 0xff, 0xff, 0xff, 0x0,
    0x0, 0x0, 0x0, 0x0, 0xa, 0xff, 0xff, 0xf4,
    0xf, 0xff, 0xff, 0xf1, 0x0, 0x0, 0x0, 0x0,
    0x0, 0xdf, 0xff, 0xff, 0x40, 0xdf, 0xff, 0xff,
    0x50, 0x0, 0x0, 0x0, 0x0, 0x1f, 0xff, 0xff,
    0xf4, 0x9, 0xff, 0xff, 0xfa, 0x0, 0x0, 0x0,
    0x0, 0x6, 0xff, 0xff, 0xff, 0x40, 0x5f, 0xff,
    0xff, 0xf3, 0x0, 0x0, 0x0, 0x1, 0xef, 0xff,
    0xff, 0xf4, 0x0, 0xff, 0xff, 0xff, 0xf5, 0x0,
    0x0, 0x3, 0xdf, 0xff, 0xff, 0xff, 0x40, 0x8,
    0xff, 0xff, 0xff, 0xfe, 0xb9, 0xad, 0xff, 0xff,
    0xff, 0xff, 0xf4, 0x0, 0x1e, 0xff, 0xff, 0xff,
    0xff, 0xff, 0xff, 0xff, 0xff, 0xff, 0xff, 0x40,
    0x0, 0x4f, 0xff, 0xff, 0xff, 0xff, 0xff, 0xff,
    0xb9, 0xff, 0xff, 0xf4, 0x0, 0x0, 0x4f, 0xff,
    0xff, 0xff, 0xff, 0xff, 0xb0, 0x9f, 0xff, 0xff,
    0x40, 0x0, 0x0, 0x19, 0xff, 0xff, 0xff, 0xfd,
    0x60, 0x9, 0xff, 0xff, 0xf4, 0x0, 0x0, 0x0,
    0x0, 0x46, 0x77, 0x52, 0x0, 0x0, 0x9f, 0xff,
    0xff, 0x40, 0x0, 0x0, 0x0, 0x0, 0x0, 0x0,
    0x0, 0x0, 0x9, 0xff, 0xff, 0xf4, 0x0, 0x0,
    0x0, 0x0, 0x0, 0x0, 0x0, 0x0, 0x0, 0x9f,
    0xff, 0xff, 0x40, 0x0, 0x0, 0x0, 0x0, 0x0,
    0x0, 0x0, 0x0, 0x9, 0xff, 0xff, 0xf4, 0x0,
    0x0, 0x0, 0x0, 0x0, 0x0, 0x0, 0x0, 0x0,
    0x9f, 0xff, 0xff, 0x40, 0x0, 0x0, 0x0, 0x0,
    0x0, 0x0, 0x0, 0x0, 0x9, 0xff, 0xff, 0xf4,
    0x0, 0x0, 0x0, 0x0, 0x0, 0x0, 0x0, 0x0,
    0x0, 0x9f, 0xff, 0xff, 0x40, 0x0, 0x0, 0x0,
    0x0, 0x0, 0x0, 0x0, 0x0, 0x9, 0xff, 0xff,
    0xf4,

    /* U+0072 "r" */
    0x0, 0x0, 0x0, 0x0, 0x2, 0x67, 0x63, 0xef,
    0xff, 0xf1, 0x0, 0x9f, 0xff, 0xfe, 0xef, 0xff,
    0xf3, 0xb, 0xff, 0xff, 0xfe, 0xef, 0xff, 0xf4,
    0x5f, 0xff, 0xff, 0xfe, 0xef, 0xff, 0xf7, 0xdf,
    0xff, 0xff, 0xfe, 0xef, 0xff, 0xff, 0xff, 0xff,
    0xff, 0xfe, 0xef, 0xff, 0xff, 0xff, 0xfe, 0xa8,
    0x87, 0xef, 0xff, 0xff, 0xff, 0x60, 0x0, 0x0,
    0xef, 0xff, 0xff, 0xf4, 0x0, 0x0, 0x0, 0xef,
    0xff, 0xff, 0xa0, 0x0, 0x0, 0x0, 0xef, 0xff,
    0xff, 0x50, 0x0, 0x0, 0x0, 0xef, 0xff, 0xff,
    0x10, 0x0, 0x0, 0x0, 0xef, 0xff, 0xff, 0x0,
    0x0, 0x0, 0x0, 0xef, 0xff, 0xff, 0x0, 0x0,
    0x0, 0x0, 0xef, 0xff, 0xff, 0x0, 0x0, 0x0,
    0x0, 0xef, 0xff, 0xff, 0x0, 0x0, 0x0, 0x0,
    0xef, 0xff, 0xff, 0x0, 0x0, 0x0, 0x0, 0xef,
    0xff, 0xff, 0x0, 0x0, 0x0, 0x0, 0xef, 0xff,
    0xff, 0x0, 0x0, 0x0, 0x0, 0xef, 0xff, 0xff,
    0x0, 0x0, 0x0, 0x0, 0xef, 0xff, 0xff, 0x0,
    0x0, 0x0, 0x0, 0xef, 0xff, 0xff, 0x0, 0x0,
    0x0, 0x0, 0xef, 0xff, 0xff, 0x0, 0x0, 0x0,
    0x0, 0xef, 0xff, 0xff, 0x0, 0x0, 0x0, 0x0,
    0xef, 0xff, 0xff, 0x0, 0x0, 0x0, 0x0, 0xef,
    0xff, 0xff, 0x0, 0x0, 0x0, 0x0,

    /* U+0073 "s" */
    0x0, 0x0, 0x0, 0x0, 0x14, 0x67, 0x76, 0x52,
    0x0, 0x0, 0x0, 0x0, 0x0, 0x0, 0x2, 0x8e,
    0xff, 0xff, 0xff, 0xff, 0xe9, 0x30, 0x0, 0x0,
    0x0, 0x0, 0x8f, 0xff, 0xff, 0xff, 0xff, 0xff,
    0xff, 0xfa, 0x0, 0x0, 0x0, 0xb, 0xff, 0xff,
    0xff, 0xff, 0xff, 0xff, 0xff, 0xff, 0xd0, 0x0,
    0x0, 0x8f, 0xff, 0xff, 0xff, 0xff, 0xff, 0xff,
    0xff, 0xff, 0xf9, 0x0, 0x1, 0xff, 0xff, 0xff,
    0xd6, 0x31, 0x23, 0x8e, 0xff, 0xff, 0xff, 0x10,
    0x5, 0xff, 0xff, 0xfc, 0x0, 0x0, 0x0, 0x1,
    0xdf, 0xff, 0xff, 0x50, 0x7, 0xff, 0xff, 0xf7,
    0x0, 0x0, 0x0, 0x0, 0x6f, 0xff, 0xff, 0x60,
    0x6, 0xff, 0xff, 0xfc, 0x0, 0x0, 0x0, 0x0,
    0x15, 0x55, 0x55, 0x20, 0x4, 0xff, 0xff, 0xff,
    0xd6, 0x10, 0x0, 0x0, 0x0, 0x0, 0x0, 0x0,
    0x0, 0xef, 0xff, 0xff, 0xff, 0xfc, 0x72, 0x0,
    0x0, 0x0, 0x0, 0x0, 0x0, 0x5f, 0xff, 0xff,
    0xff, 0xff, 0xff, 0xea, 0x50, 0x0, 0x0, 0x0,
    0x0, 0x6, 0xff, 0xff, 0xff, 0xff, 0xff, 0xff,
    0xff, 0xa3, 0x0, 0x0, 0x0, 0x0, 0x2b, 0xff,
    0xff, 0xff, 0xff, 0xff, 0xff, 0xff, 0x90, 0x0,
    0x0, 0x0, 0x0, 0x28, 0xcf, 0xff, 0xff, 0xff,
    0xff, 0xff, 0xfb, 0x0, 0x0, 0x0, 0x0, 0x0,
    0x1, 0x6a, 0xef, 0xff, 0xff, 0xff, 0xff, 0x60,
    0x0, 0x0, 0x0, 0x0, 0x0, 0x0, 0x3, 0x8e,
    0xff, 0xff, 0xff, 0xd0, 0x0, 0x0, 0x0, 0x0,
    0x0, 0x0, 0x0, 0x0, 0xaf, 0xff, 0xff, 0xf0,
    0xe, 0xee, 0xee, 0xb0, 0x0, 0x0, 0x0, 0x0,
    0xf, 0xff, 0xff, 0xf1, 0xf, 0xff, 0xff, 0xf0,
    0x0, 0x0, 0x0, 0x0, 0xe, 0xff, 0xff, 0xf0,
    0xd, 0xff, 0xff, 0xfa, 0x0, 0x0, 0x0, 0x0,
    0x5f, 0xff, 0xff, 0xe0, 0x7, 0xff, 0xff, 0xff,
    0xd7, 0x42, 0x24, 0x6b, 0xff, 0xff, 0xff, 0x90,
    0x0, 0xef, 0xff, 0xff, 0xff, 0xff, 0xff, 0xff,
    0xff, 0xff, 0xff, 0x20, 0x0, 0x3e, 0xff, 0xff,
    0xff, 0xff, 0xff, 0xff, 0xff, 0xff, 0xf6, 0x0,
    0x0, 0x2, 0xbf, 0xff, 0xff, 0xff, 0xff, 0xff,
    0xff, 0xfe, 0x40, 0x0, 0x0, 0x0, 0x4, 0xaf,
    0xff, 0xff, 0xff, 0xff, 0xfc, 0x60, 0x0, 0x0,
    0x0, 0x0, 0x0, 0x0, 0x25, 0x67, 0x76, 0x53,
    0x0, 0x0, 0x0, 0x0,

    /* U+0074 "t" */
    0x0, 0x0, 0x18, 0x88, 0x84, 0x0, 0x0, 0x0,
    0x0, 0x4f, 0xff, 0xf8, 0x0, 0x0, 0x0, 0x0,
    0x7f, 0xff, 0xf8, 0x0, 0x0, 0x0, 0x0, 0x9f,
    0xff, 0xf8, 0x0, 0x0, 0x0, 0x0, 0xbf, 0xff,
    0xf8, 0x0, 0x0, 0x0, 0x0, 0xdf, 0xff, 0xf8,
    0x0, 0x0, 0x0, 0x0, 0xff, 0xff, 0xf8, 0x0,
    0x0, 0x0, 0x2, 0xff, 0xff, 0xf8, 0x0, 0x0,
    0x6f, 0xff, 0xff, 0xff, 0xff, 0xff, 0xfe, 0x6f,
    0xff, 0xff, 0xff, 0xff, 0xff, 0xfe, 0x6f, 0xff,
    0xff, 0xff, 0xff, 0xff, 0xfe, 0x6f, 0xff, 0xff,
    0xff, 0xff, 0xff, 0xfe, 0x5d, 0xde, 0xff, 0xff,
    0xfe, 0xdd, 0xdb, 0x0, 0x5, 0xff, 0xff, 0xf8,
    0x0, 0x0, 0x0, 0x5, 0xff, 0xff, 0xf8, 0x0,
    0x0, 0x0, 0x5, 0xff, 0xff, 0xf8, 0x0, 0x0,
    0x0, 0x5, 0xff, 0xff, 0xf8, 0x0, 0x0, 0x0,
    0x5, 0xff, 0xff, 0xf8, 0x0, 0x0, 0x0, 0x5,
    0xff, 0xff, 0xf8, 0x0, 0x0, 0x0, 0x5, 0xff,
    0xff, 0xf8, 0x0, 0x0, 0x0, 0x5, 0xff, 0xff,
    0xf8, 0x0, 0x0, 0x0, 0x5, 0xff, 0xff, 0xf8,
    0x0, 0x0, 0x0, 0x5, 0xff, 0xff, 0xf8, 0x0,
    0x0, 0x0, 0x5, 0xff, 0xff, 0xf8, 0x0, 0x0,
    0x0, 0x5, 0xff, 0xff, 0xf8, 0x0, 0x0, 0x0,
    0x5, 0xff, 0xff, 0xf8, 0x0, 0x0, 0x0, 0x5,
    0xff, 0xff, 0xf8, 0x0, 0x0, 0x0, 0x5, 0xff,
    0xff, 0xfa, 0x0, 0x0, 0x0, 0x3, 0xff, 0xff,
    0xff, 0x73, 0x33, 0x0, 0x0, 0xff, 0xff, 0xff,
    0xff, 0xfe, 0x0, 0x0, 0xaf, 0xff, 0xff, 0xff,
    0xfe, 0x0, 0x0, 0x1e, 0xff, 0xff, 0xff, 0xfe,
    0x0, 0x0, 0x2, 0xcf, 0xff, 0xff, 0xfc, 0x0,
    0x0, 0x0, 0x3, 0x67, 0x75, 0x20,

    /* U+0075 "u" */
    0x1f, 0xff, 0xff, 0xc0, 0x0, 0x0, 0x0, 0x0,
    0xf, 0xff, 0xff, 0xd1, 0xff, 0xff, 0xfc, 0x0,
    0x0, 0x0, 0x0, 0x0, 0xff, 0xff, 0xfd, 0x1f,
    0xff, 0xff, 0xc0, 0x0, 0x0, 0x0, 0x0, 0xf,
    0xff, 0xff, 0xd1, 0xff, 0xff, 0xfc, 0x0, 0x0,
    0x0, 0x0, 0x0, 0xff, 0xff, 0xfd, 0x1f, 0xff,
    0xff, 0xc0, 0x0, 0x0, 0x0, 0x0, 0xf, 0xff,
    0xff, 0xd1, 0xff, 0xff, 0xfc, 0x0, 0x0, 0x0,
    0x0, 0x0, 0xff, 0xff, 0xfd, 0x1f, 0xff, 0xff,
    0xc0, 0x0, 0x0, 0x0, 0x0, 0xf, 0xff, 0xff,
    0xd1, 0xff, 0xff, 0xfc, 0x0, 0x0, 0x0, 0x0,
    0x0, 0xff, 0xff, 0xfd, 0x1f, 0xff, 0xff, 0xc0,
    0x0, 0x0, 0x0, 0x0, 0xf, 0xff, 0xff, 0xd1,
    0xff, 0xff, 0xfc, 0x0, 0x0, 0x0, 0x0, 0x0,
    0xff, 0xff, 0xfd, 0x1f, 0xff, 0xff, 0xc0, 0x0,
    0x0, 0x0, 0x0, 0xf, 0xff, 0xff, 0xd1, 0xff,
    0xff, 0xfc, 0x0, 0x0, 0x0, 0x0, 0x0, 0xff,
    0xff, 0xfd, 0x1f, 0xff, 0xff, 0xc0, 0x0, 0x0,
    0x0, 0x0, 0xf, 0xff, 0xff, 0xd1, 0xff, 0xff,
    0xfc, 0x0, 0x0, 0x0, 0x0, 0x0, 0xff, 0xff,
    0xfd, 0x1f, 0xff, 0xff, 0xc0, 0x0, 0x0, 0x0,
    0x0, 0xf, 0xff, 0xff, 0xd1, 0xff, 0xff, 0xfc,
    0x0, 0x0, 0x0, 0x0, 0x1, 0xff, 0xff, 0xfd,
    0x1f, 0xff, 0xff, 0xd0, 0x0, 0x0, 0x0, 0x0,
    0x5f, 0xff, 0xff, 0xd0, 0xff, 0xff, 0xff, 0x0,
    0x0, 0x0, 0x0, 0xc, 0xff, 0xff, 0xfd, 0xf,
    0xff, 0xff, 0xf6, 0x0, 0x0, 0x0, 0x8, 0xff,
    0xff, 0xff, 0xd0, 0xdf, 0xff, 0xff, 0xf5, 0x0,
    0x0, 0x1a, 0xff, 0xff, 0xff, 0xfd, 0x9, 0xff,
    0xff, 0xff, 0xfe, 0xcb, 0xcf, 0xff, 0xff, 0xff,
    0xff, 0xd0, 0x3f, 0xff, 0xff, 0xff, 0xff, 0xff,
    0xff, 0xff, 0xcf, 0xff, 0xfd, 0x0, 0xaf, 0xff,
    0xff, 0xff, 0xff, 0xff, 0xff, 0x65, 0xff, 0xff,
    0xd0, 0x0, 0xbf, 0xff, 0xff, 0xff, 0xff, 0xfe,
    0x50, 0x3f, 0xff, 0xfd, 0x0, 0x0, 0x6d, 0xff,
    0xff, 0xff, 0xf9, 0x10, 0x0, 0xff, 0xff, 0xd0,
    0x0, 0x0, 0x2, 0x57, 0x76, 0x30, 0x0, 0x0,
    0x0, 0x0, 0x0,

    /* U+0076 "v" */
    0x9f, 0xff, 0xff, 0x90, 0x0, 0x0, 0x0, 0x0,
    0x0, 0xf, 0xff, 0xff, 0xe0, 0x3f, 0xff, 0xff,
    0xe0, 0x0, 0x0, 0x0, 0x0, 0x0, 0x5f, 0xff,
    0xff, 0x90, 0xd, 0xff, 0xff, 0xf4, 0x0, 0x0,
    0x0, 0x0, 0x0, 0xbf, 0xff, 0xff, 0x30, 0x7,
    0xff, 0xff, 0xfa, 0x0, 0x0, 0x0, 0x0, 0x1,
    0xff, 0xff, 0xfd, 0x0, 0x1, 0xff, 0xff, 0xff,
    0x0, 0x0, 0x0, 0x0, 0x6, 0xff, 0xff, 0xf7,
    0x0, 0x0, 0xbf, 0xff, 0xff, 0x60, 0x0, 0x0,
    0x0, 0xc, 0xff, 0xff, 0xf1, 0x0, 0x0, 0x5f,
    0xff, 0xff, 0xb0, 0x0, 0x0, 0x0, 0x2f, 0xff,
    0xff, 0xb0, 0x0, 0x0, 0xe, 0xff, 0xff, 0xf1,
    0x0, 0x0, 0x0, 0x7f, 0xff, 0xff, 0x50, 0x0,
    0x0, 0x9, 0xff, 0xff, 0xf7, 0x0, 0x0, 0x0,
    0xdf, 0xff, 0xfe, 0x0, 0x0, 0x0, 0x3, 0xff,
    0xff, 0xfd, 0x0, 0x0, 0x3, 0xff, 0xff, 0xf9,
    0x0, 0x0, 0x0, 0x0, 0xdf, 0xff, 0xff, 0x30,
    0x0, 0x8, 0xff, 0xff, 0xf3, 0x0, 0x0, 0x0,
    0x0, 0x7f, 0xff, 0xff, 0x80, 0x0, 0xe, 0xff,
    0xff, 0xd0, 0x0, 0x0, 0x0, 0x0, 0x1f, 0xff,
    0xff, 0xd0, 0x0, 0x4f, 0xff, 0xff, 0x70, 0x0,
    0x0, 0x0, 0x0, 0xb, 0xff, 0xff, 0xf2, 0x0,
    0x8f, 0xff, 0xff, 0x10, 0x0, 0x0, 0x0, 0x0,
    0x5, 0xff, 0xff, 0xf7, 0x0, 0xdf, 0xff, 0xfb,
    0x0, 0x0, 0x0, 0x0, 0x0, 0x0, 0xef, 0xff,
    0xfc, 0x2, 0xff, 0xff, 0xf5, 0x0, 0x0, 0x0,
    0x0, 0x0, 0x0, 0x9f, 0xff, 0xff, 0x16, 0xff,
    0xff, 0xe0, 0x0, 0x0, 0x0, 0x0, 0x0, 0x0,
    0x3f, 0xff, 0xff, 0x5a, 0xff, 0xff, 0x90, 0x0,
    0x0, 0x0, 0x0, 0x0, 0x0, 0xd, 0xff, 0xff,
    0xae, 0xff, 0xff, 0x30, 0x0, 0x0, 0x0, 0x0,
    0x0, 0x0, 0x7, 0xff, 0xff, 0xff, 0xff, 0xfd,
    0x0, 0x0, 0x0, 0x0, 0x0, 0x0, 0x0, 0x1,
    0xff, 0xff, 0xff, 0xff, 0xf7, 0x0, 0x0, 0x0,
    0x0, 0x0, 0x0, 0x0, 0x0, 0xbf, 0xff, 0xff,
    0xff, 0xf1, 0x0, 0x0, 0x0, 0x0, 0x0, 0x0,
    0x0, 0x0, 0x5f, 0xff, 0xff, 0xff, 0xb0, 0x0,
    0x0, 0x0, 0x0, 0x0, 0x0, 0x0, 0x0, 0xe,
    0xff, 0xff, 0xff, 0x50, 0x0, 0x0, 0x0, 0x0,
    0x0, 0x0, 0x0, 0x0, 0x9, 0xff, 0xff, 0xfe,
    0x0, 0x0, 0x0, 0x0, 0x0,

    /* U+0077 "w" */
    0xbf, 0xff, 0xff, 0x50, 0x0, 0x0, 0x0, 0xe,
    0xff, 0xff, 0xf9, 0x0, 0x0, 0x0, 0x0, 0x8f,
    0xff, 0xff, 0x16, 0xff, 0xff, 0xf9, 0x0, 0x0,
    0x0, 0x2, 0xff, 0xff, 0xff, 0xe0, 0x0, 0x0,
    0x0, 0xc, 0xff, 0xff, 0xc0, 0x1f, 0xff, 0xff,
    0xd0, 0x0, 0x0, 0x0, 0x6f, 0xff, 0xff, 0xff,
    0x20, 0x0, 0x0, 0x0, 0xff, 0xff, 0xf7, 0x0,
    0xcf, 0xff, 0xff, 0x10, 0x0, 0x0, 0xa, 0xff,
    0xff, 0xff, 0xf6, 0x0, 0x0, 0x0, 0x4f, 0xff,
    0xff, 0x20, 0x8, 0xff, 0xff, 0xf5, 0x0, 0x0,
    0x0, 0xef, 0xff, 0xff, 0xff, 0xa0, 0x0, 0x0,
    0x8, 0xff, 0xff, 0xe0, 0x0, 0x3f, 0xff, 0xff,
    0x90, 0x0, 0x0, 0x1f, 0xff, 0xff, 0xff, 0xfe,
    0x0, 0x0, 0x0, 0xcf, 0xff, 0xf9, 0x0, 0x0,
    0xef, 0xff, 0xfd, 0x0, 0x0, 0x5, 0xff, 0xff,
    0xef, 0xff, 0xf2, 0x0, 0x0, 0xf, 0xff, 0xff,
    0x40, 0x0, 0x9, 0xff, 0xff, 0xf2, 0x0, 0x0,
    0x9f, 0xff, 0xf8, 0xff, 0xff, 0x60, 0x0, 0x4,
    0xff, 0xff, 0xf0, 0x0, 0x0, 0x4f, 0xff, 0xff,
    0x60, 0x0, 0xd, 0xff, 0xfd, 0x4f, 0xff, 0xfa,
    0x0, 0x0, 0x8f, 0xff, 0xfb, 0x0, 0x0, 0x0,
    0xff, 0xff, 0xfa, 0x0, 0x1, 0xff, 0xff, 0xa1,
    0xff, 0xff, 0xe0, 0x0, 0xc, 0xff, 0xff, 0x60,
    0x0, 0x0, 0xb, 0xff, 0xff, 0xe0, 0x0, 0x5f,
    0xff, 0xf7, 0xe, 0xff, 0xff, 0x20, 0x0, 0xff,
    0xff, 0xf1, 0x0, 0x0, 0x0, 0x6f, 0xff, 0xff,
    0x20, 0x9, 0xff, 0xff, 0x30, 0xaf, 0xff, 0xf6,
    0x0, 0x4f, 0xff, 0xfc, 0x0, 0x0, 0x0, 0x1,
    0xff, 0xff, 0xf6, 0x0, 0xdf, 0xff, 0xf0, 0x7,
    0xff, 0xff, 0xa0, 0x8, 0xff, 0xff, 0x70, 0x0,
    0x0, 0x0, 0xc, 0xff, 0xff, 0xa0, 0xf, 0xff,
    0xfb, 0x0, 0x3f, 0xff, 0xfe, 0x0, 0xcf, 0xff,
    0xf3, 0x0, 0x0, 0x0, 0x0, 0x7f, 0xff, 0xfe,
    0x4, 0xff, 0xff, 0x70, 0x0, 0xff, 0xff, 0xf2,
    0xf, 0xff, 0xfe, 0x0, 0x0, 0x0, 0x0, 0x2,
    0xff, 0xff, 0xf2, 0x7f, 0xff, 0xf3, 0x0, 0xb,
    0xff, 0xff, 0x53, 0xff, 0xff, 0x90, 0x0, 0x0,
    0x0, 0x0, 0xe, 0xff, 0xff, 0x5a, 0xff, 0xff,
    0x0, 0x0, 0x7f, 0xff, 0xf9, 0x7f, 0xff, 0xf4,
    0x0, 0x0, 0x0, 0x0, 0x0, 0x9f, 0xff, 0xf8,
    0xdf, 0xff, 0xb0, 0x0, 0x3, 0xff, 0xff, 0xca,
    0xff, 0xff, 0x0, 0x0, 0x0, 0x0, 0x0, 0x4,
    0xff, 0xff, 0xef, 0xff, 0xf7, 0x0, 0x0, 0xf,
    0xff, 0xff, 0xff, 0xff, 0xb0, 0x0, 0x0, 0x0,
    0x0, 0x0, 0xf, 0xff, 0xff, 0xff, 0xff, 0x30,
    0x0, 0x0, 0xcf, 0xff, 0xff, 0xff, 0xf6, 0x0,
    0x0, 0x0, 0x0, 0x0, 0x0, 0xaf, 0xff, 0xff,
    0xff, 0xf0, 0x0, 0x0, 0x8, 0xff, 0xff, 0xff,
    0xff, 0x10, 0x0, 0x0, 0x0, 0x0, 0x0, 0x5,
    0xff, 0xff, 0xff, 0xfb, 0x0, 0x0, 0x0, 0x4f,
    0xff, 0xff, 0xff, 0xc0, 0x0, 0x0, 0x0, 0x0,
    0x0, 0x0, 0x1f, 0xff, 0xff, 0xff, 0x70, 0x0,
    0x0, 0x0, 0xff, 0xff, 0xff, 0xf7, 0x0, 0x0,
    0x0, 0x0, 0x0, 0x0, 0x0, 0xcf, 0xff, 0xff,
    0xf3, 0x0, 0x0, 0x0, 0xc, 0xff, 0xff, 0xff,
    0x30, 0x0, 0x0, 0x0, 0x0, 0x0, 0x0, 0x7,
    0xff, 0xff, 0xff, 0x0, 0x0, 0x0, 0x0, 0x8f,
    0xff, 0xff, 0xe0, 0x0, 0x0, 0x0, 0x0,

    /* U+0078 "x" */
    0x8, 0xff, 0xff, 0xff, 0x80, 0x0, 0x0, 0x0,
    0x0, 0xbf, 0xff, 0xff, 0xd0, 0x0, 0xdf, 0xff,
    0xff, 0xf2, 0x0, 0x0, 0x0, 0x6, 0xff, 0xff,
    0xff, 0x30, 0x0, 0x2f, 0xff, 0xff, 0xfc, 0x0,
    0x0, 0x0, 0x1f, 0xff, 0xff, 0xf7, 0x0, 0x0,
    0x7, 0xff, 0xff, 0xff, 0x70, 0x0, 0x0, 0xbf,
    0xff, 0xff, 0xc0, 0x0, 0x0, 0x0, 0xcf, 0xff,
    0xff, 0xf2, 0x0, 0x6, 0xff, 0xff, 0xff, 0x20,
    0x0, 0x0, 0x0, 0x2f, 0xff, 0xff, 0xfb, 0x0,
    0x1e, 0xff, 0xff, 0xf5, 0x0, 0x0, 0x0, 0x0,
    0x6, 0xff, 0xff, 0xff, 0x60, 0xbf, 0xff, 0xff,
    0xa0, 0x0, 0x0, 0x0, 0x0, 0x0, 0xbf, 0xff,
    0xff, 0xf7, 0xff, 0xff, 0xfe, 0x10, 0x0, 0x0,
    0x0, 0x0, 0x0, 0x1e, 0xff, 0xff, 0xff, 0xff,
    0xff, 0xf4, 0x0, 0x0, 0x0, 0x0, 0x0, 0x0,
    0x5, 0xff, 0xff, 0xff, 0xff, 0xff, 0x80, 0x0,
    0x0, 0x0, 0x0, 0x0, 0x0, 0x0, 0xaf, 0xff,
    0xff, 0xff, 0xfd, 0x0, 0x0, 0x0, 0x0, 0x0,
    0x0, 0x0, 0x0, 0xe, 0xff, 0xff, 0xff, 0xf2,
    0x0, 0x0, 0x0, 0x0, 0x0, 0x0, 0x0, 0x0,
    0xc, 0xff, 0xff, 0xff, 0xf2, 0x0, 0x0, 0x0,
    0x0, 0x0, 0x0, 0x0, 0x0, 0x7f, 0xff, 0xff,
    0xff, 0xfd, 0x0, 0x0, 0x0, 0x0, 0x0, 0x0,
    0x0, 0x3, 0xff, 0xff, 0xff, 0xff, 0xff, 0x80,
    0x0, 0x0, 0x0, 0x0, 0x0, 0x0, 0xd, 0xff,
    0xff, 0xff, 0xff, 0xff, 0xf3, 0x0, 0x0, 0x0,
    0x0, 0x0, 0x0, 0x9f, 0xff, 0xff, 0xbc, 0xff,
    0xff, 0xfd, 0x0, 0x0, 0x0, 0x0, 0x0, 0x4,
    0xff, 0xff, 0xff, 0x12, 0xff, 0xff, 0xff, 0x90,
    0x0, 0x0, 0x0, 0x0, 0x1e, 0xff, 0xff, 0xf6,
    0x0, 0x7f, 0xff, 0xff, 0xf4, 0x0, 0x0, 0x0,
    0x0, 0xaf, 0xff, 0xff, 0xb0, 0x0, 0xd, 0xff,
    0xff, 0xfe, 0x10, 0x0, 0x0, 0x5, 0xff, 0xff,
    0xff, 0x20, 0x0, 0x3, 0xff, 0xff, 0xff, 0xa0,
    0x0, 0x0, 0x1f, 0xff, 0xff, 0xf7, 0x0, 0x0,
    0x0, 0x8f, 0xff, 0xff, 0xf5, 0x0, 0x0, 0xcf,
    0xff, 0xff, 0xc0, 0x0, 0x0, 0x0, 0xd, 0xff,
    0xff, 0xfe, 0x10, 0x7, 0xff, 0xff, 0xff, 0x20,
    0x0, 0x0, 0x0, 0x4, 0xff, 0xff, 0xff, 0xb0,
    0x3f, 0xff, 0xff, 0xf7, 0x0, 0x0, 0x0, 0x0,
    0x0, 0x9f, 0xff, 0xff, 0xf6,

    /* U+0079 "y" */
    0x9f, 0xff, 0xff, 0x90, 0x0, 0x0, 0x0, 0x0,
    0x0, 0xf, 0xff, 0xff, 0xf0, 0x2f, 0xff, 0xff,
    0xf0, 0x0, 0x0, 0x0, 0x0, 0x0, 0x4f, 0xff,
    0xff, 0x90, 0xc, 0xff, 0xff, 0xf6, 0x0, 0x0,
    0x0, 0x0, 0x0, 0x9f, 0xff, 0xff, 0x30, 0x5,
    0xff, 0xff, 0xfc, 0x0, 0x0, 0x0, 0x0, 0x0,
    0xef, 0xff, 0xfe, 0x0, 0x0, 0xef, 0xff, 0xff,
    0x30, 0x0, 0x0, 0x0, 0x4, 0xff, 0xff, 0xf8,
    0x0, 0x0, 0x8f, 0xff, 0xff, 0x90, 0x0, 0x0,
    0x0, 0x9, 0xff, 0xff, 0xf2, 0x0, 0x0, 0x2f,
    0xff, 0xff, 0xf0, 0x0, 0x0, 0x0, 0xe, 0xff,
    0xff, 0xc0, 0x0, 0x0, 0xb, 0xff, 0xff, 0xf6,
    0x0, 0x0, 0x0, 0x4f, 0xff, 0xff, 0x60, 0x0,
    0x0, 0x5, 0xff, 0xff, 0xfc, 0x0, 0x0, 0x0,
    0x9f, 0xff, 0xff, 0x10, 0x0, 0x0, 0x0, 0xef,
    0xff, 0xff, 0x30, 0x0, 0x0, 0xef, 0xff, 0xfb,
    0x0, 0x0, 0x0, 0x0, 0x8f, 0xff, 0xff, 0x90,
    0x0, 0x3, 0xff, 0xff, 0xf5, 0x0, 0x0, 0x0,
    0x0, 0x2f, 0xff, 0xff, 0xf0, 0x0, 0x9, 0xff,
    0xff, 0xf0, 0x0, 0x0, 0x0, 0x0, 0xb, 0xff,
    0xff, 0xf6, 0x0, 0xe, 0xff, 0xff, 0x90, 0x0,
    0x0, 0x0, 0x0, 0x5, 0xff, 0xff, 0xfb, 0x0,
    0x3f, 0xff, 0xff, 0x30, 0x0, 0x0, 0x0, 0x0,
    0x0, 0xef, 0xff, 0xff, 0x0, 0x8f, 0xff, 0xfe,
    0x0, 0x0, 0x0, 0x0, 0x0, 0x0, 0x8f, 0xff,
    0xff, 0x50, 0xcf, 0xff, 0xf8, 0x0, 0x0, 0x0,
    0x0, 0x0, 0x0, 0x1f, 0xff, 0xff, 0x91, 0xff,
    0xff, 0xf2, 0x0, 0x0, 0x0, 0x0, 0x0, 0x0,
    0xb, 0xff, 0xff, 0xe5, 0xff, 0xff, 0xc0, 0x0,
    0x0, 0x0, 0x0, 0x0, 0x0, 0x4, 0xff, 0xff,
    0xfd, 0xff, 0xff, 0x60, 0x0, 0x0, 0x0, 0x0,
    0x0, 0x0, 0x0, 0xef, 0xff, 0xff, 0xff, 0xff,
    0x10, 0x0, 0x0, 0x0, 0x0, 0x0, 0x0, 0x0,
    0x7f, 0xff, 0xff, 0xff, 0xfb, 0x0, 0x0, 0x0,
    0x0, 0x0, 0x0, 0x0, 0x0, 0x1f, 0xff, 0xff,
    0xff, 0xf5, 0x0, 0x0, 0x0, 0x0, 0x0, 0x0,
    0x0, 0x0, 0xa, 0xff, 0xff, 0xff, 0xf0, 0x0,
    0x0, 0x0, 0x0, 0x0, 0x0, 0x0, 0x0, 0x4,
    0xff, 0xff, 0xff, 0x90, 0x0, 0x0, 0x0, 0x0,
    0x0, 0x0, 0x0, 0x0, 0x0, 0xff, 0xff, 0xff,
    0x20, 0x0, 0x0, 0x0, 0x0, 0x0, 0x0, 0x0,
    0x0, 0x8, 0xff, 0xff, 0xfb, 0x0, 0x0, 0x0,
    0x0, 0x0, 0x0, 0x0, 0x0, 0x0, 0x5f, 0xff,
    0xff, 0xf4, 0x0, 0x0, 0x0, 0x0, 0x0, 0x0,
    0x0, 0x0, 0x19, 0xff, 0xff, 0xff, 0xc0, 0x0,
    0x0, 0x0, 0x0, 0x0, 0x0, 0x8c, 0xcd, 0xff,
    0xff, 0xff, 0xff, 0x30, 0x0, 0x0, 0x0, 0x0,
    0x0, 0x0, 0xaf, 0xff, 0xff, 0xff, 0xff, 0xf7,
    0x0, 0x0, 0x0, 0x0, 0x0, 0x0, 0x0, 0xaf,
    0xff, 0xff, 0xff, 0xff, 0x90, 0x0, 0x0, 0x0,
    0x0, 0x0, 0x0, 0x0, 0xaf, 0xff, 0xff, 0xff,
    0xf7, 0x0, 0x0, 0x0, 0x0, 0x0, 0x0, 0x0,
    0x0, 0x5b, 0xef, 0xfe, 0xc7, 0x10, 0x0, 0x0,
    0x0, 0x0, 0x0, 0x0, 0x0,

    /* U+007A "z" */
    0xf, 0xff, 0xff, 0xff, 0xff, 0xff, 0xff, 0xff,
    0xff, 0xff, 0xf7, 0xf, 0xff, 0xff, 0xff, 0xff,
    0xff, 0xff, 0xff, 0xff, 0xff, 0xf7, 0xf, 0xff,
    0xff, 0xff, 0xff, 0xff, 0xff, 0xff, 0xff, 0xff,
    0xf7, 0xf, 0xff, 0xff, 0xff, 0xff, 0xff, 0xff,
    0xff, 0xff, 0xff, 0xd0, 0xd, 0xdd, 0xdd, 0xdd,
    0xdd, 0xdd, 0xdf, 0xff, 0xff, 0xff, 0x30, 0x0,
    0x0, 0x0, 0x0, 0x0, 0x0, 0x9f, 0xff, 0xff,
    0xf6, 0x0, 0x0, 0x0, 0x0, 0x0, 0x0, 0x4,
    0xff, 0xff, 0xff, 0xa0, 0x0, 0x0, 0x0, 0x0,
    0x0, 0x0, 0x1e, 0xff, 0xff, 0xfe, 0x10, 0x0,
    0x0, 0x0, 0x0, 0x0, 0x0, 0xbf, 0xff, 0xff,
    0xf3, 0x0, 0x0, 0x0, 0x0, 0x0, 0x0, 0x7,
    0xff, 0xff, 0xff, 0x70, 0x0, 0x0, 0x0, 0x0,
    0x0, 0x0, 0x3f, 0xff, 0xff, 0xfb, 0x0, 0x0,
    0x0, 0x0, 0x0, 0x0, 0x1, 0xef, 0xff, 0xff,
    0xe1, 0x0, 0x0, 0x0, 0x0, 0x0, 0x0, 0xb,
    0xff, 0xff, 0xff, 0x40, 0x0, 0x0, 0x0, 0x0,
    0x0, 0x0, 0x6f, 0xff, 0xff, 0xf8, 0x0, 0x0,
    0x0, 0x0, 0x0, 0x0, 0x3, 0xff, 0xff, 0xff,
    0xc0, 0x0, 0x0, 0x0, 0x0, 0x0, 0x0, 0xd,
    0xff, 0xff, 0xff, 0x20, 0x0, 0x0, 0x0, 0x0,
    0x0, 0x0, 0xaf, 0xff, 0xff, 0xf5, 0x0, 0x0,
    0x0, 0x0, 0x0, 0x0, 0x5, 0xff, 0xff, 0xff,
    0x90, 0x0, 0x0, 0x0, 0x0, 0x0, 0x0, 0x2f,
    0xff, 0xff, 0xfd, 0x0, 0x0, 0x0, 0x0, 0x0,
    0x0, 0x0, 0xcf, 0xff, 0xff, 0xf2, 0x0, 0x0,
    0x0, 0x0, 0x0, 0x0, 0x9, 0xff, 0xff, 0xff,
    0xfd, 0xdd, 0xdd, 0xdd, 0xdd, 0xdd, 0xdd, 0x4f,
    0xff, 0xff, 0xff, 0xff, 0xff, 0xff, 0xff, 0xff,
    0xff, 0xff, 0xdf, 0xff, 0xff, 0xff, 0xff, 0xff,
    0xff, 0xff, 0xff, 0xff, 0xff, 0xdf, 0xff, 0xff,
    0xff, 0xff, 0xff, 0xff, 0xff, 0xff, 0xff, 0xff,
    0xdf, 0xff, 0xff, 0xff, 0xff, 0xff, 0xff, 0xff,
    0xff, 0xff, 0xff,

    /* U+00B0 "°" */
    0x0, 0x0, 0x3, 0x68, 0x74, 0x0, 0x0, 0x0,
    0x0, 0x3c, 0xff, 0xff, 0xfe, 0x60, 0x0, 0x0,
    0x5f, 0xff, 0xff, 0xff, 0xff, 0x90, 0x0, 0x3f,
    0xff, 0xff, 0xff, 0xff, 0xff, 0x60, 0xc, 0xff,
    0xfb, 0x30, 0x28, 0xff, 0xff, 0x2, 0xff, 0xfb,
    0x0, 0x0, 0x7, 0xff, 0xf6, 0x6f, 0xff, 0x20,
    0x0, 0x0, 0xe, 0xff, 0xa8, 0xff, 0xf0, 0x0,
    0x0, 0x0, 0xcf, 0xfc, 0x7f, 0xff, 0x0, 0x0,
    0x0, 0xd, 0xff, 0xb4, 0xff, 0xf6, 0x0, 0x0,
    0x3, 0xff, 0xf8, 0xe, 0xff, 0xf4, 0x0, 0x2,
    0xdf, 0xff, 0x30, 0x7f, 0xff, 0xfb, 0x8a, 0xff,
    0xff, 0xb0, 0x0, 0xbf, 0xff, 0xff, 0xff, 0xff,
    0xe1, 0x0, 0x0, 0xaf, 0xff, 0xff, 0xff, 0xc1,
    0x0, 0x0, 0x0, 0x3a, 0xdf, 0xeb, 0x50, 0x0,
    0x0,

    /* U+00B7 "·" */
    0x3, 0x33, 0x33, 0x30, 0x1f, 0xff, 0xff, 0xf0,
    0x1f, 0xff, 0xff, 0xf0, 0x1f, 0xff, 0xff, 0xf0,
    0x1f, 0xff, 0xff, 0xf0, 0x1f, 0xff, 0xff, 0xf0,
    0x1f, 0xff, 0xff, 0xf0
};


/*---------------------
 *  GLYPH DESCRIPTION
 *--------------------*/

static const lv_font_fmt_txt_glyph_dsc_t glyph_dsc[] = {
    {.bitmap_index = 0, .adv_w = 0, .box_w = 0, .box_h = 0, .ofs_x = 0, .ofs_y = 0} /* id = 0 reserved */,
    {.bitmap_index = 0, .adv_w = 154, .box_w = 0, .box_h = 0, .ofs_x = 0, .ofs_y = 0},
    {.bitmap_index = 0, .adv_w = 742, .box_w = 39, .box_h = 35, .ofs_x = 4, .ofs_y = -1},
    {.bitmap_index = 683, .adv_w = 230, .box_w = 8, .box_h = 15, .ofs_x = 3, .ofs_y = -8},
    {.bitmap_index = 743, .adv_w = 256, .box_w = 14, .box_h = 6, .ofs_x = 1, .ofs_y = 10},
    {.bitmap_index = 785, .adv_w = 230, .box_w = 7, .box_h = 7, .ofs_x = 4, .ofs_y = 0},
    {.bitmap_index = 810, .adv_w = 229, .box_w = 15, .box_h = 38, .ofs_x = 0, .ofs_y = -2},
    {.bitmap_index = 1095, .adv_w = 442, .box_w = 24, .box_h = 35, .ofs_x = 2, .ofs_y = -1},
    {.bitmap_index = 1515, .adv_w = 442, .box_w = 22, .box_h = 33, .ofs_x = 4, .ofs_y = 0},
    {.bitmap_index = 1878, .adv_w = 442, .box_w = 24, .box_h = 34, .ofs_x = 2, .ofs_y = 0},
    {.bitmap_index = 2286, .adv_w = 442, .box_w = 24, .box_h = 35, .ofs_x = 2, .ofs_y = -1},
    {.bitmap_index = 2706, .adv_w = 443, .box_w = 25, .box_h = 34, .ofs_x = 1, .ofs_y = 0},
    {.bitmap_index = 3131, .adv_w = 442, .box_w = 24, .box_h = 34, .ofs_x = 2, .ofs_y = -1},
    {.bitmap_index = 3539, .adv_w = 442, .box_w = 24, .box_h = 35, .ofs_x = 2, .ofs_y = -1},
    {.bitmap_index = 3959, .adv_w = 442, .box_w = 24, .box_h = 33, .ofs_x = 2, .ofs_y = 0},
    {.bitmap_index = 4355, .adv_w = 442, .box_w = 24, .box_h = 35, .ofs_x = 2, .ofs_y = -1},
    {.bitmap_index = 4775, .adv_w = 442, .box_w = 24, .box_h = 35, .ofs_x = 2, .ofs_y = -1},
    {.bitmap_index = 5195, .adv_w = 258, .box_w = 7, .box_h = 25, .ofs_x = 5, .ofs_y = 0},
    {.bitmap_index = 5283, .adv_w = 545, .box_w = 34, .box_h = 33, .ofs_x = 0, .ofs_y = 0},
    {.bitmap_index = 5844, .adv_w = 542, .box_w = 29, .box_h = 33, .ofs_x = 3, .ofs_y = 0},
    {.bitmap_index = 6323, .adv_w = 554, .box_w = 31, .box_h = 35, .ofs_x = 2, .ofs_y = -1},
    {.bitmap_index = 6866, .adv_w = 559, .box_w = 30, .box_h = 33, .ofs_x = 3, .ofs_y = 0},
    {.bitmap_index = 7361, .adv_w = 516, .box_w = 27, .box_h = 33, .ofs_x = 3, .ofs_y = 0},
    {.bitmap_index = 7807, .adv_w = 468, .box_w = 25, .box_h = 33, .ofs_x = 3, .ofs_y = 0},
    {.bitmap_index = 8220, .adv_w = 610, .box_w = 33, .box_h = 35, .ofs_x = 2, .ofs_y = -1},
    {.bitmap_index = 8798, .adv_w = 562, .box_w = 29, .box_h = 33, .ofs_x = 3, .ofs_y = 0},
    {.bitmap_index = 9277, .adv_w = 217, .box_w = 7, .box_h = 33, .ofs_x = 3, .ofs_y = 0},
    {.bitmap_index = 9393, .adv_w = 449, .box_w = 24, .box_h = 34, .ofs_x = 1, .ofs_y = -1},
    {.bitmap_index = 9801, .adv_w = 534, .box_w = 30, .box_h = 33, .ofs_x = 3, .ofs_y = 0},
    {.bitmap_index = 10296, .adv_w = 438, .box_w = 24, .box_h = 33, .ofs_x = 3, .ofs_y = 0},
    {.bitmap_index = 10692, .adv_w = 648, .box_w = 34, .box_h = 33, .ofs_x = 3, .ofs_y = 0},
    {.bitmap_index = 11253, .adv_w = 562, .box_w = 29, .box_h = 33, .ofs_x = 3, .ofs_y = 0},
    {.bitmap_index = 11732, .adv_w = 601, .box_w = 34, .box_h = 35, .ofs_x = 2, .ofs_y = -1},
    {.bitmap_index = 12327, .adv_w = 515, .box_w = 28, .box_h = 33, .ofs_x = 3, .ofs_y = 0},
    {.bitmap_index = 12789, .adv_w = 601, .box_w = 34, .box_h = 40, .ofs_x = 2, .ofs_y = -6},
    {.bitmap_index = 13469, .adv_w = 551, .box_w = 30, .box_h = 33, .ofs_x = 3, .ofs_y = 0},
    {.bitmap_index = 13964, .adv_w = 512, .box_w = 28, .box_h = 35, .ofs_x = 2, .ofs_y = -1},
    {.bitmap_index = 14454, .adv_w = 475, .box_w = 28, .box_h = 33, .ofs_x = 1, .ofs_y = 0},
    {.bitmap_index = 14916, .adv_w = 556, .box_w = 29, .box_h = 34, .ofs_x = 3, .ofs_y = -1},
    {.bitmap_index = 15409, .adv_w = 515, .box_w = 32, .box_h = 33, .ofs_x = 0, .ofs_y = 0},
    {.bitmap_index = 15937, .adv_w = 733, .box_w = 46, .box_h = 33, .ofs_x = 0, .ofs_y = 0},
    {.bitmap_index = 16696, .adv_w = 527, .box_w = 33, .box_h = 33, .ofs_x = 0, .ofs_y = 0},
    {.bitmap_index = 17241, .adv_w = 520, .box_w = 33, .box_h = 33, .ofs_x = 0, .ofs_y = 0},
    {.bitmap_index = 17786, .adv_w = 487, .box_w = 28, .box_h = 33, .ofs_x = 1, .ofs_y = 0},
    {.bitmap_index = 18248, .adv_w = 427, .box_w = 26, .box_h = 27, .ofs_x = 1, .ofs_y = -1},
    {.bitmap_index = 18599, .adv_w = 455, .box_w = 24, .box_h = 36, .ofs_x = 3, .ofs_y = -1},
    {.bitmap_index = 19031, .adv_w = 420, .box_w = 24, .box_h = 27, .ofs_x = 1, .ofs_y = -1},
    {.bitmap_index = 19355, .adv_w = 455, .box_w = 25, .box_h = 36, .ofs_x = 1, .ofs_y = -1},
    {.bitmap_index = 19805, .adv_w = 431, .box_w = 25, .box_h = 27, .ofs_x = 1, .ofs_y = -1},
    {.bitmap_index = 20143, .adv_w = 236, .box_w = 15, .box_h = 35, .ofs_x = 0, .ofs_y = 0},
    {.bitmap_index = 20406, .adv_w = 454, .box_w = 28, .box_h = 39, .ofs_x = 0, .ofs_y = -8},
    {.bitmap_index = 20952, .adv_w = 449, .box_w = 23, .box_h = 35, .ofs_x = 3, .ofs_y = 0},
    {.bitmap_index = 21355, .adv_w = 194, .box_w = 6, .box_h = 35, .ofs_x = 3, .ofs_y = 0},
    {.bitmap_index = 21460, .adv_w = 192, .box_w = 11, .box_h = 43, .ofs_x = -2, .ofs_y = -8},
    {.bitmap_index = 21697, .adv_w = 417, .box_w = 23, .box_h = 35, .ofs_x = 3, .ofs_y = 0},
    {.bitmap_index = 22100, .adv_w = 194, .box_w = 6, .box_h = 35, .ofs_x = 3, .ofs_y = 0},
    {.bitmap_index = 22205, .adv_w = 661, .box_w = 36, .box_h = 26, .ofs_x = 3, .ofs_y = 0},
    {.bitmap_index = 22673, .adv_w = 449, .box_w = 23, .box_h = 26, .ofs_x = 3, .ofs_y = 0},
    {.bitmap_index = 22972, .adv_w = 459, .box_w = 26, .box_h = 27, .ofs_x = 1, .ofs_y = -1},
    {.bitmap_index = 23323, .adv_w = 455, .box_w = 24, .box_h = 34, .ofs_x = 3, .ofs_y = -8},
    {.bitmap_index = 23731, .adv_w = 455, .box_w = 25, .box_h = 34, .ofs_x = 1, .ofs_y = -8},
    {.bitmap_index = 24156, .adv_w = 278, .box_w = 14, .box_h = 26, .ofs_x = 3, .ofs_y = 0},
    {.bitmap_index = 24338, .adv_w = 415, .box_w = 24, .box_h = 27, .ofs_x = 1, .ofs_y = -1},
    {.bitmap_index = 24662, .adv_w = 241, .box_w = 14, .box_h = 34, .ofs_x = 0, .ofs_y = -1},
    {.bitmap_index = 24900, .adv_w = 448, .box_w = 23, .box_h = 26, .ofs_x = 2, .ofs_y = -1},
    {.bitmap_index = 25199, .adv_w = 406, .box_w = 26, .box_h = 25, .ofs_x = 0, .ofs_y = 0},
    {.bitmap_index = 25524, .adv_w = 582, .box_w = 37, .box_h = 25, .ofs_x = 0, .ofs_y = 0},
    {.bitmap_index = 25987, .adv_w = 419, .box_w = 26, .box_h = 25, .ofs_x = 0, .ofs_y = 0},
    {.bitmap_index = 26312, .adv_w = 406, .box_w = 26, .box_h = 33, .ofs_x = 0, .ofs_y = -8},
    {.bitmap_index = 26741, .adv_w = 391, .box_w = 22, .box_h = 25, .ofs_x = 1, .ofs_y = 0},
    {.bitmap_index = 27016, .adv_w = 307, .box_w = 15, .box_h = 15, .ofs_x = 2, .ofs_y = 19},
    {.bitmap_index = 27129, .adv_w = 256, .box_w = 8, .box_h = 7, .ofs_x = 4, .ofs_y = 14}
};

/*---------------------
 *  CHARACTER MAPPING
 *--------------------*/

static const uint16_t unicode_list_0[] = {
    0x0, 0x5
};

static const uint16_t unicode_list_4[] = {
    0x0, 0x7
};

/*Collect the unicode lists and glyph_id offsets*/
static const lv_font_fmt_txt_cmap_t cmaps[] =
{
    {
        .range_start = 32, .range_length = 6, .glyph_id_start = 1,
        .unicode_list = unicode_list_0, .glyph_id_ofs_list = NULL, .list_length = 2, .type = LV_FONT_FMT_TXT_CMAP_SPARSE_TINY
    },
    {
        .range_start = 44, .range_length = 15, .glyph_id_start = 3,
        .unicode_list = NULL, .glyph_id_ofs_list = NULL, .list_length = 0, .type = LV_FONT_FMT_TXT_CMAP_FORMAT0_TINY
    },
    {
        .range_start = 65, .range_length = 26, .glyph_id_start = 18,
        .unicode_list = NULL, .glyph_id_ofs_list = NULL, .list_length = 0, .type = LV_FONT_FMT_TXT_CMAP_FORMAT0_TINY
    },
    {
        .range_start = 97, .range_length = 26, .glyph_id_start = 44,
        .unicode_list = NULL, .glyph_id_ofs_list = NULL, .list_length = 0, .type = LV_FONT_FMT_TXT_CMAP_FORMAT0_TINY
    },
    {
        .range_start = 176, .range_length = 8, .glyph_id_start = 70,
        .unicode_list = unicode_list_4, .glyph_id_ofs_list = NULL, .list_length = 2, .type = LV_FONT_FMT_TXT_CMAP_SPARSE_TINY
    }
};

/*-----------------
 *    KERNING
 *----------------*/


/*Pair left and right glyphs for kerning*/
static const uint8_t kern_pair_glyph_ids[] =
{
    1, 42,
    4, 7,
    4, 8,
    4, 9,
    4, 10,
    4, 11,
    4, 12,
    4, 13,
    4, 15,
    4, 16,
    4, 39,
    4, 40,
    4, 41,
    4, 42,
    4, 67,
    6, 27,
    7, 4,
    8, 4,
    9, 4,
    10, 4,
    11, 4,
    12, 4,
    13, 4,
    14, 3,
    14, 4,
    14, 5,
    14, 14,
    15, 4,
    16, 4,
    18, 6,
    18, 20,
    18, 24,
    18, 32,
    18, 34,
    18, 37,
    18, 38,
    18, 39,
    18, 40,
    18, 41,
    18, 42,
    18, 64,
    18, 65,
    18, 66,
    18, 67,
    18, 68,
    18, 70,
    19, 39,
    19, 40,
    19, 41,
    19, 42,
    20, 37,
    20, 39,
    20, 40,
    20, 41,
    20, 42,
    21, 3,
    21, 5,
    21, 17,
    21, 18,
    21, 37,
    21, 39,
    21, 40,
    21, 41,
    21, 42,
    21, 43,
    22, 27,
    23, 1,
    23, 3,
    23, 4,
    23, 5,
    23, 17,
    23, 18,
    23, 27,
    23, 41,
    23, 42,
    23, 43,
    23, 44,
    23, 46,
    23, 47,
    23, 48,
    23, 58,
    23, 60,
    24, 39,
    24, 40,
    28, 1,
    28, 4,
    28, 6,
    28, 18,
    28, 20,
    28, 24,
    28, 27,
    28, 32,
    28, 34,
    28, 37,
    28, 39,
    28, 40,
    28, 41,
    28, 42,
    28, 43,
    28, 44,
    28, 46,
    28, 47,
    28, 48,
    28, 58,
    28, 60,
    28, 64,
    28, 65,
    28, 66,
    28, 68,
    28, 70,
    28, 71,
    29, 4,
    29, 6,
    29, 20,
    29, 24,
    29, 27,
    29, 32,
    29, 34,
    29, 37,
    29, 38,
    29, 39,
    29, 40,
    29, 41,
    29, 42,
    29, 43,
    29, 65,
    29, 66,
    29, 67,
    29, 68,
    29, 70,
    29, 71,
    32, 3,
    32, 5,
    32, 17,
    32, 18,
    32, 37,
    32, 39,
    32, 40,
    32, 41,
    32, 42,
    32, 43,
    33, 1,
    33, 3,
    33, 5,
    33, 18,
    33, 27,
    33, 37,
    33, 41,
    33, 42,
    33, 43,
    33, 44,
    33, 46,
    33, 47,
    33, 48,
    33, 58,
    33, 60,
    34, 3,
    34, 5,
    34, 17,
    34, 18,
    34, 37,
    34, 39,
    34, 40,
    34, 41,
    34, 42,
    34, 43,
    35, 20,
    35, 24,
    35, 27,
    35, 32,
    35, 34,
    35, 37,
    35, 38,
    35, 39,
    35, 40,
    35, 41,
    35, 42,
    35, 44,
    35, 46,
    35, 47,
    35, 48,
    35, 58,
    35, 60,
    35, 64,
    35, 65,
    35, 66,
    35, 68,
    36, 42,
    37, 3,
    37, 5,
    37, 6,
    37, 17,
    37, 18,
    37, 20,
    37, 24,
    37, 27,
    37, 32,
    37, 34,
    37, 41,
    37, 42,
    37, 43,
    37, 44,
    37, 46,
    37, 47,
    37, 48,
    37, 56,
    37, 57,
    37, 58,
    37, 59,
    37, 60,
    37, 61,
    37, 62,
    37, 63,
    37, 64,
    37, 65,
    37, 66,
    37, 67,
    37, 68,
    37, 69,
    38, 18,
    39, 3,
    39, 4,
    39, 5,
    39, 17,
    39, 18,
    39, 20,
    39, 24,
    39, 27,
    39, 32,
    39, 34,
    39, 41,
    39, 42,
    39, 44,
    39, 46,
    39, 47,
    39, 48,
    39, 56,
    39, 57,
    39, 58,
    39, 59,
    39, 60,
    39, 61,
    39, 62,
    39, 64,
    39, 65,
    39, 66,
    39, 67,
    39, 68,
    39, 69,
    40, 3,
    40, 4,
    40, 5,
    40, 17,
    40, 18,
    40, 20,
    40, 24,
    40, 27,
    40, 32,
    40, 34,
    40, 41,
    40, 42,
    40, 44,
    40, 46,
    40, 47,
    40, 48,
    40, 56,
    40, 57,
    40, 58,
    40, 59,
    40, 60,
    40, 61,
    40, 62,
    40, 64,
    40, 65,
    40, 66,
    40, 67,
    40, 68,
    40, 69,
    41, 4,
    41, 18,
    41, 20,
    41, 24,
    41, 32,
    41, 34,
    41, 37,
    41, 39,
    41, 40,
    41, 42,
    41, 43,
    41, 44,
    41, 46,
    41, 47,
    41, 48,
    41, 58,
    41, 60,
    41, 62,
    41, 63,
    41, 64,
    41, 65,
    41, 66,
    41, 67,
    41, 68,
    41, 69,
    41, 70,
    41, 71,
    42, 1,
    42, 3,
    42, 4,
    42, 5,
    42, 6,
    42, 17,
    42, 18,
    42, 20,
    42, 24,
    42, 27,
    42, 32,
    42, 34,
    42, 36,
    42, 37,
    42, 39,
    42, 40,
    42, 41,
    42, 44,
    42, 46,
    42, 47,
    42, 48,
    42, 49,
    42, 50,
    42, 56,
    42, 57,
    42, 58,
    42, 59,
    42, 60,
    42, 61,
    42, 62,
    42, 63,
    42, 64,
    42, 65,
    42, 66,
    42, 67,
    42, 69,
    42, 70,
    42, 71,
    43, 4,
    43, 20,
    43, 24,
    43, 32,
    43, 34,
    43, 37,
    43, 41,
    45, 67,
    45, 69,
    48, 67,
    49, 3,
    49, 4,
    49, 5,
    49, 14,
    49, 17,
    49, 44,
    49, 46,
    49, 47,
    49, 48,
    49, 58,
    49, 60,
    54, 1,
    54, 4,
    54, 44,
    54, 46,
    54, 47,
    54, 48,
    54, 58,
    54, 60,
    54, 62,
    54, 65,
    54, 66,
    54, 67,
    54, 68,
    54, 69,
    54, 71,
    58, 67,
    58, 69,
    59, 67,
    59, 69,
    61, 1,
    61, 3,
    61, 5,
    61, 44,
    61, 46,
    61, 47,
    61, 48,
    61, 58,
    61, 60,
    62, 67,
    65, 3,
    65, 5,
    65, 17,
    65, 44,
    66, 3,
    66, 5,
    66, 17,
    66, 44,
    67, 4,
    67, 44,
    67, 46,
    67, 47,
    67, 48,
    67, 58,
    67, 60,
    68, 3,
    68, 5,
    68, 17,
    68, 44,
    69, 44,
    69, 46,
    69, 47,
    69, 48,
    69, 58,
    69, 60,
    71, 41,
    71, 42
};

/* Kerning between the respective left and right glyphs
 * 4.4 format which needs to scaled with `kern_scale`*/
static const int8_t kern_pair_values[] =
{
    -23, 18, 18, 18, 18, 18, 18, 18,
    14, 9, -23, -23, -23, -64, -14, -9,
    18, 18, 5, 18, 18, 18, 9, -55,
    -18, -55, -5, 14, 18, 14, -7, -7,
    -7, -7, -39, -7, -16, -16, -11, -36,
    -5, -9, -9, -5, -11, -50, -5, -5,
    -5, -7, -9, -2, -2, -5, -5, -14,
    -14, -5, -7, -11, -7, -7, -7, -7,
    -5, -9, -14, -27, -9, -27, -5, -25,
    -36, -14, -14, -18, -14, -14, -14, -14,
    -14, -14, -2, -2, -23, -32, 14, -23,
    -25, -25, -18, -25, -25, -14, -32, -32,
    -9, -32, -5, -18, -18, -18, -18, -18,
    -18, -18, -27, -27, -27, -9, -36, -36,
    14, -14, -14, -9, -14, -14, -41, -16,
    -41, -41, -77, -57, -9, -18, -18, -9,
    -18, -118, -68, -14, -14, -5, -7, -11,
    -7, -7, -7, -7, -5, -23, -41, -41,
    -23, -32, -9, -14, -9, -14, -5, -5,
    -5, -5, -5, -5, -14, -14, -5, -7,
    -11, -7, -7, -7, -7, -5, -2, -2,
    -14, -2, -2, -9, -5, -5, -5, -9,
    -9, -5, -5, -5, -5, -5, -5, -5,
    -5, -5, -5, -18, -23, -23, -18, -9,
    -39, -11, -11, -50, -11, -11, -9, -9,
    -9, -36, -36, -36, -36, -32, -32, -36,
    -32, -36, -32, -36, -18, -32, -14, -14,
    -14, -14, -14, -7, -68, -23, -68, -5,
    -16, -7, -7, -41, -7, -7, -9, -9,
    -23, -23, -23, -23, -9, -9, -23, -9,
    -23, -9, -18, -18, -9, -9, -14, -9,
    -14, -68, -23, -68, -5, -16, -7, -7,
    -41, -7, -7, -9, -9, -23, -23, -23,
    -23, -9, -9, -23, -9, -23, -9, -18,
    -18, -9, -9, -14, -9, -14, -23, -11,
    -7, -7, -7, -7, -9, -9, -9, -14,
    -9, -7, -7, -7, -7, -7, -7, -7,
    -18, -9, -18, -18, -18, -18, -9, -14,
    -23, -23, -91, -64, -91, -18, -23, -36,
    -7, -7, -59, -7, -7, -18, -9, -9,
    -9, -14, -46, -46, -46, -46, -27, -41,
    -27, -27, -46, -27, -46, -27, -41, -18,
    -32, -23, -23, -27, -30, -14, -23, -41,
    -5, -5, -5, -5, -9, -9, -11, -9,
    -2, -18, -5, -18, 14, -5, -2, -2,
    -2, -2, -2, -2, -14, -23, -11, -16,
    -16, -16, -16, -16, -14, -9, -9, -18,
    -9, -9, -27, -11, -9, -11, -9, -9,
    -50, -50, -5, -5, -5, -5, -5, -5,
    -9, -55, -55, -5, -2, -55, -55, -5,
    -2, -14, -11, -11, -11, -11, -11, -11,
    -55, -55, -5, -2, -9, -9, -9, -9,
    -9, -9, -23, -23
};

/*Collect the kern pair's data in one place*/
static const lv_font_fmt_txt_kern_pair_t kern_pairs =
{
    .glyph_ids = kern_pair_glyph_ids,
    .values = kern_pair_values,
    .pair_cnt = 420,
    .glyph_ids_size = 0
};

/*--------------------
 *  ALL CUSTOM DATA
 *--------------------*/

#if LVGL_VERSION_MAJOR == 8
/*Store all the custom data of the font*/
static  lv_font_fmt_txt_glyph_cache_t cache;
#endif

#if LVGL_VERSION_MAJOR >= 8
static const lv_font_fmt_txt_dsc_t font_dsc = {
#else
static lv_font_fmt_txt_dsc_t font_dsc = {
#endif
    .glyph_bitmap = glyph_bitmap,
    .glyph_dsc = glyph_dsc,
    .cmaps = cmaps,
    .kern_dsc = &kern_pairs,
    .kern_scale = 27,
    .cmap_num = 5,
    .bpp = 4,
    .kern_classes = 0,
    .bitmap_format = 0,
#if LVGL_VERSION_MAJOR == 8
    .cache = &cache
#endif
};



/*-----------------
 *  PUBLIC FONT
 *----------------*/

/*Initialize a public general font descriptor*/
#if LVGL_VERSION_MAJOR >= 8
const lv_font_t font_archivo_alpha_48 = {
#else
lv_font_t font_archivo_alpha_48 = {
#endif
    .get_glyph_dsc = lv_font_get_glyph_dsc_fmt_txt,    /*Function pointer to get glyph's data*/
    .get_glyph_bitmap = lv_font_get_bitmap_fmt_txt,    /*Function pointer to get glyph's bitmap*/
    .line_height = 44,          /*The maximum line height required by the font*/
    .base_line = 8,             /*Baseline measured from the bottom of the line*/
#if !(LVGL_VERSION_MAJOR == 6 && LVGL_VERSION_MINOR == 0)
    .subpx = LV_FONT_SUBPX_NONE,
#endif
#if LV_VERSION_CHECK(7, 4, 0) || LVGL_VERSION_MAJOR >= 8
    .underline_position = -7,
    .underline_thickness = 2,
#endif
    .dsc = &font_dsc,          /*The custom font data. Will be accessed by `get_glyph_bitmap/dsc` */
#if LV_VERSION_CHECK(8, 2, 0) || LVGL_VERSION_MAJOR >= 9
    .fallback = NULL,
#endif
    .user_data = NULL,
};



#endif /*#if FONT_ARCHIVO_ALPHA_48*/

