/*******************************************************************************
 * Size: 40 px
 * Bpp: 4
 * Opts: --font /var/folders/bq/kb5g0c6s7hq0gck8hf7gq_yw0000gn/T/font_gallery_ttf_cache.IRIu6n0ivc/docs_mockups_assets_fonts_archivo-variable_woff2.ttf --size 40 --bpp 4 --format lvgl --symbols ABCDEFGHIJKLMNOPQRSTUVWXYZabcdefghijklmnopqrstuvwxyz0123456789 °·-.:%/,>↑↓ --no-compress --lv-font-name font_archivo_alpha_40 -o src/font_gallery_fonts/font_archivo_alpha_40.c
 ******************************************************************************/

#ifdef LV_LVGL_H_INCLUDE_SIMPLE
#include "lvgl.h"
#else
#include "lvgl/lvgl.h"
#endif

#ifndef FONT_ARCHIVO_ALPHA_40
#define FONT_ARCHIVO_ALPHA_40 1
#endif

#if FONT_ARCHIVO_ALPHA_40

/*-----------------
 *    BITMAPS
 *----------------*/

/*Store the image of the glyphs*/
static LV_ATTRIBUTE_LARGE_CONST const uint8_t glyph_bitmap[] = {
    /* U+0020 " " */

    /* U+0025 "%" */
    0x0, 0x4, 0xad, 0xff, 0xea, 0x50, 0x0, 0x0,
    0x0, 0x0, 0x0, 0x0, 0xdf, 0xfe, 0x10, 0x0,
    0x0, 0x9, 0xff, 0xff, 0xff, 0xff, 0xb0, 0x0,
    0x0, 0x0, 0x0, 0x0, 0x9f, 0xff, 0x50, 0x0,
    0x0, 0x6, 0xff, 0xff, 0xff, 0xff, 0xff, 0x80,
    0x0, 0x0, 0x0, 0x0, 0x4f, 0xff, 0x90, 0x0,
    0x0, 0x0, 0xef, 0xff, 0x71, 0x16, 0xff, 0xff,
    0x10, 0x0, 0x0, 0x0, 0x1e, 0xff, 0xd0, 0x0,
    0x0, 0x0, 0x3f, 0xff, 0xc0, 0x0, 0x9, 0xff,
    0xf5, 0x0, 0x0, 0x0, 0xb, 0xff, 0xf3, 0x0,
    0x0, 0x0, 0x5, 0xff, 0xf8, 0x0, 0x0, 0x5f,
    0xff, 0x70, 0x0, 0x0, 0x6, 0xff, 0xf7, 0x0,
    0x0, 0x0, 0x0, 0x6f, 0xff, 0x60, 0x0, 0x4,
    0xff, 0xf8, 0x0, 0x0, 0x2, 0xff, 0xfb, 0x0,
    0x0, 0x0, 0x0, 0x6, 0xff, 0xf6, 0x0, 0x0,
    0x4f, 0xff, 0x80, 0x0, 0x0, 0xdf, 0xfe, 0x10,
    0x0, 0x0, 0x0, 0x0, 0x5f, 0xff, 0x80, 0x0,
    0x5, 0xff, 0xf7, 0x0, 0x0, 0x9f, 0xff, 0x40,
    0x0, 0x0, 0x0, 0x0, 0x3, 0xff, 0xfc, 0x0,
    0x0, 0x9f, 0xff, 0x50, 0x0, 0x4f, 0xff, 0x80,
    0x0, 0x0, 0x0, 0x0, 0x0, 0xe, 0xff, 0xf7,
    0x11, 0x5f, 0xff, 0xf1, 0x0, 0x1e, 0xff, 0xd0,
    0x0, 0x0, 0x0, 0x0, 0x0, 0x0, 0x6f, 0xff,
    0xff, 0xff, 0xff, 0xf9, 0x0, 0xb, 0xff, 0xf2,
    0x0, 0x0, 0x0, 0x0, 0x0, 0x0, 0x0, 0x9f,
    0xff, 0xff, 0xff, 0xfb, 0x0, 0x7, 0xff, 0xf6,
    0x0, 0x0, 0x0, 0x0, 0x0, 0x0, 0x0, 0x0,
    0x4a, 0xdf, 0xfe, 0xb5, 0x0, 0x3, 0xff, 0xfa,
    0x0, 0x6, 0xbe, 0xfe, 0xc8, 0x10, 0x0, 0x0,
    0x0, 0x0, 0x0, 0x0, 0x0, 0x0, 0xdf, 0xfe,
    0x10, 0x1c, 0xff, 0xff, 0xff, 0xfe, 0x40, 0x0,
    0x0, 0x0, 0x0, 0x0, 0x0, 0x0, 0x9f, 0xff,
    0x30, 0xb, 0xff, 0xff, 0xff, 0xff, 0xfe, 0x10,
    0x0, 0x0, 0x0, 0x0, 0x0, 0x0, 0x5f, 0xff,
    0x80, 0x4, 0xff, 0xfe, 0x40, 0x2c, 0xff, 0xf8,
    0x0, 0x0, 0x0, 0x0, 0x0, 0x0, 0x1e, 0xff,
    0xc0, 0x0, 0x8f, 0xff, 0x60, 0x0, 0x1f, 0xff,
    0xd0, 0x0, 0x0, 0x0, 0x0, 0x0, 0xb, 0xff,
    0xf2, 0x0, 0xb, 0xff, 0xf2, 0x0, 0x0, 0xdf,
    0xff, 0x0, 0x0, 0x0, 0x0, 0x0, 0x7, 0xff,
    0xf5, 0x0, 0x0, 0xcf, 0xff, 0x0, 0x0, 0xb,
    0xff, 0xf1, 0x0, 0x0, 0x0, 0x0, 0x3, 0xff,
    0xfa, 0x0, 0x0, 0xd, 0xff, 0xf0, 0x0, 0x0,
    0xbf, 0xff, 0x10, 0x0, 0x0, 0x0, 0x0, 0xdf,
    0xfd, 0x0, 0x0, 0x0, 0xcf, 0xff, 0x0, 0x0,
    0xb, 0xff, 0xf1, 0x0, 0x0, 0x0, 0x0, 0x9f,
    0xff, 0x30, 0x0, 0x0, 0xb, 0xff, 0xf2, 0x0,
    0x0, 0xdf, 0xff, 0x0, 0x0, 0x0, 0x0, 0x5f,
    0xff, 0x70, 0x0, 0x0, 0x0, 0x8f, 0xff, 0x60,
    0x0, 0x1f, 0xff, 0xd0, 0x0, 0x0, 0x0, 0x1e,
    0xff, 0xb0, 0x0, 0x0, 0x0, 0x4, 0xff, 0xfe,
    0x40, 0x2b, 0xff, 0xf8, 0x0, 0x0, 0x0, 0xc,
    0xff, 0xe1, 0x0, 0x0, 0x0, 0x0, 0xb, 0xff,
    0xff, 0xff, 0xff, 0xff, 0x10, 0x0, 0x0, 0x7,
    0xff, 0xf5, 0x0, 0x0, 0x0, 0x0, 0x0, 0x1d,
    0xff, 0xff, 0xff, 0xff, 0x50, 0x0, 0x0, 0x3,
    0xff, 0xf9, 0x0, 0x0, 0x0, 0x0, 0x0, 0x0,
    0x6, 0xbe, 0xfe, 0xd8, 0x20, 0x0,

    /* U+002C "," */
    0x13, 0x33, 0x31, 0x8f, 0xff, 0xf8, 0x8f, 0xff,
    0xf8, 0x8f, 0xff, 0xf8, 0x8f, 0xff, 0xf8, 0x8f,
    0xff, 0xf8, 0x0, 0x1f, 0xf6, 0x0, 0x3f, 0xf5,
    0x0, 0x8f, 0xf1, 0x2, 0xef, 0xa0, 0x7e, 0xfe,
    0x10, 0xdf, 0xc2, 0x0, 0x74, 0x0, 0x0,

    /* U+002D "-" */
    0x39, 0x99, 0x99, 0x99, 0x99, 0x66, 0xff, 0xff,
    0xff, 0xff, 0xfb, 0x6f, 0xff, 0xff, 0xff, 0xff,
    0xb6, 0xff, 0xff, 0xff, 0xff, 0xfb, 0x6f, 0xff,
    0xff, 0xff, 0xff, 0xb0,

    /* U+002E "." */
    0x23, 0x33, 0x31, 0x9f, 0xff, 0xf8, 0x9f, 0xff,
    0xf8, 0x9f, 0xff, 0xf8, 0x9f, 0xff, 0xf8, 0x9f,
    0xff, 0xf8,

    /* U+002F "/" */
    0x0, 0x0, 0x0, 0x0, 0xbf, 0xfc, 0x0, 0x0,
    0x0, 0x0, 0xff, 0xf8, 0x0, 0x0, 0x0, 0x4,
    0xff, 0xf4, 0x0, 0x0, 0x0, 0x8, 0xff, 0xf0,
    0x0, 0x0, 0x0, 0xc, 0xff, 0xb0, 0x0, 0x0,
    0x0, 0xf, 0xff, 0x70, 0x0, 0x0, 0x0, 0x4f,
    0xff, 0x30, 0x0, 0x0, 0x0, 0x9f, 0xfe, 0x0,
    0x0, 0x0, 0x0, 0xdf, 0xfa, 0x0, 0x0, 0x0,
    0x1, 0xff, 0xf6, 0x0, 0x0, 0x0, 0x5, 0xff,
    0xf2, 0x0, 0x0, 0x0, 0x9, 0xff, 0xe0, 0x0,
    0x0, 0x0, 0xe, 0xff, 0xa0, 0x0, 0x0, 0x0,
    0x2f, 0xff, 0x50, 0x0, 0x0, 0x0, 0x6f, 0xff,
    0x10, 0x0, 0x0, 0x0, 0xaf, 0xfd, 0x0, 0x0,
    0x0, 0x0, 0xef, 0xf9, 0x0, 0x0, 0x0, 0x3,
    0xff, 0xf5, 0x0, 0x0, 0x0, 0x7, 0xff, 0xf1,
    0x0, 0x0, 0x0, 0xb, 0xff, 0xc0, 0x0, 0x0,
    0x0, 0xf, 0xff, 0x80, 0x0, 0x0, 0x0, 0x3f,
    0xff, 0x40, 0x0, 0x0, 0x0, 0x8f, 0xff, 0x0,
    0x0, 0x0, 0x0, 0xcf, 0xfb, 0x0, 0x0, 0x0,
    0x0, 0xff, 0xf7, 0x0, 0x0, 0x0, 0x4, 0xff,
    0xf3, 0x0, 0x0, 0x0, 0x8, 0xff, 0xf0, 0x0,
    0x0, 0x0, 0xd, 0xff, 0xb0, 0x0, 0x0, 0x0,
    0x1f, 0xff, 0x60, 0x0, 0x0, 0x0, 0x5f, 0xff,
    0x20, 0x0, 0x0, 0x0, 0x9f, 0xfe, 0x0, 0x0,
    0x0, 0x0, 0xdf, 0xfa, 0x0, 0x0, 0x0, 0x0,

    /* U+0030 "0" */
    0x0, 0x0, 0x4, 0x9d, 0xef, 0xed, 0x94, 0x0,
    0x0, 0x0, 0x0, 0x2c, 0xff, 0xff, 0xff, 0xff,
    0xfc, 0x20, 0x0, 0x0, 0x2e, 0xff, 0xff, 0xff,
    0xff, 0xff, 0xfe, 0x20, 0x0, 0xd, 0xff, 0xff,
    0xff, 0xff, 0xff, 0xff, 0xfd, 0x0, 0x7, 0xff,
    0xff, 0xf9, 0x42, 0x38, 0xff, 0xff, 0xf7, 0x0,
    0xdf, 0xff, 0xf6, 0x0, 0x0, 0x5, 0xff, 0xff,
    0xd0, 0x2f, 0xff, 0xfd, 0x0, 0x0, 0x0, 0xd,
    0xff, 0xff, 0x26, 0xff, 0xff, 0x80, 0x0, 0x0,
    0x0, 0x8f, 0xff, 0xf6, 0x9f, 0xff, 0xf5, 0x0,
    0x0, 0x0, 0x5, 0xff, 0xff, 0x9c, 0xff, 0xff,
    0x30, 0x0, 0x0, 0x0, 0x3f, 0xff, 0xfb, 0xdf,
    0xff, 0xf1, 0x0, 0x0, 0x0, 0x2, 0xff, 0xff,
    0xde, 0xff, 0xff, 0x10, 0x0, 0x0, 0x0, 0x1f,
    0xff, 0xfe, 0xff, 0xff, 0xf0, 0x0, 0x0, 0x0,
    0x1, 0xff, 0xff, 0xff, 0xff, 0xff, 0x0, 0x0,
    0x0, 0x0, 0xf, 0xff, 0xff, 0xff, 0xff, 0xf0,
    0x0, 0x0, 0x0, 0x0, 0xff, 0xff, 0xff, 0xff,
    0xff, 0x0, 0x0, 0x0, 0x0, 0xf, 0xff, 0xff,
    0xef, 0xff, 0xf1, 0x0, 0x0, 0x0, 0x1, 0xff,
    0xff, 0xed, 0xff, 0xff, 0x20, 0x0, 0x0, 0x0,
    0x2f, 0xff, 0xfd, 0xcf, 0xff, 0xf3, 0x0, 0x0,
    0x0, 0x3, 0xff, 0xff, 0xb9, 0xff, 0xff, 0x50,
    0x0, 0x0, 0x0, 0x5f, 0xff, 0xf9, 0x6f, 0xff,
    0xf8, 0x0, 0x0, 0x0, 0x8, 0xff, 0xff, 0x62,
    0xff, 0xff, 0xd0, 0x0, 0x0, 0x0, 0xdf, 0xff,
    0xf2, 0xd, 0xff, 0xff, 0x60, 0x0, 0x0, 0x6f,
    0xff, 0xfd, 0x0, 0x7f, 0xff, 0xff, 0x93, 0x13,
    0x8f, 0xff, 0xff, 0x70, 0x0, 0xdf, 0xff, 0xff,
    0xff, 0xff, 0xff, 0xff, 0xd0, 0x0, 0x2, 0xef,
    0xff, 0xff, 0xff, 0xff, 0xff, 0xe2, 0x0, 0x0,
    0x2, 0xcf, 0xff, 0xff, 0xff, 0xff, 0xc2, 0x0,
    0x0, 0x0, 0x0, 0x59, 0xde, 0xfe, 0xd9, 0x50,
    0x0, 0x0,

    /* U+0031 "1" */
    0x0, 0x0, 0x0, 0x0, 0x3b, 0xff, 0x70, 0x0,
    0x0, 0x0, 0x0, 0x0, 0x5, 0xcf, 0xff, 0xf7,
    0x0, 0x0, 0x0, 0x0, 0x15, 0xaf, 0xff, 0xff,
    0xff, 0x70, 0x0, 0x0, 0x1, 0xef, 0xff, 0xff,
    0xff, 0xff, 0xf7, 0x0, 0x0, 0x0, 0x2f, 0xff,
    0xff, 0xff, 0xff, 0xff, 0x70, 0x0, 0x0, 0x2,
    0xff, 0xff, 0xff, 0xff, 0xff, 0xf7, 0x0, 0x0,
    0x0, 0x4, 0x44, 0x44, 0x4a, 0xff, 0xff, 0x70,
    0x0, 0x0, 0x0, 0x0, 0x0, 0x0, 0x7f, 0xff,
    0xf7, 0x0, 0x0, 0x0, 0x0, 0x0, 0x0, 0x7,
    0xff, 0xff, 0x70, 0x0, 0x0, 0x0, 0x0, 0x0,
    0x0, 0x7f, 0xff, 0xf7, 0x0, 0x0, 0x0, 0x0,
    0x0, 0x0, 0x7, 0xff, 0xff, 0x70, 0x0, 0x0,
    0x0, 0x0, 0x0, 0x0, 0x7f, 0xff, 0xf7, 0x0,
    0x0, 0x0, 0x0, 0x0, 0x0, 0x7, 0xff, 0xff,
    0x70, 0x0, 0x0, 0x0, 0x0, 0x0, 0x0, 0x7f,
    0xff, 0xf7, 0x0, 0x0, 0x0, 0x0, 0x0, 0x0,
    0x7, 0xff, 0xff, 0x70, 0x0, 0x0, 0x0, 0x0,
    0x0, 0x0, 0x7f, 0xff, 0xf7, 0x0, 0x0, 0x0,
    0x0, 0x0, 0x0, 0x7, 0xff, 0xff, 0x70, 0x0,
    0x0, 0x0, 0x0, 0x0, 0x0, 0x7f, 0xff, 0xf7,
    0x0, 0x0, 0x0, 0x0, 0x0, 0x0, 0x7, 0xff,
    0xff, 0x70, 0x0, 0x0, 0x0, 0x0, 0x0, 0x0,
    0x7f, 0xff, 0xf7, 0x0, 0x0, 0x0, 0x0, 0x0,
    0x0, 0x7, 0xff, 0xff, 0x70, 0x0, 0x0, 0x0,
    0x0, 0x0, 0x0, 0x7f, 0xff, 0xf7, 0x0, 0x0,
    0x0, 0x0, 0x0, 0x0, 0x7, 0xff, 0xff, 0x70,
    0x0, 0x0, 0x0, 0x11, 0x11, 0x11, 0x8f, 0xff,
    0xf7, 0x11, 0x11, 0x10, 0x1f, 0xff, 0xff, 0xff,
    0xff, 0xff, 0xff, 0xff, 0xff, 0x81, 0xff, 0xff,
    0xff, 0xff, 0xff, 0xff, 0xff, 0xff, 0xf8, 0x1f,
    0xff, 0xff, 0xff, 0xff, 0xff, 0xff, 0xff, 0xff,
    0x81, 0xff, 0xff, 0xff, 0xff, 0xff, 0xff, 0xff,
    0xff, 0xf8,

    /* U+0032 "2" */
    0x0, 0x0, 0x3, 0x7b, 0xdf, 0xfe, 0xc8, 0x20,
    0x0, 0x0, 0x0, 0x2, 0xbf, 0xff, 0xff, 0xff,
    0xff, 0xf9, 0x10, 0x0, 0x0, 0x4f, 0xff, 0xff,
    0xff, 0xff, 0xff, 0xff, 0xc1, 0x0, 0x3, 0xff,
    0xff, 0xff, 0xff, 0xff, 0xff, 0xff, 0xfa, 0x0,
    0xd, 0xff, 0xff, 0xfa, 0x53, 0x36, 0xdf, 0xff,
    0xff, 0x30, 0x3f, 0xff, 0xff, 0x50, 0x0, 0x0,
    0xc, 0xff, 0xff, 0x90, 0x7f, 0xff, 0xfb, 0x0,
    0x0, 0x0, 0x4, 0xff, 0xff, 0xd0, 0x9f, 0xff,
    0xf7, 0x0, 0x0, 0x0, 0x0, 0xff, 0xff, 0xf0,
    0xaf, 0xff, 0xf5, 0x0, 0x0, 0x0, 0x1, 0xff,
    0xff, 0xf0, 0x9f, 0xff, 0xf5, 0x0, 0x0, 0x0,
    0x4, 0xff, 0xff, 0xd0, 0x0, 0x0, 0x0, 0x0,
    0x0, 0x0, 0xa, 0xff, 0xff, 0xa0, 0x0, 0x0,
    0x0, 0x0, 0x0, 0x0, 0x4f, 0xff, 0xff, 0x50,
    0x0, 0x0, 0x0, 0x0, 0x0, 0x2, 0xef, 0xff,
    0xfd, 0x0, 0x0, 0x0, 0x0, 0x0, 0x0, 0x2e,
    0xff, 0xff, 0xf3, 0x0, 0x0, 0x0, 0x0, 0x0,
    0x4, 0xef, 0xff, 0xff, 0x70, 0x0, 0x0, 0x0,
    0x0, 0x0, 0x7f, 0xff, 0xff, 0xf8, 0x0, 0x0,
    0x0, 0x0, 0x0, 0x1b, 0xff, 0xff, 0xff, 0x70,
    0x0, 0x0, 0x0, 0x0, 0x2, 0xdf, 0xff, 0xff,
    0xf5, 0x0, 0x0, 0x0, 0x0, 0x0, 0x5f, 0xff,
    0xff, 0xfd, 0x20, 0x0, 0x0, 0x0, 0x0, 0x5,
    0xff, 0xff, 0xff, 0x90, 0x0, 0x0, 0x0, 0x0,
    0x0, 0x6f, 0xff, 0xff, 0xe5, 0x0, 0x0, 0x0,
    0x0, 0x0, 0x3, 0xff, 0xff, 0xfd, 0x10, 0x0,
    0x0, 0x0, 0x0, 0x0, 0xd, 0xff, 0xff, 0xc0,
    0x0, 0x0, 0x0, 0x0, 0x0, 0x0, 0x5f, 0xff,
    0xff, 0x98, 0x88, 0x88, 0x88, 0x88, 0x88, 0x81,
    0xaf, 0xff, 0xff, 0xff, 0xff, 0xff, 0xff, 0xff,
    0xff, 0xf2, 0xdf, 0xff, 0xff, 0xff, 0xff, 0xff,
    0xff, 0xff, 0xff, 0xf2, 0xef, 0xff, 0xff, 0xff,
    0xff, 0xff, 0xff, 0xff, 0xff, 0xf2, 0xff, 0xff,
    0xff, 0xff, 0xff, 0xff, 0xff, 0xff, 0xff, 0xf2,

    /* U+0033 "3" */
    0x0, 0x0, 0x1, 0x5a, 0xde, 0xfe, 0xda, 0x61,
    0x0, 0x0, 0x0, 0x0, 0x6, 0xef, 0xff, 0xff,
    0xff, 0xff, 0xf8, 0x0, 0x0, 0x0, 0xa, 0xff,
    0xff, 0xff, 0xff, 0xff, 0xff, 0xfb, 0x0, 0x0,
    0x9, 0xff, 0xff, 0xff, 0xff, 0xff, 0xff, 0xff,
    0xfa, 0x0, 0x2, 0xff, 0xff, 0xfe, 0x63, 0x12,
    0x6e, 0xff, 0xff, 0xf2, 0x0, 0x7f, 0xff, 0xfd,
    0x10, 0x0, 0x0, 0x1e, 0xff, 0xff, 0x60, 0x9,
    0xff, 0xff, 0x70, 0x0, 0x0, 0x0, 0x9f, 0xff,
    0xf8, 0x0, 0xaf, 0xff, 0xf5, 0x0, 0x0, 0x0,
    0x7, 0xff, 0xff, 0x80, 0x0, 0x0, 0x0, 0x0,
    0x0, 0x0, 0x0, 0x9f, 0xff, 0xf6, 0x0, 0x0,
    0x0, 0x0, 0x0, 0x0, 0x0, 0x2f, 0xff, 0xff,
    0x10, 0x0, 0x0, 0x0, 0x0, 0x0, 0x2, 0x7e,
    0xff, 0xff, 0x60, 0x0, 0x0, 0x0, 0x0, 0x2f,
    0xff, 0xff, 0xff, 0xfe, 0x50, 0x0, 0x0, 0x0,
    0x0, 0x2, 0xff, 0xff, 0xff, 0xf9, 0x10, 0x0,
    0x0, 0x0, 0x0, 0x0, 0x2f, 0xff, 0xff, 0xff,
    0xe8, 0x0, 0x0, 0x0, 0x0, 0x0, 0x2, 0xff,
    0xff, 0xff, 0xff, 0xfd, 0x10, 0x0, 0x0, 0x0,
    0x0, 0x1, 0x11, 0x37, 0xef, 0xff, 0xfc, 0x0,
    0x0, 0x0, 0x0, 0x0, 0x0, 0x0, 0x1, 0xcf,
    0xff, 0xf7, 0x0, 0x0, 0x0, 0x0, 0x0, 0x0,
    0x0, 0x4, 0xff, 0xff, 0xd0, 0x2, 0x22, 0x21,
    0x0, 0x0, 0x0, 0x0, 0xf, 0xff, 0xff, 0x3,
    0xff, 0xff, 0xb0, 0x0, 0x0, 0x0, 0x0, 0xef,
    0xff, 0xf2, 0x2f, 0xff, 0xfc, 0x0, 0x0, 0x0,
    0x0, 0xf, 0xff, 0xff, 0x10, 0xff, 0xff, 0xf1,
    0x0, 0x0, 0x0, 0x3, 0xff, 0xff, 0xf0, 0xb,
    0xff, 0xff, 0xa0, 0x0, 0x0, 0x0, 0xcf, 0xff,
    0xfb, 0x0, 0x5f, 0xff, 0xff, 0xc5, 0x21, 0x26,
    0xdf, 0xff, 0xff, 0x50, 0x0, 0xbf, 0xff, 0xff,
    0xff, 0xff, 0xff, 0xff, 0xff, 0xa0, 0x0, 0x0,
    0xcf, 0xff, 0xff, 0xff, 0xff, 0xff, 0xff, 0xc0,
    0x0, 0x0, 0x0, 0x8f, 0xff, 0xff, 0xff, 0xff,
    0xff, 0x70, 0x0, 0x0, 0x0, 0x0, 0x16, 0xbd,
    0xff, 0xed, 0xa5, 0x10, 0x0, 0x0,

    /* U+0034 "4" */
    0x0, 0x0, 0x0, 0x8, 0xff, 0xff, 0x90, 0x0,
    0x0, 0x0, 0x0, 0x0, 0x0, 0x0, 0xcf, 0xff,
    0xf4, 0x0, 0x0, 0x0, 0x0, 0x0, 0x0, 0x0,
    0x1f, 0xff, 0xff, 0x0, 0x0, 0x0, 0x0, 0x0,
    0x0, 0x0, 0x5, 0xff, 0xff, 0xa0, 0x1, 0x66,
    0x10, 0x0, 0x0, 0x0, 0x0, 0xaf, 0xff, 0xf5,
    0x0, 0x6f, 0xf3, 0x0, 0x0, 0x0, 0x0, 0xf,
    0xff, 0xfe, 0x0, 0xb, 0xff, 0x30, 0x0, 0x0,
    0x0, 0x5, 0xff, 0xff, 0x80, 0x0, 0xff, 0xf3,
    0x0, 0x0, 0x0, 0x0, 0xbf, 0xff, 0xf2, 0x0,
    0x6f, 0xff, 0x30, 0x0, 0x0, 0x0, 0x1f, 0xff,
    0xfb, 0x0, 0xc, 0xff, 0xf3, 0x0, 0x0, 0x0,
    0x7, 0xff, 0xff, 0x40, 0x2, 0xff, 0xff, 0x30,
    0x0, 0x0, 0x0, 0xef, 0xff, 0xd0, 0x0, 0x9f,
    0xff, 0xf3, 0x0, 0x0, 0x0, 0x6f, 0xff, 0xf5,
    0x0, 0xb, 0xff, 0xff, 0x30, 0x0, 0x0, 0xd,
    0xff, 0xfd, 0x0, 0x0, 0xbf, 0xff, 0xf3, 0x0,
    0x0, 0x6, 0xff, 0xff, 0x40, 0x0, 0xb, 0xff,
    0xff, 0x30, 0x0, 0x0, 0xef, 0xff, 0xc0, 0x0,
    0x0, 0xbf, 0xff, 0xf3, 0x0, 0x0, 0x7f, 0xff,
    0xf3, 0x0, 0x0, 0xb, 0xff, 0xff, 0x30, 0x0,
    0x1e, 0xff, 0xf9, 0x0, 0x0, 0x0, 0xbf, 0xff,
    0xf3, 0x0, 0x8, 0xff, 0xfe, 0x21, 0x11, 0x11,
    0x1b, 0xff, 0xff, 0x41, 0x10, 0xcf, 0xff, 0xff,
    0xff, 0xff, 0xff, 0xff, 0xff, 0xff, 0xff, 0x9c,
    0xff, 0xff, 0xff, 0xff, 0xff, 0xff, 0xff, 0xff,
    0xff, 0xf9, 0xcf, 0xff, 0xff, 0xff, 0xff, 0xff,
    0xff, 0xff, 0xff, 0xff, 0x9c, 0xff, 0xff, 0xff,
    0xff, 0xff, 0xff, 0xff, 0xff, 0xff, 0xf9, 0x0,
    0x0, 0x0, 0x0, 0x0, 0x0, 0xbf, 0xff, 0xf3,
    0x0, 0x0, 0x0, 0x0, 0x0, 0x0, 0x0, 0xb,
    0xff, 0xff, 0x30, 0x0, 0x0, 0x0, 0x0, 0x0,
    0x0, 0x0, 0xbf, 0xff, 0xf3, 0x0, 0x0, 0x0,
    0x0, 0x0, 0x0, 0x0, 0xb, 0xff, 0xff, 0x30,
    0x0, 0x0, 0x0, 0x0, 0x0, 0x0, 0x0, 0xbf,
    0xff, 0xf3, 0x0, 0x0, 0x0, 0x0, 0x0, 0x0,
    0x0, 0xb, 0xff, 0xff, 0x30, 0x0,

    /* U+0035 "5" */
    0x0, 0x2f, 0xff, 0xff, 0xff, 0xff, 0xff, 0xff,
    0xff, 0xa0, 0x0, 0x3, 0xff, 0xff, 0xff, 0xff,
    0xff, 0xff, 0xff, 0xfa, 0x0, 0x0, 0x5f, 0xff,
    0xff, 0xff, 0xff, 0xff, 0xff, 0xff, 0xa0, 0x0,
    0x6, 0xff, 0xff, 0xff, 0xff, 0xff, 0xff, 0xff,
    0xfa, 0x0, 0x0, 0x7f, 0xff, 0xf9, 0x88, 0x88,
    0x88, 0x88, 0x88, 0x50, 0x0, 0x8, 0xff, 0xff,
    0x0, 0x0, 0x0, 0x0, 0x0, 0x0, 0x0, 0x0,
    0x9f, 0xff, 0xf0, 0x0, 0x0, 0x0, 0x0, 0x0,
    0x0, 0x0, 0xb, 0xff, 0xfe, 0x0, 0x0, 0x0,
    0x0, 0x0, 0x0, 0x0, 0x0, 0xcf, 0xff, 0xd0,
    0x0, 0x0, 0x0, 0x0, 0x0, 0x0, 0x0, 0xd,
    0xff, 0xfc, 0x5, 0xae, 0xfe, 0xd9, 0x30, 0x0,
    0x0, 0x0, 0xef, 0xff, 0xdd, 0xff, 0xff, 0xff,
    0xff, 0xb1, 0x0, 0x0, 0xf, 0xff, 0xff, 0xff,
    0xff, 0xff, 0xff, 0xff, 0xd0, 0x0, 0x1, 0xff,
    0xff, 0xff, 0xff, 0xff, 0xff, 0xff, 0xff, 0x90,
    0x0, 0x2f, 0xff, 0xff, 0xf8, 0x20, 0x16, 0xef,
    0xff, 0xff, 0x20, 0x2, 0xdf, 0xff, 0xf3, 0x0,
    0x0, 0x2, 0xff, 0xff, 0xf8, 0x0, 0x0, 0x2,
    0x43, 0x0, 0x0, 0x0, 0x8, 0xff, 0xff, 0xc0,
    0x0, 0x0, 0x0, 0x0, 0x0, 0x0, 0x0, 0x3f,
    0xff, 0xff, 0x0, 0x0, 0x0, 0x0, 0x0, 0x0,
    0x0, 0x1, 0xff, 0xff, 0xf0, 0x5, 0x55, 0x54,
    0x0, 0x0, 0x0, 0x0, 0xf, 0xff, 0xff, 0x1,
    0xff, 0xff, 0xf0, 0x0, 0x0, 0x0, 0x1, 0xff,
    0xff, 0xf0, 0xf, 0xff, 0xff, 0x20, 0x0, 0x0,
    0x0, 0x5f, 0xff, 0xfd, 0x0, 0xcf, 0xff, 0xf7,
    0x0, 0x0, 0x0, 0xa, 0xff, 0xff, 0xa0, 0x7,
    0xff, 0xff, 0xf3, 0x0, 0x0, 0x5, 0xff, 0xff,
    0xf5, 0x0, 0x1f, 0xff, 0xff, 0xf8, 0x31, 0x38,
    0xff, 0xff, 0xfd, 0x0, 0x0, 0x5f, 0xff, 0xff,
    0xff, 0xff, 0xff, 0xff, 0xff, 0x40, 0x0, 0x0,
    0x7f, 0xff, 0xff, 0xff, 0xff, 0xff, 0xff, 0x60,
    0x0, 0x0, 0x0, 0x4e, 0xff, 0xff, 0xff, 0xff,
    0xfd, 0x40, 0x0, 0x0, 0x0, 0x0, 0x5, 0xad,
    0xff, 0xfd, 0xa5, 0x0, 0x0, 0x0,

    /* U+0036 "6" */
    0x0, 0x0, 0x2, 0x7b, 0xef, 0xfe, 0xb7, 0x10,
    0x0, 0x0, 0x0, 0x0, 0x8f, 0xff, 0xff, 0xff,
    0xff, 0xf6, 0x0, 0x0, 0x0, 0xb, 0xff, 0xff,
    0xff, 0xff, 0xff, 0xff, 0x70, 0x0, 0x0, 0x9f,
    0xff, 0xff, 0xff, 0xff, 0xff, 0xff, 0xf3, 0x0,
    0x2, 0xff, 0xff, 0xf9, 0x31, 0x27, 0xff, 0xff,
    0xfb, 0x0, 0x9, 0xff, 0xff, 0x80, 0x0, 0x0,
    0x3f, 0xff, 0xff, 0x0, 0xf, 0xff, 0xfe, 0x0,
    0x0, 0x0, 0xc, 0xff, 0xff, 0x40, 0x3f, 0xff,
    0xf9, 0x0, 0x0, 0x0, 0x9, 0xff, 0xff, 0x50,
    0x7f, 0xff, 0xf5, 0x0, 0x0, 0x0, 0x2, 0x55,
    0x55, 0x20, 0x9f, 0xff, 0xf3, 0x0, 0x0, 0x0,
    0x0, 0x0, 0x0, 0x0, 0xbf, 0xff, 0xf2, 0x3,
    0x9d, 0xff, 0xeb, 0x60, 0x0, 0x0, 0xdf, 0xff,
    0xf2, 0xbf, 0xff, 0xff, 0xff, 0xfe, 0x30, 0x0,
    0xef, 0xff, 0xfe, 0xff, 0xff, 0xff, 0xff, 0xff,
    0xf4, 0x0, 0xef, 0xff, 0xff, 0xff, 0xff, 0xff,
    0xff, 0xff, 0xfe, 0x0, 0xff, 0xff, 0xff, 0xf9,
    0x30, 0x14, 0xcf, 0xff, 0xff, 0x70, 0xff, 0xff,
    0xff, 0x70, 0x0, 0x0, 0xb, 0xff, 0xff, 0xd0,
    0xef, 0xff, 0xfd, 0x0, 0x0, 0x0, 0x2, 0xff,
    0xff, 0xf1, 0xdf, 0xff, 0xf9, 0x0, 0x0, 0x0,
    0x0, 0xdf, 0xff, 0xf3, 0xbf, 0xff, 0xf7, 0x0,
    0x0, 0x0, 0x0, 0xbf, 0xff, 0xf5, 0x9f, 0xff,
    0xf7, 0x0, 0x0, 0x0, 0x0, 0xbf, 0xff, 0xf5,
    0x6f, 0xff, 0xf9, 0x0, 0x0, 0x0, 0x0, 0xef,
    0xff, 0xf3, 0x2f, 0xff, 0xfe, 0x0, 0x0, 0x0,
    0x3, 0xff, 0xff, 0xf1, 0xc, 0xff, 0xff, 0x80,
    0x0, 0x0, 0xc, 0xff, 0xff, 0xb0, 0x5, 0xff,
    0xff, 0xfa, 0x41, 0x25, 0xdf, 0xff, 0xff, 0x40,
    0x0, 0xbf, 0xff, 0xff, 0xff, 0xff, 0xff, 0xff,
    0xf9, 0x0, 0x0, 0x1c, 0xff, 0xff, 0xff, 0xff,
    0xff, 0xff, 0xb0, 0x0, 0x0, 0x0, 0x9f, 0xff,
    0xff, 0xff, 0xff, 0xf7, 0x0, 0x0, 0x0, 0x0,
    0x2, 0x7b, 0xef, 0xfe, 0xb7, 0x10, 0x0, 0x0,

    /* U+0037 "7" */
    0x2f, 0xff, 0xff, 0xff, 0xff, 0xff, 0xff, 0xff,
    0xff, 0xff, 0x72, 0xff, 0xff, 0xff, 0xff, 0xff,
    0xff, 0xff, 0xff, 0xff, 0xf7, 0x2f, 0xff, 0xff,
    0xff, 0xff, 0xff, 0xff, 0xff, 0xff, 0xff, 0x72,
    0xff, 0xff, 0xff, 0xff, 0xff, 0xff, 0xff, 0xff,
    0xff, 0xf3, 0x18, 0x88, 0x88, 0x88, 0x88, 0x88,
    0x88, 0xdf, 0xff, 0xf7, 0x0, 0x0, 0x0, 0x0,
    0x0, 0x0, 0x0, 0x3f, 0xff, 0xfb, 0x0, 0x0,
    0x0, 0x0, 0x0, 0x0, 0x0, 0x1e, 0xff, 0xfe,
    0x10, 0x0, 0x0, 0x0, 0x0, 0x0, 0x0, 0xb,
    0xff, 0xff, 0x40, 0x0, 0x0, 0x0, 0x0, 0x0,
    0x0, 0x6, 0xff, 0xff, 0xa0, 0x0, 0x0, 0x0,
    0x0, 0x0, 0x0, 0x1, 0xff, 0xff, 0xe1, 0x0,
    0x0, 0x0, 0x0, 0x0, 0x0, 0x0, 0xaf, 0xff,
    0xf5, 0x0, 0x0, 0x0, 0x0, 0x0, 0x0, 0x0,
    0x4f, 0xff, 0xfb, 0x0, 0x0, 0x0, 0x0, 0x0,
    0x0, 0x0, 0xd, 0xff, 0xff, 0x20, 0x0, 0x0,
    0x0, 0x0, 0x0, 0x0, 0x5, 0xff, 0xff, 0x90,
    0x0, 0x0, 0x0, 0x0, 0x0, 0x0, 0x0, 0xdf,
    0xff, 0xf1, 0x0, 0x0, 0x0, 0x0, 0x0, 0x0,
    0x0, 0x4f, 0xff, 0xf9, 0x0, 0x0, 0x0, 0x0,
    0x0, 0x0, 0x0, 0xb, 0xff, 0xff, 0x30, 0x0,
    0x0, 0x0, 0x0, 0x0, 0x0, 0x1, 0xff, 0xff,
    0xd0, 0x0, 0x0, 0x0, 0x0, 0x0, 0x0, 0x0,
    0x7f, 0xff, 0xf7, 0x0, 0x0, 0x0, 0x0, 0x0,
    0x0, 0x0, 0xc, 0xff, 0xff, 0x20, 0x0, 0x0,
    0x0, 0x0, 0x0, 0x0, 0x1, 0xff, 0xff, 0xd0,
    0x0, 0x0, 0x0, 0x0, 0x0, 0x0, 0x0, 0x5f,
    0xff, 0xfa, 0x0, 0x0, 0x0, 0x0, 0x0, 0x0,
    0x0, 0x8, 0xff, 0xff, 0x70, 0x0, 0x0, 0x0,
    0x0, 0x0, 0x0, 0x0, 0xbf, 0xff, 0xf4, 0x0,
    0x0, 0x0, 0x0, 0x0, 0x0, 0x0, 0xe, 0xff,
    0xff, 0x30, 0x0, 0x0, 0x0, 0x0, 0x0, 0x0,
    0x0, 0xff, 0xff, 0xf2, 0x0, 0x0, 0x0, 0x0,
    0x0, 0x0, 0x0, 0xf, 0xff, 0xff, 0x20, 0x0,
    0x0, 0x0, 0x0, 0x0, 0x0, 0x1, 0xff, 0xff,
    0xf2, 0x0, 0x0, 0x0, 0x0, 0x0,

    /* U+0038 "8" */
    0x0, 0x0, 0x0, 0x5a, 0xde, 0xfe, 0xda, 0x50,
    0x0, 0x0, 0x0, 0x0, 0x6, 0xff, 0xff, 0xff,
    0xff, 0xff, 0xe6, 0x0, 0x0, 0x0, 0xa, 0xff,
    0xff, 0xff, 0xff, 0xff, 0xff, 0xf9, 0x0, 0x0,
    0x7, 0xff, 0xff, 0xff, 0xff, 0xff, 0xff, 0xff,
    0xf7, 0x0, 0x0, 0xef, 0xff, 0xfe, 0x72, 0x12,
    0x7e, 0xff, 0xff, 0xf0, 0x0, 0x4f, 0xff, 0xfe,
    0x10, 0x0, 0x0, 0x1e, 0xff, 0xff, 0x50, 0x6,
    0xff, 0xff, 0x80, 0x0, 0x0, 0x0, 0x8f, 0xff,
    0xf8, 0x0, 0x7f, 0xff, 0xf6, 0x0, 0x0, 0x0,
    0x6, 0xff, 0xff, 0x80, 0x5, 0xff, 0xff, 0x80,
    0x0, 0x0, 0x0, 0x7f, 0xff, 0xf6, 0x0, 0x1f,
    0xff, 0xfe, 0x10, 0x0, 0x0, 0x1e, 0xff, 0xff,
    0x10, 0x0, 0x9f, 0xff, 0xfd, 0x62, 0x2, 0x5d,
    0xff, 0xff, 0x90, 0x0, 0x0, 0xbf, 0xff, 0xff,
    0xff, 0xff, 0xff, 0xff, 0xc0, 0x0, 0x0, 0x0,
    0x8f, 0xff, 0xff, 0xff, 0xff, 0xff, 0x80, 0x0,
    0x0, 0x0, 0x2a, 0xff, 0xff, 0xff, 0xff, 0xff,
    0xfb, 0x20, 0x0, 0x0, 0x4f, 0xff, 0xff, 0xff,
    0xff, 0xff, 0xff, 0xff, 0x40, 0x0, 0x1e, 0xff,
    0xff, 0xd5, 0x21, 0x25, 0xdf, 0xff, 0xfe, 0x10,
    0x9, 0xff, 0xff, 0xc0, 0x0, 0x0, 0x0, 0xcf,
    0xff, 0xf9, 0x0, 0xef, 0xff, 0xf2, 0x0, 0x0,
    0x0, 0x2, 0xff, 0xff, 0xe0, 0x2f, 0xff, 0xfe,
    0x0, 0x0, 0x0, 0x0, 0xe, 0xff, 0xff, 0x23,
    0xff, 0xff, 0xd0, 0x0, 0x0, 0x0, 0x0, 0xdf,
    0xff, 0xf3, 0x2f, 0xff, 0xfe, 0x0, 0x0, 0x0,
    0x0, 0xe, 0xff, 0xff, 0x20, 0xff, 0xff, 0xf2,
    0x0, 0x0, 0x0, 0x2, 0xff, 0xff, 0xf0, 0xc,
    0xff, 0xff, 0xc0, 0x0, 0x0, 0x0, 0xcf, 0xff,
    0xfc, 0x0, 0x6f, 0xff, 0xff, 0xd5, 0x21, 0x25,
    0xdf, 0xff, 0xff, 0x60, 0x0, 0xdf, 0xff, 0xff,
    0xff, 0xff, 0xff, 0xff, 0xff, 0xd0, 0x0, 0x2,
    0xdf, 0xff, 0xff, 0xff, 0xff, 0xff, 0xff, 0xd2,
    0x0, 0x0, 0x1, 0xaf, 0xff, 0xff, 0xff, 0xff,
    0xff, 0xa1, 0x0, 0x0, 0x0, 0x0, 0x27, 0xbe,
    0xff, 0xfe, 0xb7, 0x20, 0x0, 0x0,

    /* U+0039 "9" */
    0x0, 0x0, 0x1, 0x7c, 0xef, 0xfe, 0xb7, 0x20,
    0x0, 0x0, 0x0, 0x0, 0x8f, 0xff, 0xff, 0xff,
    0xff, 0xf9, 0x0, 0x0, 0x0, 0xc, 0xff, 0xff,
    0xff, 0xff, 0xff, 0xff, 0xc1, 0x0, 0x0, 0xbf,
    0xff, 0xff, 0xff, 0xff, 0xff, 0xff, 0xfc, 0x0,
    0x6, 0xff, 0xff, 0xfc, 0x52, 0x24, 0x9f, 0xff,
    0xff, 0x60, 0xd, 0xff, 0xff, 0xb0, 0x0, 0x0,
    0x6, 0xff, 0xff, 0xd0, 0x1f, 0xff, 0xff, 0x20,
    0x0, 0x0, 0x0, 0xcf, 0xff, 0xf2, 0x4f, 0xff,
    0xfd, 0x0, 0x0, 0x0, 0x0, 0x7f, 0xff, 0xf7,
    0x4f, 0xff, 0xfb, 0x0, 0x0, 0x0, 0x0, 0x6f,
    0xff, 0xfa, 0x3f, 0xff, 0xfd, 0x0, 0x0, 0x0,
    0x0, 0x7f, 0xff, 0xfc, 0x1f, 0xff, 0xff, 0x10,
    0x0, 0x0, 0x0, 0xbf, 0xff, 0xfe, 0xd, 0xff,
    0xff, 0xa0, 0x0, 0x0, 0x5, 0xff, 0xff, 0xff,
    0x8, 0xff, 0xff, 0xfb, 0x41, 0x2, 0x8f, 0xff,
    0xff, 0xff, 0x1, 0xef, 0xff, 0xff, 0xff, 0xff,
    0xff, 0xff, 0xff, 0xff, 0x0, 0x4f, 0xff, 0xff,
    0xff, 0xff, 0xff, 0xef, 0xff, 0xff, 0x0, 0x3,
    0xef, 0xff, 0xff, 0xff, 0xfb, 0x3f, 0xff, 0xfe,
    0x0, 0x0, 0x6, 0xbe, 0xff, 0xda, 0x40, 0x2f,
    0xff, 0xfd, 0x0, 0x0, 0x0, 0x0, 0x0, 0x0,
    0x0, 0x3f, 0xff, 0xfc, 0x0, 0x11, 0x11, 0x0,
    0x0, 0x0, 0x0, 0x4f, 0xff, 0xfa, 0x5, 0xff,
    0xff, 0x90, 0x0, 0x0, 0x0, 0x6f, 0xff, 0xf7,
    0x4, 0xff, 0xff, 0xb0, 0x0, 0x0, 0x0, 0xaf,
    0xff, 0xf4, 0x2, 0xff, 0xff, 0xe0, 0x0, 0x0,
    0x1, 0xff, 0xff, 0xf0, 0x0, 0xdf, 0xff, 0xf6,
    0x0, 0x0, 0x9, 0xff, 0xff, 0xa0, 0x0, 0x8f,
    0xff, 0xff, 0x82, 0x13, 0xaf, 0xff, 0xff, 0x30,
    0x0, 0xe, 0xff, 0xff, 0xff, 0xff, 0xff, 0xff,
    0xfa, 0x0, 0x0, 0x4, 0xff, 0xff, 0xff, 0xff,
    0xff, 0xff, 0xb0, 0x0, 0x0, 0x0, 0x3e, 0xff,
    0xff, 0xff, 0xff, 0xf9, 0x0, 0x0, 0x0, 0x0,
    0x0, 0x6b, 0xef, 0xfe, 0xc7, 0x20, 0x0, 0x0,

    /* U+003A ":" */
    0xcf, 0xff, 0xf3, 0xcf, 0xff, 0xf3, 0xcf, 0xff,
    0xf3, 0xcf, 0xff, 0xf3, 0xcf, 0xff, 0xf3, 0x23,
    0x33, 0x30, 0x0, 0x0, 0x0, 0x0, 0x0, 0x0,
    0x0, 0x0, 0x0, 0x0, 0x0, 0x0, 0x0, 0x0,
    0x0, 0x0, 0x0, 0x0, 0x0, 0x0, 0x0, 0x0,
    0x0, 0x0, 0x0, 0x0, 0x0, 0x0, 0x0, 0x0,
    0x23, 0x33, 0x30, 0xcf, 0xff, 0xf3, 0xcf, 0xff,
    0xf3, 0xcf, 0xff, 0xf3, 0xcf, 0xff, 0xf3, 0xcf,
    0xff, 0xf3,

    /* U+003E ">" */
    0x0, 0x0, 0x0, 0x0, 0x0, 0x0, 0x0, 0x0,
    0x0, 0x0, 0x5c, 0x50, 0x0, 0x0, 0x0, 0x0,
    0x0, 0x0, 0x0, 0x0, 0x5f, 0xfe, 0x81, 0x0,
    0x0, 0x0, 0x0, 0x0, 0x0, 0x0, 0x5f, 0xff,
    0xff, 0xa3, 0x0, 0x0, 0x0, 0x0, 0x0, 0x0,
    0x5f, 0xff, 0xff, 0xff, 0xc6, 0x0, 0x0, 0x0,
    0x0, 0x0, 0x2b, 0xff, 0xff, 0xff, 0xff, 0xe8,
    0x10, 0x0, 0x0, 0x0, 0x0, 0x17, 0xef, 0xff,
    0xff, 0xff, 0xfa, 0x40, 0x0, 0x0, 0x0, 0x0,
    0x4, 0xaf, 0xff, 0xff, 0xff, 0xfd, 0x60, 0x0,
    0x0, 0x0, 0x0, 0x1, 0x7d, 0xff, 0xff, 0xff,
    0xfe, 0x82, 0x0, 0x0, 0x0, 0x0, 0x0, 0x4a,
    0xff, 0xff, 0xff, 0xf9, 0x0, 0x0, 0x0, 0x0,
    0x0, 0x0, 0x17, 0xdf, 0xff, 0xf9, 0x0, 0x0,
    0x0, 0x0, 0x0, 0x0, 0x0, 0x2b, 0xff, 0xf9,
    0x0, 0x0, 0x0, 0x0, 0x0, 0x0, 0x5b, 0xff,
    0xff, 0xf9, 0x0, 0x0, 0x0, 0x0, 0x2, 0x8e,
    0xff, 0xff, 0xff, 0xf9, 0x0, 0x0, 0x0, 0x5,
    0xbf, 0xff, 0xff, 0xff, 0xfb, 0x50, 0x0, 0x0,
    0x28, 0xef, 0xff, 0xff, 0xff, 0xf9, 0x20, 0x0,
    0x0, 0x5b, 0xff, 0xff, 0xff, 0xff, 0xd7, 0x0,
    0x0, 0x0, 0x3e, 0xff, 0xff, 0xff, 0xff, 0xb4,
    0x0, 0x0, 0x0, 0x0, 0x5f, 0xff, 0xff, 0xfe,
    0x82, 0x0, 0x0, 0x0, 0x0, 0x0, 0x5f, 0xff,
    0xfd, 0x60, 0x0, 0x0, 0x0, 0x0, 0x0, 0x0,
    0x5f, 0xfa, 0x30, 0x0, 0x0, 0x0, 0x0, 0x0,
    0x0, 0x0, 0x48, 0x10, 0x0, 0x0, 0x0, 0x0,
    0x0, 0x0, 0x0, 0x0,

    /* U+0041 "A" */
    0x0, 0x0, 0x0, 0x0, 0x0, 0x5f, 0xff, 0xff,
    0xfa, 0x0, 0x0, 0x0, 0x0, 0x0, 0x0, 0x0,
    0x0, 0x0, 0x0, 0xb, 0xff, 0xff, 0xff, 0xf0,
    0x0, 0x0, 0x0, 0x0, 0x0, 0x0, 0x0, 0x0,
    0x0, 0x1, 0xff, 0xff, 0xff, 0xff, 0x60, 0x0,
    0x0, 0x0, 0x0, 0x0, 0x0, 0x0, 0x0, 0x0,
    0x7f, 0xff, 0xff, 0xff, 0xfc, 0x0, 0x0, 0x0,
    0x0, 0x0, 0x0, 0x0, 0x0, 0x0, 0xd, 0xff,
    0xff, 0xef, 0xff, 0xf2, 0x0, 0x0, 0x0, 0x0,
    0x0, 0x0, 0x0, 0x0, 0x3, 0xff, 0xff, 0xa9,
    0xff, 0xff, 0x80, 0x0, 0x0, 0x0, 0x0, 0x0,
    0x0, 0x0, 0x0, 0x9f, 0xff, 0xf5, 0x4f, 0xff,
    0xfe, 0x0, 0x0, 0x0, 0x0, 0x0, 0x0, 0x0,
    0x0, 0xf, 0xff, 0xff, 0x0, 0xff, 0xff, 0xf4,
    0x0, 0x0, 0x0, 0x0, 0x0, 0x0, 0x0, 0x5,
    0xff, 0xff, 0xa0, 0xa, 0xff, 0xff, 0xb0, 0x0,
    0x0, 0x0, 0x0, 0x0, 0x0, 0x0, 0xbf, 0xff,
    0xf4, 0x0, 0x4f, 0xff, 0xff, 0x10, 0x0, 0x0,
    0x0, 0x0, 0x0, 0x0, 0x2f, 0xff, 0xfe, 0x0,
    0x0, 0xef, 0xff, 0xf7, 0x0, 0x0, 0x0, 0x0,
    0x0, 0x0, 0x8, 0xff, 0xff, 0x90, 0x0, 0x8,
    0xff, 0xff, 0xd0, 0x0, 0x0, 0x0, 0x0, 0x0,
    0x0, 0xef, 0xff, 0xf3, 0x0, 0x0, 0x2f, 0xff,
    0xff, 0x30, 0x0, 0x0, 0x0, 0x0, 0x0, 0x4f,
    0xff, 0xfd, 0x0, 0x0, 0x0, 0xdf, 0xff, 0xf9,
    0x0, 0x0, 0x0, 0x0, 0x0, 0xa, 0xff, 0xff,
    0x70, 0x0, 0x0, 0x7, 0xff, 0xff, 0xf0, 0x0,
    0x0, 0x0, 0x0, 0x1, 0xff, 0xff, 0xf2, 0x0,
    0x0, 0x0, 0x1f, 0xff, 0xff, 0x50, 0x0, 0x0,
    0x0, 0x0, 0x6f, 0xff, 0xfc, 0x0, 0x0, 0x0,
    0x0, 0xbf, 0xff, 0xfc, 0x0, 0x0, 0x0, 0x0,
    0xc, 0xff, 0xff, 0xb8, 0x88, 0x88, 0x88, 0x8b,
    0xff, 0xff, 0xf2, 0x0, 0x0, 0x0, 0x2, 0xff,
    0xff, 0xff, 0xff, 0xff, 0xff, 0xff, 0xff, 0xff,
    0xff, 0x80, 0x0, 0x0, 0x0, 0x8f, 0xff, 0xff,
    0xff, 0xff, 0xff, 0xff, 0xff, 0xff, 0xff, 0xfe,
    0x0, 0x0, 0x0, 0xe, 0xff, 0xff, 0xff, 0xff,
    0xff, 0xff, 0xff, 0xff, 0xff, 0xff, 0xf4, 0x0,
    0x0, 0x5, 0xff, 0xff, 0xff, 0xff, 0xff, 0xff,
    0xff, 0xff, 0xff, 0xff, 0xff, 0xa0, 0x0, 0x0,
    0xbf, 0xff, 0xf9, 0x0, 0x0, 0x0, 0x0, 0x0,
    0x0, 0x8f, 0xff, 0xff, 0x10, 0x0, 0x1f, 0xff,
    0xff, 0x30, 0x0, 0x0, 0x0, 0x0, 0x0, 0x2,
    0xff, 0xff, 0xf6, 0x0, 0x7, 0xff, 0xff, 0xd0,
    0x0, 0x0, 0x0, 0x0, 0x0, 0x0, 0xc, 0xff,
    0xff, 0xd0, 0x0, 0xdf, 0xff, 0xf7, 0x0, 0x0,
    0x0, 0x0, 0x0, 0x0, 0x0, 0x6f, 0xff, 0xff,
    0x30, 0x3f, 0xff, 0xff, 0x10, 0x0, 0x0, 0x0,
    0x0, 0x0, 0x0, 0x1, 0xff, 0xff, 0xf9, 0x9,
    0xff, 0xff, 0xb0, 0x0, 0x0, 0x0, 0x0, 0x0,
    0x0, 0x0, 0xa, 0xff, 0xff, 0xe0,

    /* U+0042 "B" */
    0xff, 0xff, 0xff, 0xff, 0xff, 0xff, 0xff, 0xff,
    0xda, 0x40, 0x0, 0x0, 0xff, 0xff, 0xff, 0xff,
    0xff, 0xff, 0xff, 0xff, 0xff, 0xfb, 0x20, 0x0,
    0xff, 0xff, 0xff, 0xff, 0xff, 0xff, 0xff, 0xff,
    0xff, 0xff, 0xe1, 0x0, 0xff, 0xff, 0xff, 0xff,
    0xff, 0xff, 0xff, 0xff, 0xff, 0xff, 0xfc, 0x0,
    0xff, 0xff, 0xfa, 0x88, 0x88, 0x88, 0x88, 0xae,
    0xff, 0xff, 0xff, 0x30, 0xff, 0xff, 0xf3, 0x0,
    0x0, 0x0, 0x0, 0x0, 0xaf, 0xff, 0xff, 0x80,
    0xff, 0xff, 0xf3, 0x0, 0x0, 0x0, 0x0, 0x0,
    0xf, 0xff, 0xff, 0xa0, 0xff, 0xff, 0xf3, 0x0,
    0x0, 0x0, 0x0, 0x0, 0xc, 0xff, 0xff, 0xa0,
    0xff, 0xff, 0xf3, 0x0, 0x0, 0x0, 0x0, 0x0,
    0xb, 0xff, 0xff, 0x80, 0xff, 0xff, 0xf3, 0x0,
    0x0, 0x0, 0x0, 0x0, 0xf, 0xff, 0xff, 0x30,
    0xff, 0xff, 0xf3, 0x0, 0x0, 0x0, 0x0, 0x0,
    0xaf, 0xff, 0xfb, 0x0, 0xff, 0xff, 0xf9, 0x77,
    0x77, 0x77, 0x77, 0x9d, 0xff, 0xff, 0xe1, 0x0,
    0xff, 0xff, 0xff, 0xff, 0xff, 0xff, 0xff, 0xff,
    0xff, 0xfb, 0x10, 0x0, 0xff, 0xff, 0xff, 0xff,
    0xff, 0xff, 0xff, 0xff, 0xff, 0x90, 0x0, 0x0,
    0xff, 0xff, 0xff, 0xff, 0xff, 0xff, 0xff, 0xff,
    0xff, 0xfe, 0x60, 0x0, 0xff, 0xff, 0xff, 0xff,
    0xff, 0xff, 0xff, 0xff, 0xff, 0xff, 0xf9, 0x0,
    0xff, 0xff, 0xf3, 0x0, 0x0, 0x0, 0x0, 0x3,
    0xaf, 0xff, 0xff, 0x50, 0xff, 0xff, 0xf3, 0x0,
    0x0, 0x0, 0x0, 0x0, 0x9, 0xff, 0xff, 0xd0,
    0xff, 0xff, 0xf3, 0x0, 0x0, 0x0, 0x0, 0x0,
    0x1, 0xff, 0xff, 0xf3, 0xff, 0xff, 0xf3, 0x0,
    0x0, 0x0, 0x0, 0x0, 0x0, 0xff, 0xff, 0xf5,
    0xff, 0xff, 0xf3, 0x0, 0x0, 0x0, 0x0, 0x0,
    0x0, 0xff, 0xff, 0xf6, 0xff, 0xff, 0xf3, 0x0,
    0x0, 0x0, 0x0, 0x0, 0x4, 0xff, 0xff, 0xf5,
    0xff, 0xff, 0xf3, 0x0, 0x0, 0x0, 0x0, 0x0,
    0x2d, 0xff, 0xff, 0xf2, 0xff, 0xff, 0xfa, 0x88,
    0x88, 0x88, 0x88, 0x9b, 0xff, 0xff, 0xff, 0xd0,
    0xff, 0xff, 0xff, 0xff, 0xff, 0xff, 0xff, 0xff,
    0xff, 0xff, 0xff, 0x50, 0xff, 0xff, 0xff, 0xff,
    0xff, 0xff, 0xff, 0xff, 0xff, 0xff, 0xf8, 0x0,
    0xff, 0xff, 0xff, 0xff, 0xff, 0xff, 0xff, 0xff,
    0xff, 0xfe, 0x60, 0x0, 0xff, 0xff, 0xff, 0xff,
    0xff, 0xff, 0xff, 0xff, 0xdb, 0x61, 0x0, 0x0,

    /* U+0043 "C" */
    0x0, 0x0, 0x0, 0x0, 0x16, 0x9c, 0xef, 0xfe,
    0xda, 0x61, 0x0, 0x0, 0x0, 0x0, 0x0, 0x0,
    0x2, 0xaf, 0xff, 0xff, 0xff, 0xff, 0xff, 0xfb,
    0x30, 0x0, 0x0, 0x0, 0x0, 0x7, 0xff, 0xff,
    0xff, 0xff, 0xff, 0xff, 0xff, 0xff, 0x80, 0x0,
    0x0, 0x0, 0xa, 0xff, 0xff, 0xff, 0xff, 0xff,
    0xff, 0xff, 0xff, 0xff, 0xa0, 0x0, 0x0, 0x8,
    0xff, 0xff, 0xff, 0xfd, 0xa8, 0x8a, 0xdf, 0xff,
    0xff, 0xff, 0x70, 0x0, 0x4, 0xff, 0xff, 0xff,
    0xa2, 0x0, 0x0, 0x0, 0x2b, 0xff, 0xff, 0xff,
    0x20, 0x0, 0xbf, 0xff, 0xff, 0x70, 0x0, 0x0,
    0x0, 0x0, 0x9, 0xff, 0xff, 0xf8, 0x0, 0x3f,
    0xff, 0xff, 0xa0, 0x0, 0x0, 0x0, 0x0, 0x0,
    0xd, 0xff, 0xff, 0xd0, 0x7, 0xff, 0xff, 0xf1,
    0x0, 0x0, 0x0, 0x0, 0x0, 0x0, 0x6f, 0xff,
    0xff, 0x10, 0xbf, 0xff, 0xfc, 0x0, 0x0, 0x0,
    0x0, 0x0, 0x0, 0x3, 0xff, 0xff, 0xf2, 0xe,
    0xff, 0xff, 0x70, 0x0, 0x0, 0x0, 0x0, 0x0,
    0x0, 0x8, 0x88, 0x88, 0x10, 0xff, 0xff, 0xf5,
    0x0, 0x0, 0x0, 0x0, 0x0, 0x0, 0x0, 0x0,
    0x0, 0x0, 0x1f, 0xff, 0xff, 0x30, 0x0, 0x0,
    0x0, 0x0, 0x0, 0x0, 0x0, 0x0, 0x0, 0x2,
    0xff, 0xff, 0xf2, 0x0, 0x0, 0x0, 0x0, 0x0,
    0x0, 0x0, 0x0, 0x0, 0x0, 0x2f, 0xff, 0xff,
    0x20, 0x0, 0x0, 0x0, 0x0, 0x0, 0x0, 0x0,
    0x0, 0x0, 0x2, 0xff, 0xff, 0xf3, 0x0, 0x0,
    0x0, 0x0, 0x0, 0x0, 0x0, 0x0, 0x0, 0x0,
    0x1f, 0xff, 0xff, 0x50, 0x0, 0x0, 0x0, 0x0,
    0x0, 0x0, 0x0, 0x0, 0x0, 0x0, 0xff, 0xff,
    0xf7, 0x0, 0x0, 0x0, 0x0, 0x0, 0x0, 0x0,
    0x67, 0x77, 0x71, 0xc, 0xff, 0xff, 0xb0, 0x0,
    0x0, 0x0, 0x0, 0x0, 0x0, 0xf, 0xff, 0xff,
    0x20, 0x8f, 0xff, 0xff, 0x10, 0x0, 0x0, 0x0,
    0x0, 0x0, 0x2, 0xff, 0xff, 0xf1, 0x3, 0xff,
    0xff, 0xfa, 0x0, 0x0, 0x0, 0x0, 0x0, 0x0,
    0x9f, 0xff, 0xfe, 0x0, 0xd, 0xff, 0xff, 0xf7,
    0x0, 0x0, 0x0, 0x0, 0x0, 0x5f, 0xff, 0xff,
    0x90, 0x0, 0x5f, 0xff, 0xff, 0xfa, 0x20, 0x0,
    0x0, 0x1, 0x9f, 0xff, 0xff, 0xf2, 0x0, 0x0,
    0xaf, 0xff, 0xff, 0xff, 0xda, 0x98, 0x9c, 0xff,
    0xff, 0xff, 0xf9, 0x0, 0x0, 0x0, 0xcf, 0xff,
    0xff, 0xff, 0xff, 0xff, 0xff, 0xff, 0xff, 0xfb,
    0x0, 0x0, 0x0, 0x0, 0xaf, 0xff, 0xff, 0xff,
    0xff, 0xff, 0xff, 0xff, 0xf9, 0x0, 0x0, 0x0,
    0x0, 0x0, 0x4c, 0xff, 0xff, 0xff, 0xff, 0xff,
    0xff, 0xc4, 0x0, 0x0, 0x0, 0x0, 0x0, 0x0,
    0x2, 0x7a, 0xde, 0xff, 0xfd, 0xa7, 0x20, 0x0,
    0x0, 0x0,

    /* U+0044 "D" */
    0xff, 0xff, 0xff, 0xff, 0xff, 0xff, 0xed, 0xa7,
    0x20, 0x0, 0x0, 0x0, 0xf, 0xff, 0xff, 0xff,
    0xff, 0xff, 0xff, 0xff, 0xff, 0xc4, 0x0, 0x0,
    0x0, 0xff, 0xff, 0xff, 0xff, 0xff, 0xff, 0xff,
    0xff, 0xff, 0xfa, 0x0, 0x0, 0xf, 0xff, 0xff,
    0xff, 0xff, 0xff, 0xff, 0xff, 0xff, 0xff, 0xfc,
    0x0, 0x0, 0xff, 0xff, 0xfa, 0x88, 0x88, 0x89,
    0xad, 0xff, 0xff, 0xff, 0xfa, 0x0, 0xf, 0xff,
    0xff, 0x30, 0x0, 0x0, 0x0, 0x2, 0xaf, 0xff,
    0xff, 0xf5, 0x0, 0xff, 0xff, 0xf3, 0x0, 0x0,
    0x0, 0x0, 0x0, 0x7f, 0xff, 0xff, 0xd0, 0xf,
    0xff, 0xff, 0x30, 0x0, 0x0, 0x0, 0x0, 0x0,
    0x9f, 0xff, 0xff, 0x40, 0xff, 0xff, 0xf3, 0x0,
    0x0, 0x0, 0x0, 0x0, 0x1, 0xff, 0xff, 0xf9,
    0xf, 0xff, 0xff, 0x30, 0x0, 0x0, 0x0, 0x0,
    0x0, 0xa, 0xff, 0xff, 0xd0, 0xff, 0xff, 0xf3,
    0x0, 0x0, 0x0, 0x0, 0x0, 0x0, 0x6f, 0xff,
    0xff, 0xf, 0xff, 0xff, 0x30, 0x0, 0x0, 0x0,
    0x0, 0x0, 0x3, 0xff, 0xff, 0xf2, 0xff, 0xff,
    0xf3, 0x0, 0x0, 0x0, 0x0, 0x0, 0x0, 0x1f,
    0xff, 0xff, 0x3f, 0xff, 0xff, 0x30, 0x0, 0x0,
    0x0, 0x0, 0x0, 0x0, 0xff, 0xff, 0xf4, 0xff,
    0xff, 0xf3, 0x0, 0x0, 0x0, 0x0, 0x0, 0x0,
    0xf, 0xff, 0xff, 0x4f, 0xff, 0xff, 0x30, 0x0,
    0x0, 0x0, 0x0, 0x0, 0x1, 0xff, 0xff, 0xf3,
    0xff, 0xff, 0xf3, 0x0, 0x0, 0x0, 0x0, 0x0,
    0x0, 0x3f, 0xff, 0xff, 0x2f, 0xff, 0xff, 0x30,
    0x0, 0x0, 0x0, 0x0, 0x0, 0x6, 0xff, 0xff,
    0xf0, 0xff, 0xff, 0xf3, 0x0, 0x0, 0x0, 0x0,
    0x0, 0x0, 0x9f, 0xff, 0xfd, 0xf, 0xff, 0xff,
    0x30, 0x0, 0x0, 0x0, 0x0, 0x0, 0xf, 0xff,
    0xff, 0x90, 0xff, 0xff, 0xf3, 0x0, 0x0, 0x0,
    0x0, 0x0, 0x9, 0xff, 0xff, 0xf4, 0xf, 0xff,
    0xff, 0x30, 0x0, 0x0, 0x0, 0x0, 0x6, 0xff,
    0xff, 0xfd, 0x0, 0xff, 0xff, 0xf3, 0x0, 0x0,
    0x0, 0x0, 0x2a, 0xff, 0xff, 0xff, 0x50, 0xf,
    0xff, 0xff, 0xa8, 0x88, 0x88, 0x9a, 0xdf, 0xff,
    0xff, 0xff, 0xa0, 0x0, 0xff, 0xff, 0xff, 0xff,
    0xff, 0xff, 0xff, 0xff, 0xff, 0xff, 0xc0, 0x0,
    0xf, 0xff, 0xff, 0xff, 0xff, 0xff, 0xff, 0xff,
    0xff, 0xff, 0xa0, 0x0, 0x0, 0xff, 0xff, 0xff,
    0xff, 0xff, 0xff, 0xff, 0xff, 0xfc, 0x40, 0x0,
    0x0, 0xf, 0xff, 0xff, 0xff, 0xff, 0xff, 0xfe,
    0xda, 0x72, 0x0, 0x0, 0x0, 0x0,

    /* U+0045 "E" */
    0xff, 0xff, 0xff, 0xff, 0xff, 0xff, 0xff, 0xff,
    0xff, 0xff, 0xf7, 0xff, 0xff, 0xff, 0xff, 0xff,
    0xff, 0xff, 0xff, 0xff, 0xff, 0xf7, 0xff, 0xff,
    0xff, 0xff, 0xff, 0xff, 0xff, 0xff, 0xff, 0xff,
    0xf7, 0xff, 0xff, 0xff, 0xff, 0xff, 0xff, 0xff,
    0xff, 0xff, 0xff, 0xf7, 0xff, 0xff, 0xfa, 0x88,
    0x88, 0x88, 0x88, 0x88, 0x88, 0x88, 0x83, 0xff,
    0xff, 0xf3, 0x0, 0x0, 0x0, 0x0, 0x0, 0x0,
    0x0, 0x0, 0xff, 0xff, 0xf3, 0x0, 0x0, 0x0,
    0x0, 0x0, 0x0, 0x0, 0x0, 0xff, 0xff, 0xf3,
    0x0, 0x0, 0x0, 0x0, 0x0, 0x0, 0x0, 0x0,
    0xff, 0xff, 0xf3, 0x0, 0x0, 0x0, 0x0, 0x0,
    0x0, 0x0, 0x0, 0xff, 0xff, 0xf3, 0x0, 0x0,
    0x0, 0x0, 0x0, 0x0, 0x0, 0x0, 0xff, 0xff,
    0xf3, 0x0, 0x0, 0x0, 0x0, 0x0, 0x0, 0x0,
    0x0, 0xff, 0xff, 0xfa, 0x88, 0x88, 0x88, 0x88,
    0x88, 0x88, 0x86, 0x0, 0xff, 0xff, 0xff, 0xff,
    0xff, 0xff, 0xff, 0xff, 0xff, 0xfb, 0x0, 0xff,
    0xff, 0xff, 0xff, 0xff, 0xff, 0xff, 0xff, 0xff,
    0xfb, 0x0, 0xff, 0xff, 0xff, 0xff, 0xff, 0xff,
    0xff, 0xff, 0xff, 0xfb, 0x0, 0xff, 0xff, 0xff,
    0xff, 0xff, 0xff, 0xff, 0xff, 0xff, 0xfb, 0x0,
    0xff, 0xff, 0xf3, 0x0, 0x0, 0x0, 0x0, 0x0,
    0x0, 0x0, 0x0, 0xff, 0xff, 0xf3, 0x0, 0x0,
    0x0, 0x0, 0x0, 0x0, 0x0, 0x0, 0xff, 0xff,
    0xf3, 0x0, 0x0, 0x0, 0x0, 0x0, 0x0, 0x0,
    0x0, 0xff, 0xff, 0xf3, 0x0, 0x0, 0x0, 0x0,
    0x0, 0x0, 0x0, 0x0, 0xff, 0xff, 0xf3, 0x0,
    0x0, 0x0, 0x0, 0x0, 0x0, 0x0, 0x0, 0xff,
    0xff, 0xf3, 0x0, 0x0, 0x0, 0x0, 0x0, 0x0,
    0x0, 0x0, 0xff, 0xff, 0xf3, 0x0, 0x0, 0x0,
    0x0, 0x0, 0x0, 0x0, 0x0, 0xff, 0xff, 0xfa,
    0x88, 0x88, 0x88, 0x88, 0x88, 0x88, 0x88, 0x86,
    0xff, 0xff, 0xff, 0xff, 0xff, 0xff, 0xff, 0xff,
    0xff, 0xff, 0xfb, 0xff, 0xff, 0xff, 0xff, 0xff,
    0xff, 0xff, 0xff, 0xff, 0xff, 0xfb, 0xff, 0xff,
    0xff, 0xff, 0xff, 0xff, 0xff, 0xff, 0xff, 0xff,
    0xfb, 0xff, 0xff, 0xff, 0xff, 0xff, 0xff, 0xff,
    0xff, 0xff, 0xff, 0xfb,

    /* U+0046 "F" */
    0xff, 0xff, 0xff, 0xff, 0xff, 0xff, 0xff, 0xff,
    0xff, 0xfc, 0xff, 0xff, 0xff, 0xff, 0xff, 0xff,
    0xff, 0xff, 0xff, 0xfc, 0xff, 0xff, 0xff, 0xff,
    0xff, 0xff, 0xff, 0xff, 0xff, 0xfc, 0xff, 0xff,
    0xff, 0xff, 0xff, 0xff, 0xff, 0xff, 0xff, 0xfc,
    0xff, 0xff, 0xfa, 0x88, 0x88, 0x88, 0x88, 0x88,
    0x88, 0x86, 0xff, 0xff, 0xf3, 0x0, 0x0, 0x0,
    0x0, 0x0, 0x0, 0x0, 0xff, 0xff, 0xf3, 0x0,
    0x0, 0x0, 0x0, 0x0, 0x0, 0x0, 0xff, 0xff,
    0xf3, 0x0, 0x0, 0x0, 0x0, 0x0, 0x0, 0x0,
    0xff, 0xff, 0xf3, 0x0, 0x0, 0x0, 0x0, 0x0,
    0x0, 0x0, 0xff, 0xff, 0xf3, 0x0, 0x0, 0x0,
    0x0, 0x0, 0x0, 0x0, 0xff, 0xff, 0xf3, 0x0,
    0x0, 0x0, 0x0, 0x0, 0x0, 0x0, 0xff, 0xff,
    0xf3, 0x0, 0x0, 0x0, 0x0, 0x0, 0x0, 0x0,
    0xff, 0xff, 0xff, 0xff, 0xff, 0xff, 0xff, 0xff,
    0xff, 0x50, 0xff, 0xff, 0xff, 0xff, 0xff, 0xff,
    0xff, 0xff, 0xff, 0x50, 0xff, 0xff, 0xff, 0xff,
    0xff, 0xff, 0xff, 0xff, 0xff, 0x50, 0xff, 0xff,
    0xff, 0xff, 0xff, 0xff, 0xff, 0xff, 0xff, 0x50,
    0xff, 0xff, 0xfa, 0x88, 0x88, 0x88, 0x88, 0x88,
    0x88, 0x20, 0xff, 0xff, 0xf3, 0x0, 0x0, 0x0,
    0x0, 0x0, 0x0, 0x0, 0xff, 0xff, 0xf3, 0x0,
    0x0, 0x0, 0x0, 0x0, 0x0, 0x0, 0xff, 0xff,
    0xf3, 0x0, 0x0, 0x0, 0x0, 0x0, 0x0, 0x0,
    0xff, 0xff, 0xf3, 0x0, 0x0, 0x0, 0x0, 0x0,
    0x0, 0x0, 0xff, 0xff, 0xf3, 0x0, 0x0, 0x0,
    0x0, 0x0, 0x0, 0x0, 0xff, 0xff, 0xf3, 0x0,
    0x0, 0x0, 0x0, 0x0, 0x0, 0x0, 0xff, 0xff,
    0xf3, 0x0, 0x0, 0x0, 0x0, 0x0, 0x0, 0x0,
    0xff, 0xff, 0xf3, 0x0, 0x0, 0x0, 0x0, 0x0,
    0x0, 0x0, 0xff, 0xff, 0xf3, 0x0, 0x0, 0x0,
    0x0, 0x0, 0x0, 0x0, 0xff, 0xff, 0xf3, 0x0,
    0x0, 0x0, 0x0, 0x0, 0x0, 0x0, 0xff, 0xff,
    0xf3, 0x0, 0x0, 0x0, 0x0, 0x0, 0x0, 0x0,

    /* U+0047 "G" */
    0x0, 0x0, 0x0, 0x0, 0x37, 0xad, 0xef, 0xfe,
    0xdb, 0x84, 0x0, 0x0, 0x0, 0x0, 0x0, 0x0,
    0x6, 0xdf, 0xff, 0xff, 0xff, 0xff, 0xff, 0xfe,
    0x91, 0x0, 0x0, 0x0, 0x0, 0x2d, 0xff, 0xff,
    0xff, 0xff, 0xff, 0xff, 0xff, 0xff, 0xf6, 0x0,
    0x0, 0x0, 0x4f, 0xff, 0xff, 0xff, 0xff, 0xff,
    0xff, 0xff, 0xff, 0xff, 0xf9, 0x0, 0x0, 0x2f,
    0xff, 0xff, 0xff, 0xfc, 0xa8, 0x89, 0xbe, 0xff,
    0xff, 0xff, 0xf6, 0x0, 0xc, 0xff, 0xff, 0xff,
    0x71, 0x0, 0x0, 0x0, 0x4, 0xcf, 0xff, 0xff,
    0xf1, 0x6, 0xff, 0xff, 0xfd, 0x20, 0x0, 0x0,
    0x0, 0x0, 0x0, 0xaf, 0xff, 0xff, 0x70, 0xdf,
    0xff, 0xff, 0x20, 0x0, 0x0, 0x0, 0x0, 0x0,
    0x0, 0xef, 0xff, 0xfb, 0x2f, 0xff, 0xff, 0x80,
    0x0, 0x0, 0x0, 0x0, 0x0, 0x0, 0x8, 0xff,
    0xff, 0xd6, 0xff, 0xff, 0xf1, 0x0, 0x0, 0x0,
    0x0, 0x0, 0x0, 0x0, 0x26, 0x66, 0x65, 0x9f,
    0xff, 0xfd, 0x0, 0x0, 0x0, 0x0, 0x0, 0x0,
    0x0, 0x0, 0x0, 0x0, 0xb, 0xff, 0xff, 0xa0,
    0x0, 0x0, 0x0, 0x0, 0x0, 0x0, 0x0, 0x0,
    0x0, 0x0, 0xcf, 0xff, 0xf8, 0x0, 0x0, 0x0,
    0x9, 0x99, 0x99, 0x99, 0x99, 0x99, 0x99, 0x8d,
    0xff, 0xff, 0x70, 0x0, 0x0, 0x0, 0xff, 0xff,
    0xff, 0xff, 0xff, 0xff, 0xff, 0xdf, 0xff, 0xf7,
    0x0, 0x0, 0x0, 0xf, 0xff, 0xff, 0xff, 0xff,
    0xff, 0xff, 0xfc, 0xff, 0xff, 0x80, 0x0, 0x0,
    0x0, 0xff, 0xff, 0xff, 0xff, 0xff, 0xff, 0xff,
    0xbf, 0xff, 0xf9, 0x0, 0x0, 0x0, 0xf, 0xff,
    0xff, 0xff, 0xff, 0xff, 0xff, 0xf9, 0xff, 0xff,
    0xc0, 0x0, 0x0, 0x0, 0x0, 0x0, 0x0, 0x0,
    0x4f, 0xff, 0xff, 0x6f, 0xff, 0xff, 0x0, 0x0,
    0x0, 0x0, 0x0, 0x0, 0x0, 0x6, 0xff, 0xff,
    0xf2, 0xff, 0xff, 0xf5, 0x0, 0x0, 0x0, 0x0,
    0x0, 0x0, 0x0, 0xbf, 0xff, 0xff, 0xe, 0xff,
    0xff, 0xd0, 0x0, 0x0, 0x0, 0x0, 0x0, 0x0,
    0x4f, 0xff, 0xff, 0xf0, 0x7f, 0xff, 0xff, 0xb0,
    0x0, 0x0, 0x0, 0x0, 0x0, 0x3f, 0xff, 0xff,
    0xff, 0x0, 0xef, 0xff, 0xff, 0xd5, 0x0, 0x0,
    0x0, 0x1, 0x9f, 0xff, 0xff, 0xff, 0xf0, 0x4,
    0xff, 0xff, 0xff, 0xff, 0xb9, 0x88, 0xad, 0xff,
    0xff, 0xff, 0xff, 0xff, 0x0, 0x7, 0xff, 0xff,
    0xff, 0xff, 0xff, 0xff, 0xff, 0xff, 0xff, 0xdf,
    0xff, 0xf0, 0x0, 0x4, 0xef, 0xff, 0xff, 0xff,
    0xff, 0xff, 0xff, 0xff, 0xa1, 0xff, 0xff, 0x0,
    0x0, 0x1, 0x8f, 0xff, 0xff, 0xff, 0xff, 0xff,
    0xfd, 0x40, 0xf, 0xff, 0xf0, 0x0, 0x0, 0x0,
    0x5, 0x8c, 0xde, 0xff, 0xeb, 0x83, 0x0, 0x0,
    0xdf, 0xff,

    /* U+0048 "H" */
    0xff, 0xff, 0xf3, 0x0, 0x0, 0x0, 0x0, 0x0,
    0x0, 0xff, 0xff, 0xf3, 0xff, 0xff, 0xf3, 0x0,
    0x0, 0x0, 0x0, 0x0, 0x0, 0xff, 0xff, 0xf3,
    0xff, 0xff, 0xf3, 0x0, 0x0, 0x0, 0x0, 0x0,
    0x0, 0xff, 0xff, 0xf3, 0xff, 0xff, 0xf3, 0x0,
    0x0, 0x0, 0x0, 0x0, 0x0, 0xff, 0xff, 0xf3,
    0xff, 0xff, 0xf3, 0x0, 0x0, 0x0, 0x0, 0x0,
    0x0, 0xff, 0xff, 0xf3, 0xff, 0xff, 0xf3, 0x0,
    0x0, 0x0, 0x0, 0x0, 0x0, 0xff, 0xff, 0xf3,
    0xff, 0xff, 0xf3, 0x0, 0x0, 0x0, 0x0, 0x0,
    0x0, 0xff, 0xff, 0xf3, 0xff, 0xff, 0xf3, 0x0,
    0x0, 0x0, 0x0, 0x0, 0x0, 0xff, 0xff, 0xf3,
    0xff, 0xff, 0xf3, 0x0, 0x0, 0x0, 0x0, 0x0,
    0x0, 0xff, 0xff, 0xf3, 0xff, 0xff, 0xf3, 0x0,
    0x0, 0x0, 0x0, 0x0, 0x0, 0xff, 0xff, 0xf3,
    0xff, 0xff, 0xf3, 0x0, 0x0, 0x0, 0x0, 0x0,
    0x0, 0xff, 0xff, 0xf3, 0xff, 0xff, 0xfa, 0x99,
    0x99, 0x99, 0x99, 0x99, 0x99, 0xff, 0xff, 0xf3,
    0xff, 0xff, 0xff, 0xff, 0xff, 0xff, 0xff, 0xff,
    0xff, 0xff, 0xff, 0xf3, 0xff, 0xff, 0xff, 0xff,
    0xff, 0xff, 0xff, 0xff, 0xff, 0xff, 0xff, 0xf3,
    0xff, 0xff, 0xff, 0xff, 0xff, 0xff, 0xff, 0xff,
    0xff, 0xff, 0xff, 0xf3, 0xff, 0xff, 0xff, 0xff,
    0xff, 0xff, 0xff, 0xff, 0xff, 0xff, 0xff, 0xf3,
    0xff, 0xff, 0xf3, 0x0, 0x0, 0x0, 0x0, 0x0,
    0x0, 0xff, 0xff, 0xf3, 0xff, 0xff, 0xf3, 0x0,
    0x0, 0x0, 0x0, 0x0, 0x0, 0xff, 0xff, 0xf3,
    0xff, 0xff, 0xf3, 0x0, 0x0, 0x0, 0x0, 0x0,
    0x0, 0xff, 0xff, 0xf3, 0xff, 0xff, 0xf3, 0x0,
    0x0, 0x0, 0x0, 0x0, 0x0, 0xff, 0xff, 0xf3,
    0xff, 0xff, 0xf3, 0x0, 0x0, 0x0, 0x0, 0x0,
    0x0, 0xff, 0xff, 0xf3, 0xff, 0xff, 0xf3, 0x0,
    0x0, 0x0, 0x0, 0x0, 0x0, 0xff, 0xff, 0xf3,
    0xff, 0xff, 0xf3, 0x0, 0x0, 0x0, 0x0, 0x0,
    0x0, 0xff, 0xff, 0xf3, 0xff, 0xff, 0xf3, 0x0,
    0x0, 0x0, 0x0, 0x0, 0x0, 0xff, 0xff, 0xf3,
    0xff, 0xff, 0xf3, 0x0, 0x0, 0x0, 0x0, 0x0,
    0x0, 0xff, 0xff, 0xf3, 0xff, 0xff, 0xf3, 0x0,
    0x0, 0x0, 0x0, 0x0, 0x0, 0xff, 0xff, 0xf3,
    0xff, 0xff, 0xf3, 0x0, 0x0, 0x0, 0x0, 0x0,
    0x0, 0xff, 0xff, 0xf3, 0xff, 0xff, 0xf3, 0x0,
    0x0, 0x0, 0x0, 0x0, 0x0, 0xff, 0xff, 0xf3,

    /* U+0049 "I" */
    0xff, 0xff, 0xf3, 0xff, 0xff, 0xf3, 0xff, 0xff,
    0xf3, 0xff, 0xff, 0xf3, 0xff, 0xff, 0xf3, 0xff,
    0xff, 0xf3, 0xff, 0xff, 0xf3, 0xff, 0xff, 0xf3,
    0xff, 0xff, 0xf3, 0xff, 0xff, 0xf3, 0xff, 0xff,
    0xf3, 0xff, 0xff, 0xf3, 0xff, 0xff, 0xf3, 0xff,
    0xff, 0xf3, 0xff, 0xff, 0xf3, 0xff, 0xff, 0xf3,
    0xff, 0xff, 0xf3, 0xff, 0xff, 0xf3, 0xff, 0xff,
    0xf3, 0xff, 0xff, 0xf3, 0xff, 0xff, 0xf3, 0xff,
    0xff, 0xf3, 0xff, 0xff, 0xf3, 0xff, 0xff, 0xf3,
    0xff, 0xff, 0xf3, 0xff, 0xff, 0xf3, 0xff, 0xff,
    0xf3, 0xff, 0xff, 0xf3,

    /* U+004A "J" */
    0x0, 0x0, 0x0, 0x0, 0x0, 0x0, 0x0, 0xbf,
    0xff, 0xf8, 0x0, 0x0, 0x0, 0x0, 0x0, 0x0,
    0x0, 0xbf, 0xff, 0xf8, 0x0, 0x0, 0x0, 0x0,
    0x0, 0x0, 0x0, 0xbf, 0xff, 0xf8, 0x0, 0x0,
    0x0, 0x0, 0x0, 0x0, 0x0, 0xbf, 0xff, 0xf8,
    0x0, 0x0, 0x0, 0x0, 0x0, 0x0, 0x0, 0xbf,
    0xff, 0xf8, 0x0, 0x0, 0x0, 0x0, 0x0, 0x0,
    0x0, 0xbf, 0xff, 0xf8, 0x0, 0x0, 0x0, 0x0,
    0x0, 0x0, 0x0, 0xbf, 0xff, 0xf8, 0x0, 0x0,
    0x0, 0x0, 0x0, 0x0, 0x0, 0xbf, 0xff, 0xf8,
    0x0, 0x0, 0x0, 0x0, 0x0, 0x0, 0x0, 0xbf,
    0xff, 0xf8, 0x0, 0x0, 0x0, 0x0, 0x0, 0x0,
    0x0, 0xbf, 0xff, 0xf8, 0x0, 0x0, 0x0, 0x0,
    0x0, 0x0, 0x0, 0xbf, 0xff, 0xf8, 0x0, 0x0,
    0x0, 0x0, 0x0, 0x0, 0x0, 0xbf, 0xff, 0xf8,
    0x0, 0x0, 0x0, 0x0, 0x0, 0x0, 0x0, 0xbf,
    0xff, 0xf8, 0x0, 0x0, 0x0, 0x0, 0x0, 0x0,
    0x0, 0xbf, 0xff, 0xf8, 0x0, 0x0, 0x0, 0x0,
    0x0, 0x0, 0x0, 0xbf, 0xff, 0xf8, 0x0, 0x0,
    0x0, 0x0, 0x0, 0x0, 0x0, 0xbf, 0xff, 0xf8,
    0x0, 0x0, 0x0, 0x0, 0x0, 0x0, 0x0, 0xbf,
    0xff, 0xf8, 0x0, 0x0, 0x0, 0x0, 0x0, 0x0,
    0x0, 0xbf, 0xff, 0xf8, 0x6b, 0xbb, 0xb6, 0x0,
    0x0, 0x0, 0x0, 0xbf, 0xff, 0xf7, 0x8f, 0xff,
    0xf9, 0x0, 0x0, 0x0, 0x0, 0xdf, 0xff, 0xf7,
    0x8f, 0xff, 0xfa, 0x0, 0x0, 0x0, 0x1, 0xff,
    0xff, 0xf5, 0x6f, 0xff, 0xfe, 0x0, 0x0, 0x0,
    0x7, 0xff, 0xff, 0xf2, 0x3f, 0xff, 0xff, 0xa0,
    0x0, 0x0, 0x4f, 0xff, 0xff, 0xd0, 0xd, 0xff,
    0xff, 0xfe, 0xa8, 0x8b, 0xff, 0xff, 0xff, 0x60,
    0x4, 0xff, 0xff, 0xff, 0xff, 0xff, 0xff, 0xff,
    0xfd, 0x0, 0x0, 0x7f, 0xff, 0xff, 0xff, 0xff,
    0xff, 0xff, 0xe2, 0x0, 0x0, 0x4, 0xdf, 0xff,
    0xff, 0xff, 0xff, 0xfb, 0x10, 0x0, 0x0, 0x0,
    0x4, 0x9c, 0xef, 0xfe, 0xc8, 0x30, 0x0, 0x0,

    /* U+004B "K" */
    0xff, 0xff, 0xf3, 0x0, 0x0, 0x0, 0x0, 0x0,
    0x2e, 0xff, 0xff, 0xf4, 0xff, 0xff, 0xf3, 0x0,
    0x0, 0x0, 0x0, 0x1, 0xef, 0xff, 0xff, 0x50,
    0xff, 0xff, 0xf3, 0x0, 0x0, 0x0, 0x0, 0x1d,
    0xff, 0xff, 0xf6, 0x0, 0xff, 0xff, 0xf3, 0x0,
    0x0, 0x0, 0x0, 0xcf, 0xff, 0xff, 0x70, 0x0,
    0xff, 0xff, 0xf3, 0x0, 0x0, 0x0, 0xc, 0xff,
    0xff, 0xf8, 0x0, 0x0, 0xff, 0xff, 0xf3, 0x0,
    0x0, 0x0, 0xbf, 0xff, 0xff, 0x90, 0x0, 0x0,
    0xff, 0xff, 0xf3, 0x0, 0x0, 0xa, 0xff, 0xff,
    0xfa, 0x0, 0x0, 0x0, 0xff, 0xff, 0xf3, 0x0,
    0x0, 0x9f, 0xff, 0xff, 0xb0, 0x0, 0x0, 0x0,
    0xff, 0xff, 0xf3, 0x0, 0x8, 0xff, 0xff, 0xfc,
    0x0, 0x0, 0x0, 0x0, 0xff, 0xff, 0xf3, 0x0,
    0x8f, 0xff, 0xff, 0xc0, 0x0, 0x0, 0x0, 0x0,
    0xff, 0xff, 0xf3, 0x6, 0xff, 0xff, 0xfd, 0x10,
    0x0, 0x0, 0x0, 0x0, 0xff, 0xff, 0xf3, 0x6f,
    0xff, 0xff, 0xf5, 0x0, 0x0, 0x0, 0x0, 0x0,
    0xff, 0xff, 0xf8, 0xff, 0xff, 0xff, 0xfd, 0x0,
    0x0, 0x0, 0x0, 0x0, 0xff, 0xff, 0xff, 0xff,
    0xff, 0xff, 0xff, 0x80, 0x0, 0x0, 0x0, 0x0,
    0xff, 0xff, 0xff, 0xff, 0xff, 0xff, 0xff, 0xf3,
    0x0, 0x0, 0x0, 0x0, 0xff, 0xff, 0xff, 0xff,
    0xe5, 0xff, 0xff, 0xfc, 0x0, 0x0, 0x0, 0x0,
    0xff, 0xff, 0xff, 0xfd, 0x20, 0x7f, 0xff, 0xff,
    0x70, 0x0, 0x0, 0x0, 0xff, 0xff, 0xff, 0xc1,
    0x0, 0xd, 0xff, 0xff, 0xf2, 0x0, 0x0, 0x0,
    0xff, 0xff, 0xfb, 0x0, 0x0, 0x3, 0xff, 0xff,
    0xfc, 0x0, 0x0, 0x0, 0xff, 0xff, 0xf3, 0x0,
    0x0, 0x0, 0x9f, 0xff, 0xff, 0x60, 0x0, 0x0,
    0xff, 0xff, 0xf3, 0x0, 0x0, 0x0, 0xe, 0xff,
    0xff, 0xf1, 0x0, 0x0, 0xff, 0xff, 0xf3, 0x0,
    0x0, 0x0, 0x5, 0xff, 0xff, 0xfb, 0x0, 0x0,
    0xff, 0xff, 0xf3, 0x0, 0x0, 0x0, 0x0, 0xbf,
    0xff, 0xff, 0x60, 0x0, 0xff, 0xff, 0xf3, 0x0,
    0x0, 0x0, 0x0, 0x1f, 0xff, 0xff, 0xe1, 0x0,
    0xff, 0xff, 0xf3, 0x0, 0x0, 0x0, 0x0, 0x6,
    0xff, 0xff, 0xfa, 0x0, 0xff, 0xff, 0xf3, 0x0,
    0x0, 0x0, 0x0, 0x0, 0xcf, 0xff, 0xff, 0x50,
    0xff, 0xff, 0xf3, 0x0, 0x0, 0x0, 0x0, 0x0,
    0x2f, 0xff, 0xff, 0xe1, 0xff, 0xff, 0xf3, 0x0,
    0x0, 0x0, 0x0, 0x0, 0x8, 0xff, 0xff, 0xfa,

    /* U+004C "L" */
    0xff, 0xff, 0xf3, 0x0, 0x0, 0x0, 0x0, 0x0,
    0x0, 0xf, 0xff, 0xff, 0x30, 0x0, 0x0, 0x0,
    0x0, 0x0, 0x0, 0xff, 0xff, 0xf3, 0x0, 0x0,
    0x0, 0x0, 0x0, 0x0, 0xf, 0xff, 0xff, 0x30,
    0x0, 0x0, 0x0, 0x0, 0x0, 0x0, 0xff, 0xff,
    0xf3, 0x0, 0x0, 0x0, 0x0, 0x0, 0x0, 0xf,
    0xff, 0xff, 0x30, 0x0, 0x0, 0x0, 0x0, 0x0,
    0x0, 0xff, 0xff, 0xf3, 0x0, 0x0, 0x0, 0x0,
    0x0, 0x0, 0xf, 0xff, 0xff, 0x30, 0x0, 0x0,
    0x0, 0x0, 0x0, 0x0, 0xff, 0xff, 0xf3, 0x0,
    0x0, 0x0, 0x0, 0x0, 0x0, 0xf, 0xff, 0xff,
    0x30, 0x0, 0x0, 0x0, 0x0, 0x0, 0x0, 0xff,
    0xff, 0xf3, 0x0, 0x0, 0x0, 0x0, 0x0, 0x0,
    0xf, 0xff, 0xff, 0x30, 0x0, 0x0, 0x0, 0x0,
    0x0, 0x0, 0xff, 0xff, 0xf3, 0x0, 0x0, 0x0,
    0x0, 0x0, 0x0, 0xf, 0xff, 0xff, 0x30, 0x0,
    0x0, 0x0, 0x0, 0x0, 0x0, 0xff, 0xff, 0xf3,
    0x0, 0x0, 0x0, 0x0, 0x0, 0x0, 0xf, 0xff,
    0xff, 0x30, 0x0, 0x0, 0x0, 0x0, 0x0, 0x0,
    0xff, 0xff, 0xf3, 0x0, 0x0, 0x0, 0x0, 0x0,
    0x0, 0xf, 0xff, 0xff, 0x30, 0x0, 0x0, 0x0,
    0x0, 0x0, 0x0, 0xff, 0xff, 0xf3, 0x0, 0x0,
    0x0, 0x0, 0x0, 0x0, 0xf, 0xff, 0xff, 0x30,
    0x0, 0x0, 0x0, 0x0, 0x0, 0x0, 0xff, 0xff,
    0xf3, 0x0, 0x0, 0x0, 0x0, 0x0, 0x0, 0xf,
    0xff, 0xff, 0x30, 0x0, 0x0, 0x0, 0x0, 0x0,
    0x0, 0xff, 0xff, 0xf3, 0x0, 0x0, 0x0, 0x0,
    0x0, 0x0, 0xf, 0xff, 0xff, 0xba, 0xaa, 0xaa,
    0xaa, 0xaa, 0xaa, 0xaa, 0xff, 0xff, 0xff, 0xff,
    0xff, 0xff, 0xff, 0xff, 0xff, 0xff, 0xff, 0xff,
    0xff, 0xff, 0xff, 0xff, 0xff, 0xff, 0xff, 0xff,
    0xff, 0xff, 0xff, 0xff, 0xff, 0xff, 0xff, 0xff,
    0xff, 0xff, 0xff, 0xff, 0xff, 0xff, 0xff, 0xff,
    0xff, 0xff,

    /* U+004D "M" */
    0xff, 0xff, 0xff, 0xff, 0x50, 0x0, 0x0, 0x0,
    0x0, 0x8, 0xff, 0xff, 0xff, 0xfb, 0xff, 0xff,
    0xff, 0xff, 0xa0, 0x0, 0x0, 0x0, 0x0, 0xd,
    0xff, 0xff, 0xff, 0xfb, 0xff, 0xff, 0xff, 0xff,
    0xe0, 0x0, 0x0, 0x0, 0x0, 0x1f, 0xff, 0xff,
    0xff, 0xfb, 0xff, 0xff, 0xff, 0xff, 0xf3, 0x0,
    0x0, 0x0, 0x0, 0x6f, 0xff, 0xff, 0xff, 0xfb,
    0xff, 0xff, 0xff, 0xff, 0xf7, 0x0, 0x0, 0x0,
    0x0, 0xaf, 0xff, 0xff, 0xff, 0xfb, 0xff, 0xff,
    0xed, 0xff, 0xfc, 0x0, 0x0, 0x0, 0x0, 0xef,
    0xff, 0xbf, 0xff, 0xfb, 0xff, 0xff, 0xd8, 0xff,
    0xff, 0x0, 0x0, 0x0, 0x3, 0xff, 0xff, 0x6f,
    0xff, 0xfb, 0xff, 0xff, 0xe4, 0xff, 0xff, 0x50,
    0x0, 0x0, 0x7, 0xff, 0xfd, 0x5f, 0xff, 0xfb,
    0xff, 0xff, 0xe0, 0xff, 0xff, 0x90, 0x0, 0x0,
    0xc, 0xff, 0xf9, 0x6f, 0xff, 0xfb, 0xff, 0xff,
    0xf0, 0xcf, 0xff, 0xd0, 0x0, 0x0, 0xf, 0xff,
    0xf4, 0x7f, 0xff, 0xfb, 0xff, 0xff, 0xf0, 0x8f,
    0xff, 0xf2, 0x0, 0x0, 0x5f, 0xff, 0xf1, 0x7f,
    0xff, 0xfb, 0xff, 0xff, 0xf0, 0x4f, 0xff, 0xf6,
    0x0, 0x0, 0x9f, 0xff, 0xc0, 0x7f, 0xff, 0xfb,
    0xff, 0xff, 0xf0, 0xf, 0xff, 0xfb, 0x0, 0x0,
    0xdf, 0xff, 0x80, 0x7f, 0xff, 0xfb, 0xff, 0xff,
    0xf0, 0xb, 0xff, 0xff, 0x0, 0x2, 0xff, 0xff,
    0x30, 0x7f, 0xff, 0xfb, 0xff, 0xff, 0xf0, 0x7,
    0xff, 0xff, 0x40, 0x6, 0xff, 0xff, 0x0, 0x7f,
    0xff, 0xfb, 0xff, 0xff, 0xf0, 0x2, 0xff, 0xff,
    0x80, 0xb, 0xff, 0xfa, 0x0, 0x7f, 0xff, 0xfb,
    0xff, 0xff, 0xf0, 0x0, 0xef, 0xff, 0xc0, 0xf,
    0xff, 0xf6, 0x0, 0x7f, 0xff, 0xfb, 0xff, 0xff,
    0xf0, 0x0, 0x9f, 0xff, 0xf0, 0x3f, 0xff, 0xf1,
    0x0, 0x7f, 0xff, 0xfb, 0xff, 0xff, 0xf0, 0x0,
    0x5f, 0xff, 0xf4, 0x6f, 0xff, 0xd0, 0x0, 0x7f,
    0xff, 0xfb, 0xff, 0xff, 0xf0, 0x0, 0xf, 0xff,
    0xf8, 0x9f, 0xff, 0x80, 0x0, 0x7f, 0xff, 0xfb,
    0xff, 0xff, 0xf0, 0x0, 0xc, 0xff, 0xfb, 0xcf,
    0xff, 0x40, 0x0, 0x7f, 0xff, 0xfb, 0xff, 0xff,
    0xf0, 0x0, 0x7, 0xff, 0xff, 0xff, 0xff, 0x0,
    0x0, 0x7f, 0xff, 0xfb, 0xff, 0xff, 0xf0, 0x0,
    0x3, 0xff, 0xff, 0xff, 0xfb, 0x0, 0x0, 0x7f,
    0xff, 0xfb, 0xff, 0xff, 0xf0, 0x0, 0x0, 0xef,
    0xff, 0xff, 0xf6, 0x0, 0x0, 0x7f, 0xff, 0xfb,
    0xff, 0xff, 0xf0, 0x0, 0x0, 0xaf, 0xff, 0xff,
    0xf2, 0x0, 0x0, 0x7f, 0xff, 0xfb, 0xff, 0xff,
    0xf0, 0x0, 0x0, 0x5f, 0xff, 0xff, 0xd0, 0x0,
    0x0, 0x7f, 0xff, 0xfb, 0xff, 0xff, 0xf0, 0x0,
    0x0, 0x1f, 0xff, 0xff, 0x90, 0x0, 0x0, 0x7f,
    0xff, 0xfb, 0xff, 0xff, 0xf0, 0x0, 0x0, 0xc,
    0xff, 0xff, 0x40, 0x0, 0x0, 0x7f, 0xff, 0xfb,

    /* U+004E "N" */
    0xff, 0xff, 0xf5, 0x0, 0x0, 0x0, 0x0, 0x0,
    0x0, 0xcf, 0xff, 0xf3, 0xff, 0xff, 0xff, 0x10,
    0x0, 0x0, 0x0, 0x0, 0x0, 0xcf, 0xff, 0xf3,
    0xff, 0xff, 0xff, 0xc0, 0x0, 0x0, 0x0, 0x0,
    0x0, 0xcf, 0xff, 0xf3, 0xff, 0xff, 0xff, 0xf7,
    0x0, 0x0, 0x0, 0x0, 0x0, 0xcf, 0xff, 0xf3,
    0xff, 0xff, 0xff, 0xff, 0x30, 0x0, 0x0, 0x0,
    0x0, 0xcf, 0xff, 0xf3, 0xff, 0xff, 0xff, 0xff,
    0xd0, 0x0, 0x0, 0x0, 0x0, 0xcf, 0xff, 0xf3,
    0xff, 0xff, 0xff, 0xff, 0xf9, 0x0, 0x0, 0x0,
    0x0, 0xcf, 0xff, 0xf3, 0xff, 0xff, 0xff, 0xff,
    0xff, 0x50, 0x0, 0x0, 0x0, 0xcf, 0xff, 0xf3,
    0xff, 0xff, 0xff, 0xff, 0xff, 0xe1, 0x0, 0x0,
    0x0, 0xcf, 0xff, 0xf3, 0xff, 0xff, 0xf9, 0xff,
    0xff, 0xfb, 0x0, 0x0, 0x0, 0xcf, 0xff, 0xf3,
    0xff, 0xff, 0xf1, 0xef, 0xff, 0xff, 0x70, 0x0,
    0x0, 0xcf, 0xff, 0xf3, 0xff, 0xff, 0xf0, 0x4f,
    0xff, 0xff, 0xf2, 0x0, 0x0, 0xcf, 0xff, 0xf3,
    0xff, 0xff, 0xf0, 0x9, 0xff, 0xff, 0xfd, 0x0,
    0x0, 0xcf, 0xff, 0xf3, 0xff, 0xff, 0xf0, 0x0,
    0xdf, 0xff, 0xff, 0x90, 0x0, 0xcf, 0xff, 0xf3,
    0xff, 0xff, 0xf0, 0x0, 0x3f, 0xff, 0xff, 0xf4,
    0x0, 0xcf, 0xff, 0xf3, 0xff, 0xff, 0xf0, 0x0,
    0x7, 0xff, 0xff, 0xfe, 0x10, 0xcf, 0xff, 0xf3,
    0xff, 0xff, 0xf0, 0x0, 0x0, 0xcf, 0xff, 0xff,
    0xb0, 0xcf, 0xff, 0xf3, 0xff, 0xff, 0xf0, 0x0,
    0x0, 0x2f, 0xff, 0xff, 0xf6, 0xcf, 0xff, 0xf3,
    0xff, 0xff, 0xf0, 0x0, 0x0, 0x6, 0xff, 0xff,
    0xfe, 0xdf, 0xff, 0xf3, 0xff, 0xff, 0xf0, 0x0,
    0x0, 0x0, 0xaf, 0xff, 0xff, 0xff, 0xff, 0xf3,
    0xff, 0xff, 0xf0, 0x0, 0x0, 0x0, 0x1e, 0xff,
    0xff, 0xff, 0xff, 0xf3, 0xff, 0xff, 0xf0, 0x0,
    0x0, 0x0, 0x4, 0xff, 0xff, 0xff, 0xff, 0xf3,
    0xff, 0xff, 0xf0, 0x0, 0x0, 0x0, 0x0, 0x9f,
    0xff, 0xff, 0xff, 0xf3, 0xff, 0xff, 0xf0, 0x0,
    0x0, 0x0, 0x0, 0xd, 0xff, 0xff, 0xff, 0xf3,
    0xff, 0xff, 0xf0, 0x0, 0x0, 0x0, 0x0, 0x2,
    0xff, 0xff, 0xff, 0xf3, 0xff, 0xff, 0xf0, 0x0,
    0x0, 0x0, 0x0, 0x0, 0x7f, 0xff, 0xff, 0xf3,
    0xff, 0xff, 0xf0, 0x0, 0x0, 0x0, 0x0, 0x0,
    0xb, 0xff, 0xff, 0xf3, 0xff, 0xff, 0xf0, 0x0,
    0x0, 0x0, 0x0, 0x0, 0x1, 0xef, 0xff, 0xf3,

    /* U+004F "O" */
    0x0, 0x0, 0x0, 0x0, 0x5, 0x9b, 0xef, 0xff,
    0xec, 0xa6, 0x10, 0x0, 0x0, 0x0, 0x0, 0x0,
    0x0, 0x1, 0x9f, 0xff, 0xff, 0xff, 0xff, 0xff,
    0xff, 0xb3, 0x0, 0x0, 0x0, 0x0, 0x0, 0x6,
    0xff, 0xff, 0xff, 0xff, 0xff, 0xff, 0xff, 0xff,
    0xf9, 0x0, 0x0, 0x0, 0x0, 0x8, 0xff, 0xff,
    0xff, 0xff, 0xff, 0xff, 0xff, 0xff, 0xff, 0xfc,
    0x0, 0x0, 0x0, 0x7, 0xff, 0xff, 0xff, 0xfe,
    0xb9, 0x89, 0xae, 0xff, 0xff, 0xff, 0xfb, 0x0,
    0x0, 0x2, 0xff, 0xff, 0xff, 0xd5, 0x0, 0x0,
    0x0, 0x3, 0xbf, 0xff, 0xff, 0xf6, 0x0, 0x0,
    0xbf, 0xff, 0xff, 0xa0, 0x0, 0x0, 0x0, 0x0,
    0x0, 0x6f, 0xff, 0xff, 0xe0, 0x0, 0x2f, 0xff,
    0xff, 0xc0, 0x0, 0x0, 0x0, 0x0, 0x0, 0x0,
    0x8f, 0xff, 0xff, 0x60, 0x7, 0xff, 0xff, 0xf3,
    0x0, 0x0, 0x0, 0x0, 0x0, 0x0, 0x0, 0xef,
    0xff, 0xfb, 0x0, 0xbf, 0xff, 0xfc, 0x0, 0x0,
    0x0, 0x0, 0x0, 0x0, 0x0, 0x7, 0xff, 0xff,
    0xf0, 0xe, 0xff, 0xff, 0x80, 0x0, 0x0, 0x0,
    0x0, 0x0, 0x0, 0x0, 0x3f, 0xff, 0xff, 0x31,
    0xff, 0xff, 0xf4, 0x0, 0x0, 0x0, 0x0, 0x0,
    0x0, 0x0, 0x0, 0xff, 0xff, 0xf5, 0x2f, 0xff,
    0xff, 0x30, 0x0, 0x0, 0x0, 0x0, 0x0, 0x0,
    0x0, 0xe, 0xff, 0xff, 0x62, 0xff, 0xff, 0xf2,
    0x0, 0x0, 0x0, 0x0, 0x0, 0x0, 0x0, 0x0,
    0xdf, 0xff, 0xf7, 0x2f, 0xff, 0xff, 0x20, 0x0,
    0x0, 0x0, 0x0, 0x0, 0x0, 0x0, 0xd, 0xff,
    0xff, 0x72, 0xff, 0xff, 0xf3, 0x0, 0x0, 0x0,
    0x0, 0x0, 0x0, 0x0, 0x0, 0xef, 0xff, 0xf6,
    0x1f, 0xff, 0xff, 0x40, 0x0, 0x0, 0x0, 0x0,
    0x0, 0x0, 0x0, 0xf, 0xff, 0xff, 0x50, 0xef,
    0xff, 0xf7, 0x0, 0x0, 0x0, 0x0, 0x0, 0x0,
    0x0, 0x3, 0xff, 0xff, 0xf3, 0xb, 0xff, 0xff,
    0xc0, 0x0, 0x0, 0x0, 0x0, 0x0, 0x0, 0x0,
    0x7f, 0xff, 0xff, 0x0, 0x7f, 0xff, 0xff, 0x20,
    0x0, 0x0, 0x0, 0x0, 0x0, 0x0, 0xe, 0xff,
    0xff, 0xb0, 0x2, 0xff, 0xff, 0xfc, 0x0, 0x0,
    0x0, 0x0, 0x0, 0x0, 0x8, 0xff, 0xff, 0xf6,
    0x0, 0xb, 0xff, 0xff, 0xfa, 0x0, 0x0, 0x0,
    0x0, 0x0, 0x6, 0xff, 0xff, 0xfe, 0x0, 0x0,
    0x2f, 0xff, 0xff, 0xfd, 0x50, 0x0, 0x0, 0x0,
    0x3a, 0xff, 0xff, 0xff, 0x60, 0x0, 0x0, 0x7f,
    0xff, 0xff, 0xff, 0xeb, 0x98, 0x8a, 0xdf, 0xff,
    0xff, 0xff, 0xb0, 0x0, 0x0, 0x0, 0x8f, 0xff,
    0xff, 0xff, 0xff, 0xff, 0xff, 0xff, 0xff, 0xff,
    0xc0, 0x0, 0x0, 0x0, 0x0, 0x6f, 0xff, 0xff,
    0xff, 0xff, 0xff, 0xff, 0xff, 0xff, 0x90, 0x0,
    0x0, 0x0, 0x0, 0x0, 0x19, 0xff, 0xff, 0xff,
    0xff, 0xff, 0xff, 0xfb, 0x30, 0x0, 0x0, 0x0,
    0x0, 0x0, 0x0, 0x0, 0x59, 0xce, 0xff, 0xfe,
    0xca, 0x61, 0x0, 0x0, 0x0, 0x0,

    /* U+0050 "P" */
    0xff, 0xff, 0xff, 0xff, 0xff, 0xff, 0xff, 0xfe,
    0xb7, 0x10, 0x0, 0xf, 0xff, 0xff, 0xff, 0xff,
    0xff, 0xff, 0xff, 0xff, 0xff, 0x50, 0x0, 0xff,
    0xff, 0xff, 0xff, 0xff, 0xff, 0xff, 0xff, 0xff,
    0xff, 0x80, 0xf, 0xff, 0xff, 0xff, 0xff, 0xff,
    0xff, 0xff, 0xff, 0xff, 0xff, 0x40, 0xff, 0xff,
    0xfa, 0x88, 0x88, 0x88, 0x89, 0xaf, 0xff, 0xff,
    0xfe, 0xf, 0xff, 0xff, 0x30, 0x0, 0x0, 0x0,
    0x0, 0x1b, 0xff, 0xff, 0xf3, 0xff, 0xff, 0xf3,
    0x0, 0x0, 0x0, 0x0, 0x0, 0x1e, 0xff, 0xff,
    0x8f, 0xff, 0xff, 0x30, 0x0, 0x0, 0x0, 0x0,
    0x0, 0xaf, 0xff, 0xfa, 0xff, 0xff, 0xf3, 0x0,
    0x0, 0x0, 0x0, 0x0, 0x7, 0xff, 0xff, 0xbf,
    0xff, 0xff, 0x30, 0x0, 0x0, 0x0, 0x0, 0x0,
    0x7f, 0xff, 0xfc, 0xff, 0xff, 0xf3, 0x0, 0x0,
    0x0, 0x0, 0x0, 0xa, 0xff, 0xff, 0xbf, 0xff,
    0xff, 0x30, 0x0, 0x0, 0x0, 0x0, 0x1, 0xff,
    0xff, 0xf8, 0xff, 0xff, 0xf3, 0x0, 0x0, 0x0,
    0x0, 0x1, 0xcf, 0xff, 0xff, 0x3f, 0xff, 0xff,
    0xa8, 0x88, 0x88, 0x88, 0x8a, 0xff, 0xff, 0xff,
    0xd0, 0xff, 0xff, 0xff, 0xff, 0xff, 0xff, 0xff,
    0xff, 0xff, 0xff, 0xf4, 0xf, 0xff, 0xff, 0xff,
    0xff, 0xff, 0xff, 0xff, 0xff, 0xff, 0xf7, 0x0,
    0xff, 0xff, 0xff, 0xff, 0xff, 0xff, 0xff, 0xff,
    0xff, 0xe5, 0x0, 0xf, 0xff, 0xff, 0xff, 0xff,
    0xff, 0xff, 0xff, 0xda, 0x60, 0x0, 0x0, 0xff,
    0xff, 0xf3, 0x0, 0x0, 0x0, 0x0, 0x0, 0x0,
    0x0, 0x0, 0xf, 0xff, 0xff, 0x30, 0x0, 0x0,
    0x0, 0x0, 0x0, 0x0, 0x0, 0x0, 0xff, 0xff,
    0xf3, 0x0, 0x0, 0x0, 0x0, 0x0, 0x0, 0x0,
    0x0, 0xf, 0xff, 0xff, 0x30, 0x0, 0x0, 0x0,
    0x0, 0x0, 0x0, 0x0, 0x0, 0xff, 0xff, 0xf3,
    0x0, 0x0, 0x0, 0x0, 0x0, 0x0, 0x0, 0x0,
    0xf, 0xff, 0xff, 0x30, 0x0, 0x0, 0x0, 0x0,
    0x0, 0x0, 0x0, 0x0, 0xff, 0xff, 0xf3, 0x0,
    0x0, 0x0, 0x0, 0x0, 0x0, 0x0, 0x0, 0xf,
    0xff, 0xff, 0x30, 0x0, 0x0, 0x0, 0x0, 0x0,
    0x0, 0x0, 0x0, 0xff, 0xff, 0xf3, 0x0, 0x0,
    0x0, 0x0, 0x0, 0x0, 0x0, 0x0, 0xf, 0xff,
    0xff, 0x30, 0x0, 0x0, 0x0, 0x0, 0x0, 0x0,
    0x0, 0x0,

    /* U+0051 "Q" */
    0x0, 0x0, 0x0, 0x0, 0x5, 0x9b, 0xef, 0xff,
    0xec, 0xa6, 0x10, 0x0, 0x0, 0x0, 0x0, 0x0,
    0x0, 0x1, 0x9f, 0xff, 0xff, 0xff, 0xff, 0xff,
    0xff, 0xb3, 0x0, 0x0, 0x0, 0x0, 0x0, 0x6,
    0xff, 0xff, 0xff, 0xff, 0xff, 0xff, 0xff, 0xff,
    0xf9, 0x0, 0x0, 0x0, 0x0, 0x8, 0xff, 0xff,
    0xff, 0xff, 0xff, 0xff, 0xff, 0xff, 0xff, 0xfc,
    0x0, 0x0, 0x0, 0x7, 0xff, 0xff, 0xff, 0xfe,
    0xb9, 0x89, 0xae, 0xff, 0xff, 0xff, 0xfb, 0x0,
    0x0, 0x2, 0xff, 0xff, 0xff, 0xd5, 0x0, 0x0,
    0x0, 0x3, 0xbf, 0xff, 0xff, 0xf6, 0x0, 0x0,
    0xbf, 0xff, 0xff, 0xa0, 0x0, 0x0, 0x0, 0x0,
    0x0, 0x6f, 0xff, 0xff, 0xe0, 0x0, 0x2f, 0xff,
    0xff, 0xc0, 0x0, 0x0, 0x0, 0x0, 0x0, 0x0,
    0x8f, 0xff, 0xff, 0x60, 0x7, 0xff, 0xff, 0xf3,
    0x0, 0x0, 0x0, 0x0, 0x0, 0x0, 0x0, 0xef,
    0xff, 0xfc, 0x0, 0xbf, 0xff, 0xfc, 0x0, 0x0,
    0x0, 0x0, 0x0, 0x0, 0x0, 0x7, 0xff, 0xff,
    0xf0, 0xe, 0xff, 0xff, 0x80, 0x0, 0x0, 0x0,
    0x0, 0x0, 0x0, 0x0, 0x3f, 0xff, 0xff, 0x31,
    0xff, 0xff, 0xf4, 0x0, 0x0, 0x0, 0x0, 0x0,
    0x0, 0x0, 0x0, 0xff, 0xff, 0xf5, 0x2f, 0xff,
    0xff, 0x30, 0x0, 0x0, 0x0, 0x0, 0x0, 0x0,
    0x0, 0xe, 0xff, 0xff, 0x62, 0xff, 0xff, 0xf2,
    0x0, 0x0, 0x0, 0x0, 0x0, 0x0, 0x0, 0x0,
    0xdf, 0xff, 0xf7, 0x2f, 0xff, 0xff, 0x20, 0x0,
    0x0, 0x0, 0x0, 0x0, 0x0, 0x0, 0xd, 0xff,
    0xff, 0x72, 0xff, 0xff, 0xf3, 0x0, 0x0, 0x0,
    0x0, 0x0, 0x0, 0x0, 0x0, 0xef, 0xff, 0xf6,
    0x1f, 0xff, 0xff, 0x40, 0x0, 0x0, 0x0, 0x0,
    0x0, 0x0, 0x0, 0xf, 0xff, 0xff, 0x50, 0xef,
    0xff, 0xf7, 0x0, 0x0, 0x0, 0x0, 0x0, 0x0,
    0x0, 0x3, 0xff, 0xff, 0xf2, 0xb, 0xff, 0xff,
    0xc0, 0x0, 0x0, 0x0, 0x0, 0x0, 0x0, 0x0,
    0x7f, 0xff, 0xff, 0x0, 0x7f, 0xff, 0xff, 0x20,
    0x0, 0x0, 0x0, 0x0, 0x0, 0x0, 0xe, 0xff,
    0xff, 0xb0, 0x2, 0xff, 0xff, 0xfc, 0x0, 0x0,
    0x0, 0x0, 0x0, 0x0, 0x8, 0xff, 0xff, 0xf6,
    0x0, 0xb, 0xff, 0xff, 0xfa, 0x0, 0x0, 0x0,
    0x0, 0x0, 0x6, 0xff, 0xff, 0xfe, 0x0, 0x0,
    0x2f, 0xff, 0xff, 0xfd, 0x50, 0x0, 0x0, 0x0,
    0x3a, 0xff, 0xff, 0xff, 0x50, 0x0, 0x0, 0x7f,
    0xff, 0xff, 0xff, 0xeb, 0x98, 0x8a, 0xdf, 0xff,
    0xff, 0xff, 0xa0, 0x0, 0x0, 0x0, 0x8f, 0xff,
    0xff, 0xff, 0xff, 0xff, 0xff, 0xff, 0xff, 0xff,
    0xb0, 0x0, 0x0, 0x0, 0x0, 0x6f, 0xff, 0xff,
    0xff, 0xff, 0xff, 0xff, 0xff, 0xff, 0x80, 0x0,
    0x0, 0x0, 0x0, 0x0, 0x19, 0xff, 0xff, 0xff,
    0xff, 0xff, 0xff, 0xfc, 0x20, 0x0, 0x0, 0x0,
    0x0, 0x0, 0x0, 0x0, 0x59, 0xce, 0xff, 0xff,
    0xff, 0xff, 0xe2, 0x0, 0x0, 0x0, 0x0, 0x0,
    0x0, 0x0, 0x0, 0x0, 0x0, 0x0, 0x9f, 0xff,
    0xff, 0xe2, 0x0, 0x0, 0x0, 0x0, 0x0, 0x0,
    0x0, 0x0, 0x0, 0x0, 0x0, 0xaf, 0xff, 0xff,
    0xe2, 0x0, 0x0, 0x0, 0x0, 0x0, 0x0, 0x0,
    0x0, 0x0, 0x0, 0x0, 0xbf, 0xff, 0xff, 0xe2,
    0x0, 0x0, 0x0, 0x0, 0x0, 0x0, 0x0, 0x0,
    0x0, 0x0, 0x0, 0xcf, 0xff, 0xff, 0xe2, 0x0,
    0x0, 0x0, 0x0, 0x0, 0x0, 0x0, 0x0, 0x0,
    0x0, 0x1, 0xdf, 0xff, 0xff, 0xd1, 0x0,

    /* U+0052 "R" */
    0xff, 0xff, 0xff, 0xff, 0xff, 0xff, 0xff, 0xff,
    0xda, 0x50, 0x0, 0x0, 0xf, 0xff, 0xff, 0xff,
    0xff, 0xff, 0xff, 0xff, 0xff, 0xff, 0xe3, 0x0,
    0x0, 0xff, 0xff, 0xff, 0xff, 0xff, 0xff, 0xff,
    0xff, 0xff, 0xff, 0xf5, 0x0, 0xf, 0xff, 0xff,
    0xff, 0xff, 0xff, 0xff, 0xff, 0xff, 0xff, 0xff,
    0xf2, 0x0, 0xff, 0xff, 0xfa, 0x88, 0x88, 0x88,
    0x88, 0x9b, 0xff, 0xff, 0xff, 0xa0, 0xf, 0xff,
    0xff, 0x30, 0x0, 0x0, 0x0, 0x0, 0x2, 0xdf,
    0xff, 0xff, 0x0, 0xff, 0xff, 0xf3, 0x0, 0x0,
    0x0, 0x0, 0x0, 0x3, 0xff, 0xff, 0xf4, 0xf,
    0xff, 0xff, 0x30, 0x0, 0x0, 0x0, 0x0, 0x0,
    0xe, 0xff, 0xff, 0x60, 0xff, 0xff, 0xf3, 0x0,
    0x0, 0x0, 0x0, 0x0, 0x0, 0xcf, 0xff, 0xf7,
    0xf, 0xff, 0xff, 0x30, 0x0, 0x0, 0x0, 0x0,
    0x0, 0xd, 0xff, 0xff, 0x70, 0xff, 0xff, 0xf3,
    0x0, 0x0, 0x0, 0x0, 0x0, 0x1, 0xff, 0xff,
    0xf5, 0xf, 0xff, 0xff, 0x30, 0x0, 0x0, 0x0,
    0x0, 0x0, 0x9f, 0xff, 0xff, 0x10, 0xff, 0xff,
    0xf3, 0x0, 0x0, 0x0, 0x0, 0x3, 0xaf, 0xff,
    0xff, 0xb0, 0xf, 0xff, 0xff, 0xff, 0xff, 0xff,
    0xff, 0xff, 0xff, 0xff, 0xff, 0xf3, 0x0, 0xff,
    0xff, 0xff, 0xff, 0xff, 0xff, 0xff, 0xff, 0xff,
    0xff, 0xf8, 0x0, 0xf, 0xff, 0xff, 0xff, 0xff,
    0xff, 0xff, 0xff, 0xff, 0xff, 0xf8, 0x0, 0x0,
    0xff, 0xff, 0xff, 0xff, 0xff, 0xff, 0xff, 0xff,
    0xff, 0xf3, 0x0, 0x0, 0xf, 0xff, 0xff, 0x97,
    0x77, 0x77, 0x77, 0x8f, 0xff, 0xff, 0x40, 0x0,
    0x0, 0xff, 0xff, 0xf3, 0x0, 0x0, 0x0, 0x0,
    0xbf, 0xff, 0xfc, 0x0, 0x0, 0xf, 0xff, 0xff,
    0x30, 0x0, 0x0, 0x0, 0x4, 0xff, 0xff, 0xf4,
    0x0, 0x0, 0xff, 0xff, 0xf3, 0x0, 0x0, 0x0,
    0x0, 0xc, 0xff, 0xff, 0xc0, 0x0, 0xf, 0xff,
    0xff, 0x30, 0x0, 0x0, 0x0, 0x0, 0x4f, 0xff,
    0xff, 0x40, 0x0, 0xff, 0xff, 0xf3, 0x0, 0x0,
    0x0, 0x0, 0x0, 0xdf, 0xff, 0xfb, 0x0, 0xf,
    0xff, 0xff, 0x30, 0x0, 0x0, 0x0, 0x0, 0x5,
    0xff, 0xff, 0xf3, 0x0, 0xff, 0xff, 0xf3, 0x0,
    0x0, 0x0, 0x0, 0x0, 0xd, 0xff, 0xff, 0xb0,
    0xf, 0xff, 0xff, 0x30, 0x0, 0x0, 0x0, 0x0,
    0x0, 0x6f, 0xff, 0xff, 0x30, 0xff, 0xff, 0xf3,
    0x0, 0x0, 0x0, 0x0, 0x0, 0x0, 0xef, 0xff,
    0xfb, 0xf, 0xff, 0xff, 0x30, 0x0, 0x0, 0x0,
    0x0, 0x0, 0x7, 0xff, 0xff, 0xf3,

    /* U+0053 "S" */
    0x0, 0x0, 0x0, 0x15, 0x9c, 0xef, 0xff, 0xeb,
    0x84, 0x0, 0x0, 0x0, 0x0, 0x0, 0x29, 0xff,
    0xff, 0xff, 0xff, 0xff, 0xff, 0xe6, 0x0, 0x0,
    0x0, 0x4, 0xff, 0xff, 0xff, 0xff, 0xff, 0xff,
    0xff, 0xff, 0xb0, 0x0, 0x0, 0x3f, 0xff, 0xff,
    0xff, 0xff, 0xff, 0xff, 0xff, 0xff, 0xfb, 0x0,
    0x0, 0xdf, 0xff, 0xff, 0xfd, 0xa8, 0x89, 0xbf,
    0xff, 0xff, 0xff, 0x60, 0x3, 0xff, 0xff, 0xfb,
    0x20, 0x0, 0x0, 0x0, 0x7f, 0xff, 0xff, 0xc0,
    0x6, 0xff, 0xff, 0xe0, 0x0, 0x0, 0x0, 0x0,
    0x6, 0xff, 0xff, 0xf0, 0x7, 0xff, 0xff, 0xc0,
    0x0, 0x0, 0x0, 0x0, 0x0, 0xff, 0xff, 0xf2,
    0x6, 0xff, 0xff, 0xf1, 0x0, 0x0, 0x0, 0x0,
    0x0, 0x66, 0x66, 0x61, 0x3, 0xff, 0xff, 0xfd,
    0x30, 0x0, 0x0, 0x0, 0x0, 0x0, 0x0, 0x0,
    0x0, 0xcf, 0xff, 0xff, 0xfc, 0x62, 0x0, 0x0,
    0x0, 0x0, 0x0, 0x0, 0x0, 0x3f, 0xff, 0xff,
    0xff, 0xff, 0xd9, 0x50, 0x0, 0x0, 0x0, 0x0,
    0x0, 0x3, 0xef, 0xff, 0xff, 0xff, 0xff, 0xff,
    0xb6, 0x10, 0x0, 0x0, 0x0, 0x0, 0x19, 0xff,
    0xff, 0xff, 0xff, 0xff, 0xff, 0xf9, 0x10, 0x0,
    0x0, 0x0, 0x0, 0x17, 0xcf, 0xff, 0xff, 0xff,
    0xff, 0xff, 0xf5, 0x0, 0x0, 0x0, 0x0, 0x0,
    0x1, 0x6a, 0xef, 0xff, 0xff, 0xff, 0xff, 0x50,
    0x0, 0x0, 0x0, 0x0, 0x0, 0x0, 0x3, 0x8e,
    0xff, 0xff, 0xff, 0xf1, 0x0, 0x0, 0x0, 0x0,
    0x0, 0x0, 0x0, 0x0, 0x5e, 0xff, 0xff, 0xf8,
    0x2, 0x22, 0x22, 0x0, 0x0, 0x0, 0x0, 0x0,
    0x1, 0xef, 0xff, 0xfb, 0x3f, 0xff, 0xff, 0x10,
    0x0, 0x0, 0x0, 0x0, 0x0, 0x7f, 0xff, 0xfd,
    0x1f, 0xff, 0xff, 0x30, 0x0, 0x0, 0x0, 0x0,
    0x0, 0x6f, 0xff, 0xfd, 0xf, 0xff, 0xff, 0xb0,
    0x0, 0x0, 0x0, 0x0, 0x0, 0xbf, 0xff, 0xfb,
    0x9, 0xff, 0xff, 0xfb, 0x30, 0x0, 0x0, 0x0,
    0x2a, 0xff, 0xff, 0xf6, 0x2, 0xff, 0xff, 0xff,
    0xfd, 0xa8, 0x88, 0x9c, 0xff, 0xff, 0xff, 0xf1,
    0x0, 0x5f, 0xff, 0xff, 0xff, 0xff, 0xff, 0xff,
    0xff, 0xff, 0xff, 0x50, 0x0, 0x5, 0xff, 0xff,
    0xff, 0xff, 0xff, 0xff, 0xff, 0xff, 0xf6, 0x0,
    0x0, 0x0, 0x19, 0xff, 0xff, 0xff, 0xff, 0xff,
    0xff, 0xfb, 0x20, 0x0, 0x0, 0x0, 0x0, 0x5,
    0x9c, 0xef, 0xfe, 0xdc, 0x95, 0x10, 0x0, 0x0,

    /* U+0054 "T" */
    0xff, 0xff, 0xff, 0xff, 0xff, 0xff, 0xff, 0xff,
    0xff, 0xff, 0xff, 0xcf, 0xff, 0xff, 0xff, 0xff,
    0xff, 0xff, 0xff, 0xff, 0xff, 0xff, 0xfc, 0xff,
    0xff, 0xff, 0xff, 0xff, 0xff, 0xff, 0xff, 0xff,
    0xff, 0xff, 0xcf, 0xff, 0xff, 0xff, 0xff, 0xff,
    0xff, 0xff, 0xff, 0xff, 0xff, 0xfc, 0x99, 0x99,
    0x99, 0x99, 0xaf, 0xff, 0xff, 0x99, 0x99, 0x99,
    0x99, 0x70, 0x0, 0x0, 0x0, 0x3, 0xff, 0xff,
    0xf0, 0x0, 0x0, 0x0, 0x0, 0x0, 0x0, 0x0,
    0x0, 0x3f, 0xff, 0xff, 0x0, 0x0, 0x0, 0x0,
    0x0, 0x0, 0x0, 0x0, 0x3, 0xff, 0xff, 0xf0,
    0x0, 0x0, 0x0, 0x0, 0x0, 0x0, 0x0, 0x0,
    0x3f, 0xff, 0xff, 0x0, 0x0, 0x0, 0x0, 0x0,
    0x0, 0x0, 0x0, 0x3, 0xff, 0xff, 0xf0, 0x0,
    0x0, 0x0, 0x0, 0x0, 0x0, 0x0, 0x0, 0x3f,
    0xff, 0xff, 0x0, 0x0, 0x0, 0x0, 0x0, 0x0,
    0x0, 0x0, 0x3, 0xff, 0xff, 0xf0, 0x0, 0x0,
    0x0, 0x0, 0x0, 0x0, 0x0, 0x0, 0x3f, 0xff,
    0xff, 0x0, 0x0, 0x0, 0x0, 0x0, 0x0, 0x0,
    0x0, 0x3, 0xff, 0xff, 0xf0, 0x0, 0x0, 0x0,
    0x0, 0x0, 0x0, 0x0, 0x0, 0x3f, 0xff, 0xff,
    0x0, 0x0, 0x0, 0x0, 0x0, 0x0, 0x0, 0x0,
    0x3, 0xff, 0xff, 0xf0, 0x0, 0x0, 0x0, 0x0,
    0x0, 0x0, 0x0, 0x0, 0x3f, 0xff, 0xff, 0x0,
    0x0, 0x0, 0x0, 0x0, 0x0, 0x0, 0x0, 0x3,
    0xff, 0xff, 0xf0, 0x0, 0x0, 0x0, 0x0, 0x0,
    0x0, 0x0, 0x0, 0x3f, 0xff, 0xff, 0x0, 0x0,
    0x0, 0x0, 0x0, 0x0, 0x0, 0x0, 0x3, 0xff,
    0xff, 0xf0, 0x0, 0x0, 0x0, 0x0, 0x0, 0x0,
    0x0, 0x0, 0x3f, 0xff, 0xff, 0x0, 0x0, 0x0,
    0x0, 0x0, 0x0, 0x0, 0x0, 0x3, 0xff, 0xff,
    0xf0, 0x0, 0x0, 0x0, 0x0, 0x0, 0x0, 0x0,
    0x0, 0x3f, 0xff, 0xff, 0x0, 0x0, 0x0, 0x0,
    0x0, 0x0, 0x0, 0x0, 0x3, 0xff, 0xff, 0xf0,
    0x0, 0x0, 0x0, 0x0, 0x0, 0x0, 0x0, 0x0,
    0x3f, 0xff, 0xff, 0x0, 0x0, 0x0, 0x0, 0x0,
    0x0, 0x0, 0x0, 0x3, 0xff, 0xff, 0xf0, 0x0,
    0x0, 0x0, 0x0, 0x0, 0x0, 0x0, 0x0, 0x3f,
    0xff, 0xff, 0x0, 0x0, 0x0, 0x0, 0x0, 0x0,
    0x0, 0x0, 0x3, 0xff, 0xff, 0xf0, 0x0, 0x0,
    0x0, 0x0,

    /* U+0055 "U" */
    0x2f, 0xff, 0xff, 0x10, 0x0, 0x0, 0x0, 0x0,
    0x0, 0x2f, 0xff, 0xff, 0x12, 0xff, 0xff, 0xf1,
    0x0, 0x0, 0x0, 0x0, 0x0, 0x2, 0xff, 0xff,
    0xf1, 0x2f, 0xff, 0xff, 0x10, 0x0, 0x0, 0x0,
    0x0, 0x0, 0x2f, 0xff, 0xff, 0x12, 0xff, 0xff,
    0xf1, 0x0, 0x0, 0x0, 0x0, 0x0, 0x2, 0xff,
    0xff, 0xf1, 0x2f, 0xff, 0xff, 0x10, 0x0, 0x0,
    0x0, 0x0, 0x0, 0x2f, 0xff, 0xff, 0x12, 0xff,
    0xff, 0xf1, 0x0, 0x0, 0x0, 0x0, 0x0, 0x2,
    0xff, 0xff, 0xf1, 0x2f, 0xff, 0xff, 0x10, 0x0,
    0x0, 0x0, 0x0, 0x0, 0x2f, 0xff, 0xff, 0x12,
    0xff, 0xff, 0xf1, 0x0, 0x0, 0x0, 0x0, 0x0,
    0x2, 0xff, 0xff, 0xf1, 0x2f, 0xff, 0xff, 0x10,
    0x0, 0x0, 0x0, 0x0, 0x0, 0x2f, 0xff, 0xff,
    0x12, 0xff, 0xff, 0xf1, 0x0, 0x0, 0x0, 0x0,
    0x0, 0x2, 0xff, 0xff, 0xf1, 0x2f, 0xff, 0xff,
    0x10, 0x0, 0x0, 0x0, 0x0, 0x0, 0x2f, 0xff,
    0xff, 0x12, 0xff, 0xff, 0xf1, 0x0, 0x0, 0x0,
    0x0, 0x0, 0x2, 0xff, 0xff, 0xf1, 0x2f, 0xff,
    0xff, 0x10, 0x0, 0x0, 0x0, 0x0, 0x0, 0x2f,
    0xff, 0xff, 0x12, 0xff, 0xff, 0xf1, 0x0, 0x0,
    0x0, 0x0, 0x0, 0x2, 0xff, 0xff, 0xf1, 0x2f,
    0xff, 0xff, 0x10, 0x0, 0x0, 0x0, 0x0, 0x0,
    0x2f, 0xff, 0xff, 0x12, 0xff, 0xff, 0xf1, 0x0,
    0x0, 0x0, 0x0, 0x0, 0x2, 0xff, 0xff, 0xf1,
    0x2f, 0xff, 0xff, 0x10, 0x0, 0x0, 0x0, 0x0,
    0x0, 0x2f, 0xff, 0xff, 0x11, 0xff, 0xff, 0xf1,
    0x0, 0x0, 0x0, 0x0, 0x0, 0x2, 0xff, 0xff,
    0xf1, 0x1f, 0xff, 0xff, 0x20, 0x0, 0x0, 0x0,
    0x0, 0x0, 0x3f, 0xff, 0xff, 0x0, 0xff, 0xff,
    0xf6, 0x0, 0x0, 0x0, 0x0, 0x0, 0x7, 0xff,
    0xff, 0xe0, 0xc, 0xff, 0xff, 0xc0, 0x0, 0x0,
    0x0, 0x0, 0x0, 0xdf, 0xff, 0xfb, 0x0, 0x8f,
    0xff, 0xff, 0x60, 0x0, 0x0, 0x0, 0x0, 0x8f,
    0xff, 0xff, 0x70, 0x2, 0xff, 0xff, 0xff, 0x81,
    0x0, 0x0, 0x1, 0x9f, 0xff, 0xff, 0xf1, 0x0,
    0x9, 0xff, 0xff, 0xff, 0xfb, 0x98, 0x9b, 0xff,
    0xff, 0xff, 0xf8, 0x0, 0x0, 0xd, 0xff, 0xff,
    0xff, 0xff, 0xff, 0xff, 0xff, 0xff, 0xfc, 0x0,
    0x0, 0x0, 0x1c, 0xff, 0xff, 0xff, 0xff, 0xff,
    0xff, 0xff, 0xfb, 0x0, 0x0, 0x0, 0x0, 0x7,
    0xef, 0xff, 0xff, 0xff, 0xff, 0xff, 0xe6, 0x0,
    0x0, 0x0, 0x0, 0x0, 0x0, 0x49, 0xce, 0xff,
    0xfe, 0xc8, 0x40, 0x0, 0x0, 0x0,

    /* U+0056 "V" */
    0x6f, 0xff, 0xff, 0x30, 0x0, 0x0, 0x0, 0x0,
    0x0, 0x0, 0x2f, 0xff, 0xff, 0x41, 0xff, 0xff,
    0xf8, 0x0, 0x0, 0x0, 0x0, 0x0, 0x0, 0x7,
    0xff, 0xff, 0xe0, 0xb, 0xff, 0xff, 0xe0, 0x0,
    0x0, 0x0, 0x0, 0x0, 0x0, 0xcf, 0xff, 0xf8,
    0x0, 0x5f, 0xff, 0xff, 0x30, 0x0, 0x0, 0x0,
    0x0, 0x0, 0x2f, 0xff, 0xff, 0x20, 0x0, 0xff,
    0xff, 0xf9, 0x0, 0x0, 0x0, 0x0, 0x0, 0x7,
    0xff, 0xff, 0xd0, 0x0, 0xa, 0xff, 0xff, 0xe0,
    0x0, 0x0, 0x0, 0x0, 0x0, 0xcf, 0xff, 0xf7,
    0x0, 0x0, 0x4f, 0xff, 0xff, 0x30, 0x0, 0x0,
    0x0, 0x0, 0x2f, 0xff, 0xff, 0x10, 0x0, 0x0,
    0xef, 0xff, 0xf9, 0x0, 0x0, 0x0, 0x0, 0x7,
    0xff, 0xff, 0xc0, 0x0, 0x0, 0x8, 0xff, 0xff,
    0xe0, 0x0, 0x0, 0x0, 0x0, 0xdf, 0xff, 0xf6,
    0x0, 0x0, 0x0, 0x3f, 0xff, 0xff, 0x40, 0x0,
    0x0, 0x0, 0x2f, 0xff, 0xff, 0x10, 0x0, 0x0,
    0x0, 0xdf, 0xff, 0xf9, 0x0, 0x0, 0x0, 0x7,
    0xff, 0xff, 0xa0, 0x0, 0x0, 0x0, 0x7, 0xff,
    0xff, 0xe0, 0x0, 0x0, 0x0, 0xdf, 0xff, 0xf5,
    0x0, 0x0, 0x0, 0x0, 0x2f, 0xff, 0xff, 0x40,
    0x0, 0x0, 0x2f, 0xff, 0xff, 0x0, 0x0, 0x0,
    0x0, 0x0, 0xcf, 0xff, 0xf9, 0x0, 0x0, 0x7,
    0xff, 0xff, 0x90, 0x0, 0x0, 0x0, 0x0, 0x6,
    0xff, 0xff, 0xe0, 0x0, 0x0, 0xdf, 0xff, 0xf4,
    0x0, 0x0, 0x0, 0x0, 0x0, 0x1f, 0xff, 0xff,
    0x40, 0x0, 0x2f, 0xff, 0xfe, 0x0, 0x0, 0x0,
    0x0, 0x0, 0x0, 0xbf, 0xff, 0xfa, 0x0, 0x8,
    0xff, 0xff, 0x80, 0x0, 0x0, 0x0, 0x0, 0x0,
    0x5, 0xff, 0xff, 0xe0, 0x0, 0xdf, 0xff, 0xf2,
    0x0, 0x0, 0x0, 0x0, 0x0, 0x0, 0xf, 0xff,
    0xff, 0x40, 0x2f, 0xff, 0xfd, 0x0, 0x0, 0x0,
    0x0, 0x0, 0x0, 0x0, 0xaf, 0xff, 0xfa, 0x8,
    0xff, 0xff, 0x70, 0x0, 0x0, 0x0, 0x0, 0x0,
    0x0, 0x4, 0xff, 0xff, 0xf0, 0xdf, 0xff, 0xf1,
    0x0, 0x0, 0x0, 0x0, 0x0, 0x0, 0x0, 0xe,
    0xff, 0xff, 0x7f, 0xff, 0xfc, 0x0, 0x0, 0x0,
    0x0, 0x0, 0x0, 0x0, 0x0, 0x8f, 0xff, 0xff,
    0xff, 0xff, 0x60, 0x0, 0x0, 0x0, 0x0, 0x0,
    0x0, 0x0, 0x3, 0xff, 0xff, 0xff, 0xff, 0xf1,
    0x0, 0x0, 0x0, 0x0, 0x0, 0x0, 0x0, 0x0,
    0xd, 0xff, 0xff, 0xff, 0xfa, 0x0, 0x0, 0x0,
    0x0, 0x0, 0x0, 0x0, 0x0, 0x0, 0x7f, 0xff,
    0xff, 0xff, 0x50, 0x0, 0x0, 0x0, 0x0, 0x0,
    0x0, 0x0, 0x0, 0x2, 0xff, 0xff, 0xff, 0xf0,
    0x0, 0x0, 0x0, 0x0, 0x0, 0x0, 0x0, 0x0,
    0x0, 0xc, 0xff, 0xff, 0xf9, 0x0, 0x0, 0x0,
    0x0, 0x0,

    /* U+0057 "W" */
    0x7f, 0xff, 0xff, 0x0, 0x0, 0x0, 0x0, 0x2,
    0xff, 0xff, 0xff, 0xc0, 0x0, 0x0, 0x0, 0x0,
    0x4f, 0xff, 0xfa, 0x3f, 0xff, 0xff, 0x40, 0x0,
    0x0, 0x0, 0x6, 0xff, 0xff, 0xff, 0xf0, 0x0,
    0x0, 0x0, 0x0, 0x7f, 0xff, 0xf5, 0xe, 0xff,
    0xff, 0x80, 0x0, 0x0, 0x0, 0x9, 0xff, 0xff,
    0xff, 0xf3, 0x0, 0x0, 0x0, 0x0, 0xbf, 0xff,
    0xf1, 0xa, 0xff, 0xff, 0xc0, 0x0, 0x0, 0x0,
    0xd, 0xff, 0xff, 0xff, 0xf7, 0x0, 0x0, 0x0,
    0x0, 0xff, 0xff, 0xd0, 0x6, 0xff, 0xff, 0xf0,
    0x0, 0x0, 0x0, 0x1f, 0xff, 0xff, 0xff, 0xfa,
    0x0, 0x0, 0x0, 0x3, 0xff, 0xff, 0x80, 0x2,
    0xff, 0xff, 0xf4, 0x0, 0x0, 0x0, 0x4f, 0xff,
    0xfe, 0xff, 0xfe, 0x0, 0x0, 0x0, 0x7, 0xff,
    0xff, 0x40, 0x0, 0xdf, 0xff, 0xf8, 0x0, 0x0,
    0x0, 0x8f, 0xff, 0xea, 0xff, 0xff, 0x20, 0x0,
    0x0, 0xb, 0xff, 0xff, 0x0, 0x0, 0x9f, 0xff,
    0xfc, 0x0, 0x0, 0x0, 0xcf, 0xff, 0xc8, 0xff,
    0xff, 0x50, 0x0, 0x0, 0xf, 0xff, 0xfc, 0x0,
    0x0, 0x5f, 0xff, 0xff, 0x0, 0x0, 0x0, 0xff,
    0xff, 0xa5, 0xff, 0xff, 0x90, 0x0, 0x0, 0x3f,
    0xff, 0xf7, 0x0, 0x0, 0x1f, 0xff, 0xff, 0x40,
    0x0, 0x3, 0xff, 0xff, 0x72, 0xff, 0xff, 0xd0,
    0x0, 0x0, 0x7f, 0xff, 0xf3, 0x0, 0x0, 0xc,
    0xff, 0xff, 0x80, 0x0, 0x7, 0xff, 0xff, 0x30,
    0xef, 0xff, 0xf0, 0x0, 0x0, 0xbf, 0xff, 0xf0,
    0x0, 0x0, 0x8, 0xff, 0xff, 0xc0, 0x0, 0xa,
    0xff, 0xff, 0x0, 0xaf, 0xff, 0xf4, 0x0, 0x0,
    0xff, 0xff, 0xb0, 0x0, 0x0, 0x4, 0xff, 0xff,
    0xf0, 0x0, 0xe, 0xff, 0xfb, 0x0, 0x6f, 0xff,
    0xf8, 0x0, 0x3, 0xff, 0xff, 0x60, 0x0, 0x0,
    0x0, 0xff, 0xff, 0xf3, 0x0, 0x2f, 0xff, 0xf8,
    0x0, 0x3f, 0xff, 0xfb, 0x0, 0x7, 0xff, 0xff,
    0x20, 0x0, 0x0, 0x0, 0xbf, 0xff, 0xf7, 0x0,
    0x5f, 0xff, 0xf4, 0x0, 0xf, 0xff, 0xff, 0x0,
    0xb, 0xff, 0xfe, 0x0, 0x0, 0x0, 0x0, 0x7f,
    0xff, 0xfb, 0x0, 0x9f, 0xff, 0xf0, 0x0, 0xb,
    0xff, 0xff, 0x30, 0xe, 0xff, 0xf9, 0x0, 0x0,
    0x0, 0x0, 0x3f, 0xff, 0xff, 0x0, 0xdf, 0xff,
    0xc0, 0x0, 0x7, 0xff, 0xff, 0x60, 0x3f, 0xff,
    0xf5, 0x0, 0x0, 0x0, 0x0, 0xe, 0xff, 0xff,
    0x30, 0xff, 0xff, 0x80, 0x0, 0x3, 0xff, 0xff,
    0xa0, 0x7f, 0xff, 0xf1, 0x0, 0x0, 0x0, 0x0,
    0xa, 0xff, 0xff, 0x73, 0xff, 0xff, 0x50, 0x0,
    0x0, 0xff, 0xff, 0xd0, 0xaf, 0xff, 0xd0, 0x0,
    0x0, 0x0, 0x0, 0x6, 0xff, 0xff, 0xa6, 0xff,
    0xff, 0x10, 0x0, 0x0, 0xbf, 0xff, 0xf0, 0xef,
    0xff, 0x80, 0x0, 0x0, 0x0, 0x0, 0x2, 0xff,
    0xff, 0xc9, 0xff, 0xfd, 0x0, 0x0, 0x0, 0x8f,
    0xff, 0xf4, 0xff, 0xff, 0x40, 0x0, 0x0, 0x0,
    0x0, 0x0, 0xef, 0xff, 0xfb, 0xff, 0xf9, 0x0,
    0x0, 0x0, 0x4f, 0xff, 0xfa, 0xff, 0xff, 0x0,
    0x0, 0x0, 0x0, 0x0, 0x0, 0x9f, 0xff, 0xff,
    0xff, 0xf5, 0x0, 0x0, 0x0, 0xf, 0xff, 0xff,
    0xff, 0xfc, 0x0, 0x0, 0x0, 0x0, 0x0, 0x0,
    0x5f, 0xff, 0xff, 0xff, 0xf1, 0x0, 0x0, 0x0,
    0xc, 0xff, 0xff, 0xff, 0xf7, 0x0, 0x0, 0x0,
    0x0, 0x0, 0x0, 0x1f, 0xff, 0xff, 0xff, 0xe0,
    0x0, 0x0, 0x0, 0x8, 0xff, 0xff, 0xff, 0xf3,
    0x0, 0x0, 0x0, 0x0, 0x0, 0x0, 0xd, 0xff,
    0xff, 0xff, 0xa0, 0x0, 0x0, 0x0, 0x4, 0xff,
    0xff, 0xff, 0xe0, 0x0, 0x0, 0x0, 0x0, 0x0,
    0x0, 0x8, 0xff, 0xff, 0xff, 0x60, 0x0, 0x0,
    0x0, 0x0, 0xff, 0xff, 0xff, 0xa0, 0x0, 0x0,
    0x0, 0x0, 0x0, 0x0, 0x4, 0xff, 0xff, 0xff,
    0x20, 0x0, 0x0, 0x0, 0x0, 0xcf, 0xff, 0xff,
    0x60, 0x0, 0x0, 0x0,

    /* U+0058 "X" */
    0x4, 0xff, 0xff, 0xff, 0x10, 0x0, 0x0, 0x0,
    0x0, 0x4, 0xff, 0xff, 0xfb, 0x0, 0xa, 0xff,
    0xff, 0xfb, 0x0, 0x0, 0x0, 0x0, 0x0, 0xdf,
    0xff, 0xfe, 0x10, 0x0, 0x1e, 0xff, 0xff, 0xf5,
    0x0, 0x0, 0x0, 0x0, 0x8f, 0xff, 0xff, 0x50,
    0x0, 0x0, 0x4f, 0xff, 0xff, 0xe1, 0x0, 0x0,
    0x0, 0x3f, 0xff, 0xff, 0xa0, 0x0, 0x0, 0x0,
    0x9f, 0xff, 0xff, 0xa0, 0x0, 0x0, 0xd, 0xff,
    0xff, 0xe1, 0x0, 0x0, 0x0, 0x0, 0xef, 0xff,
    0xff, 0x40, 0x0, 0x8, 0xff, 0xff, 0xf5, 0x0,
    0x0, 0x0, 0x0, 0x4, 0xff, 0xff, 0xfe, 0x0,
    0x2, 0xff, 0xff, 0xfa, 0x0, 0x0, 0x0, 0x0,
    0x0, 0x9, 0xff, 0xff, 0xf9, 0x0, 0xcf, 0xff,
    0xfe, 0x10, 0x0, 0x0, 0x0, 0x0, 0x0, 0xe,
    0xff, 0xff, 0xf4, 0x7f, 0xff, 0xff, 0x40, 0x0,
    0x0, 0x0, 0x0, 0x0, 0x0, 0x4f, 0xff, 0xff,
    0xef, 0xff, 0xff, 0x90, 0x0, 0x0, 0x0, 0x0,
    0x0, 0x0, 0x0, 0x9f, 0xff, 0xff, 0xff, 0xff,
    0xe0, 0x0, 0x0, 0x0, 0x0, 0x0, 0x0, 0x0,
    0x0, 0xdf, 0xff, 0xff, 0xff, 0xf4, 0x0, 0x0,
    0x0, 0x0, 0x0, 0x0, 0x0, 0x0, 0x3, 0xff,
    0xff, 0xff, 0xf9, 0x0, 0x0, 0x0, 0x0, 0x0,
    0x0, 0x0, 0x0, 0x0, 0xd, 0xff, 0xff, 0xff,
    0x40, 0x0, 0x0, 0x0, 0x0, 0x0, 0x0, 0x0,
    0x0, 0x7, 0xff, 0xff, 0xff, 0xfd, 0x0, 0x0,
    0x0, 0x0, 0x0, 0x0, 0x0, 0x0, 0x2, 0xff,
    0xff, 0xff, 0xff, 0xf9, 0x0, 0x0, 0x0, 0x0,
    0x0, 0x0, 0x0, 0x0, 0xcf, 0xff, 0xff, 0xff,
    0xff, 0xf4, 0x0, 0x0, 0x0, 0x0, 0x0, 0x0,
    0x0, 0x8f, 0xff, 0xff, 0x6f, 0xff, 0xff, 0xe0,
    0x0, 0x0, 0x0, 0x0, 0x0, 0x0, 0x3f, 0xff,
    0xff, 0x80, 0x8f, 0xff, 0xff, 0x90, 0x0, 0x0,
    0x0, 0x0, 0x0, 0xd, 0xff, 0xff, 0xd0, 0x0,
    0xdf, 0xff, 0xff, 0x40, 0x0, 0x0, 0x0, 0x0,
    0x8, 0xff, 0xff, 0xf4, 0x0, 0x3, 0xff, 0xff,
    0xfe, 0x0, 0x0, 0x0, 0x0, 0x3, 0xff, 0xff,
    0xf9, 0x0, 0x0, 0x8, 0xff, 0xff, 0xf9, 0x0,
    0x0, 0x0, 0x0, 0xdf, 0xff, 0xfe, 0x10, 0x0,
    0x0, 0xd, 0xff, 0xff, 0xf4, 0x0, 0x0, 0x0,
    0x8f, 0xff, 0xff, 0x50, 0x0, 0x0, 0x0, 0x4f,
    0xff, 0xff, 0xe1, 0x0, 0x0, 0x3f, 0xff, 0xff,
    0xb0, 0x0, 0x0, 0x0, 0x0, 0x9f, 0xff, 0xff,
    0xa0, 0x0, 0xd, 0xff, 0xff, 0xf1, 0x0, 0x0,
    0x0, 0x0, 0x0, 0xef, 0xff, 0xff, 0x50, 0x8,
    0xff, 0xff, 0xf6, 0x0, 0x0, 0x0, 0x0, 0x0,
    0x4, 0xff, 0xff, 0xfe, 0x13, 0xff, 0xff, 0xfc,
    0x0, 0x0, 0x0, 0x0, 0x0, 0x0, 0xa, 0xff,
    0xff, 0xfa,

    /* U+0059 "Y" */
    0x4f, 0xff, 0xff, 0xb0, 0x0, 0x0, 0x0, 0x0,
    0x0, 0x0, 0x4f, 0xff, 0xff, 0x50, 0xaf, 0xff,
    0xff, 0x50, 0x0, 0x0, 0x0, 0x0, 0x0, 0xd,
    0xff, 0xff, 0xb0, 0x1, 0xef, 0xff, 0xfe, 0x0,
    0x0, 0x0, 0x0, 0x0, 0x8, 0xff, 0xff, 0xf2,
    0x0, 0x5, 0xff, 0xff, 0xf8, 0x0, 0x0, 0x0,
    0x0, 0x2, 0xff, 0xff, 0xf7, 0x0, 0x0, 0xb,
    0xff, 0xff, 0xf2, 0x0, 0x0, 0x0, 0x0, 0xbf,
    0xff, 0xfd, 0x0, 0x0, 0x0, 0x2f, 0xff, 0xff,
    0xc0, 0x0, 0x0, 0x0, 0x5f, 0xff, 0xff, 0x30,
    0x0, 0x0, 0x0, 0x7f, 0xff, 0xff, 0x60, 0x0,
    0x0, 0xe, 0xff, 0xff, 0x90, 0x0, 0x0, 0x0,
    0x0, 0xdf, 0xff, 0xfe, 0x10, 0x0, 0x8, 0xff,
    0xff, 0xe0, 0x0, 0x0, 0x0, 0x0, 0x3, 0xff,
    0xff, 0xf9, 0x0, 0x2, 0xff, 0xff, 0xf4, 0x0,
    0x0, 0x0, 0x0, 0x0, 0x9, 0xff, 0xff, 0xf3,
    0x0, 0xbf, 0xff, 0xfa, 0x0, 0x0, 0x0, 0x0,
    0x0, 0x0, 0xe, 0xff, 0xff, 0xc0, 0x5f, 0xff,
    0xfe, 0x10, 0x0, 0x0, 0x0, 0x0, 0x0, 0x0,
    0x4f, 0xff, 0xff, 0x7e, 0xff, 0xff, 0x60, 0x0,
    0x0, 0x0, 0x0, 0x0, 0x0, 0x0, 0xaf, 0xff,
    0xff, 0xff, 0xff, 0xc0, 0x0, 0x0, 0x0, 0x0,
    0x0, 0x0, 0x0, 0x1, 0xef, 0xff, 0xff, 0xff,
    0xf2, 0x0, 0x0, 0x0, 0x0, 0x0, 0x0, 0x0,
    0x0, 0x6, 0xff, 0xff, 0xff, 0xf7, 0x0, 0x0,
    0x0, 0x0, 0x0, 0x0, 0x0, 0x0, 0x0, 0xb,
    0xff, 0xff, 0xfd, 0x0, 0x0, 0x0, 0x0, 0x0,
    0x0, 0x0, 0x0, 0x0, 0x0, 0x2f, 0xff, 0xff,
    0x40, 0x0, 0x0, 0x0, 0x0, 0x0, 0x0, 0x0,
    0x0, 0x0, 0x0, 0xff, 0xff, 0xf2, 0x0, 0x0,
    0x0, 0x0, 0x0, 0x0, 0x0, 0x0, 0x0, 0x0,
    0xf, 0xff, 0xff, 0x20, 0x0, 0x0, 0x0, 0x0,
    0x0, 0x0, 0x0, 0x0, 0x0, 0x0, 0xff, 0xff,
    0xf2, 0x0, 0x0, 0x0, 0x0, 0x0, 0x0, 0x0,
    0x0, 0x0, 0x0, 0xf, 0xff, 0xff, 0x20, 0x0,
    0x0, 0x0, 0x0, 0x0, 0x0, 0x0, 0x0, 0x0,
    0x0, 0xff, 0xff, 0xf2, 0x0, 0x0, 0x0, 0x0,
    0x0, 0x0, 0x0, 0x0, 0x0, 0x0, 0xf, 0xff,
    0xff, 0x20, 0x0, 0x0, 0x0, 0x0, 0x0, 0x0,
    0x0, 0x0, 0x0, 0x0, 0xff, 0xff, 0xf2, 0x0,
    0x0, 0x0, 0x0, 0x0, 0x0, 0x0, 0x0, 0x0,
    0x0, 0xf, 0xff, 0xff, 0x20, 0x0, 0x0, 0x0,
    0x0, 0x0, 0x0, 0x0, 0x0, 0x0, 0x0, 0xff,
    0xff, 0xf2, 0x0, 0x0, 0x0, 0x0, 0x0, 0x0,
    0x0, 0x0, 0x0, 0x0, 0xf, 0xff, 0xff, 0x20,
    0x0, 0x0, 0x0, 0x0, 0x0, 0x0, 0x0, 0x0,
    0x0, 0x0, 0xff, 0xff, 0xf2, 0x0, 0x0, 0x0,
    0x0, 0x0,

    /* U+005A "Z" */
    0xc, 0xff, 0xff, 0xff, 0xff, 0xff, 0xff, 0xff,
    0xff, 0xff, 0xff, 0x80, 0xcf, 0xff, 0xff, 0xff,
    0xff, 0xff, 0xff, 0xff, 0xff, 0xff, 0xf8, 0xc,
    0xff, 0xff, 0xff, 0xff, 0xff, 0xff, 0xff, 0xff,
    0xff, 0xff, 0x70, 0xcf, 0xff, 0xff, 0xff, 0xff,
    0xff, 0xff, 0xff, 0xff, 0xff, 0xd0, 0x6, 0x88,
    0x88, 0x88, 0x88, 0x88, 0x88, 0xbf, 0xff, 0xff,
    0xf3, 0x0, 0x0, 0x0, 0x0, 0x0, 0x0, 0x0,
    0xd, 0xff, 0xff, 0xf7, 0x0, 0x0, 0x0, 0x0,
    0x0, 0x0, 0x0, 0x9, 0xff, 0xff, 0xfc, 0x0,
    0x0, 0x0, 0x0, 0x0, 0x0, 0x0, 0x4, 0xff,
    0xff, 0xff, 0x10, 0x0, 0x0, 0x0, 0x0, 0x0,
    0x0, 0x1, 0xef, 0xff, 0xff, 0x50, 0x0, 0x0,
    0x0, 0x0, 0x0, 0x0, 0x0, 0xaf, 0xff, 0xff,
    0xa0, 0x0, 0x0, 0x0, 0x0, 0x0, 0x0, 0x0,
    0x5f, 0xff, 0xff, 0xe1, 0x0, 0x0, 0x0, 0x0,
    0x0, 0x0, 0x0, 0x2f, 0xff, 0xff, 0xf4, 0x0,
    0x0, 0x0, 0x0, 0x0, 0x0, 0x0, 0xc, 0xff,
    0xff, 0xf8, 0x0, 0x0, 0x0, 0x0, 0x0, 0x0,
    0x0, 0x7, 0xff, 0xff, 0xfd, 0x0, 0x0, 0x0,
    0x0, 0x0, 0x0, 0x0, 0x3, 0xff, 0xff, 0xff,
    0x20, 0x0, 0x0, 0x0, 0x0, 0x0, 0x0, 0x0,
    0xdf, 0xff, 0xff, 0x70, 0x0, 0x0, 0x0, 0x0,
    0x0, 0x0, 0x0, 0x9f, 0xff, 0xff, 0xb0, 0x0,
    0x0, 0x0, 0x0, 0x0, 0x0, 0x0, 0x4f, 0xff,
    0xff, 0xe1, 0x0, 0x0, 0x0, 0x0, 0x0, 0x0,
    0x0, 0x1e, 0xff, 0xff, 0xf5, 0x0, 0x0, 0x0,
    0x0, 0x0, 0x0, 0x0, 0xa, 0xff, 0xff, 0xfa,
    0x0, 0x0, 0x0, 0x0, 0x0, 0x0, 0x0, 0x6,
    0xff, 0xff, 0xfe, 0x0, 0x0, 0x0, 0x0, 0x0,
    0x0, 0x0, 0x2, 0xff, 0xff, 0xff, 0x40, 0x0,
    0x0, 0x0, 0x0, 0x0, 0x0, 0x0, 0xcf, 0xff,
    0xff, 0x80, 0x0, 0x0, 0x0, 0x0, 0x0, 0x0,
    0x0, 0x7f, 0xff, 0xff, 0xf9, 0x88, 0x88, 0x88,
    0x88, 0x88, 0x88, 0x87, 0x3f, 0xff, 0xff, 0xff,
    0xff, 0xff, 0xff, 0xff, 0xff, 0xff, 0xff, 0xec,
    0xff, 0xff, 0xff, 0xff, 0xff, 0xff, 0xff, 0xff,
    0xff, 0xff, 0xfe, 0xdf, 0xff, 0xff, 0xff, 0xff,
    0xff, 0xff, 0xff, 0xff, 0xff, 0xff, 0xed, 0xff,
    0xff, 0xff, 0xff, 0xff, 0xff, 0xff, 0xff, 0xff,
    0xff, 0xfe,

    /* U+0061 "a" */
    0x0, 0x0, 0x4, 0x9c, 0xef, 0xfe, 0xc9, 0x30,
    0x0, 0x0, 0x0, 0x0, 0x3, 0xdf, 0xff, 0xff,
    0xff, 0xff, 0xfb, 0x10, 0x0, 0x0, 0x0, 0x5f,
    0xff, 0xff, 0xff, 0xff, 0xff, 0xff, 0xd1, 0x0,
    0x0, 0x1, 0xff, 0xff, 0xff, 0xff, 0xff, 0xff,
    0xff, 0xf9, 0x0, 0x0, 0x6, 0xff, 0xff, 0xe5,
    0x0, 0x1, 0x9f, 0xff, 0xff, 0x10, 0x0, 0x9,
    0xff, 0xff, 0x40, 0x0, 0x0, 0xc, 0xff, 0xff,
    0x30, 0x0, 0x5, 0xaa, 0xaa, 0x10, 0x0, 0x0,
    0x8, 0xff, 0xff, 0x50, 0x0, 0x0, 0x0, 0x0,
    0x0, 0x0, 0x0, 0x8, 0xff, 0xff, 0x50, 0x0,
    0x0, 0x0, 0x0, 0x0, 0x13, 0x56, 0x6b, 0xff,
    0xff, 0x50, 0x0, 0x0, 0x0, 0x17, 0xbf, 0xff,
    0xff, 0xff, 0xff, 0xff, 0x50, 0x0, 0x0, 0x9,
    0xff, 0xff, 0xff, 0xff, 0xff, 0xff, 0xff, 0x50,
    0x0, 0x1, 0xdf, 0xff, 0xff, 0xff, 0xff, 0xff,
    0xff, 0xff, 0x50, 0x0, 0xb, 0xff, 0xff, 0xfd,
    0x84, 0x21, 0x8, 0xff, 0xff, 0x50, 0x0, 0x2f,
    0xff, 0xff, 0x50, 0x0, 0x0, 0x8, 0xff, 0xff,
    0x50, 0x0, 0x7f, 0xff, 0xf8, 0x0, 0x0, 0x0,
    0xb, 0xff, 0xff, 0x50, 0x0, 0x9f, 0xff, 0xf6,
    0x0, 0x0, 0x0, 0x2f, 0xff, 0xff, 0x50, 0x0,
    0x9f, 0xff, 0xf9, 0x0, 0x0, 0x0, 0xcf, 0xff,
    0xff, 0x60, 0x0, 0x7f, 0xff, 0xff, 0x82, 0x12,
    0x6d, 0xff, 0xff, 0xff, 0xb2, 0x10, 0x3f, 0xff,
    0xff, 0xff, 0xff, 0xff, 0xff, 0xff, 0xff, 0xff,
    0xf0, 0xb, 0xff, 0xff, 0xff, 0xff, 0xff, 0xf5,
    0xdf, 0xff, 0xff, 0xf0, 0x1, 0xbf, 0xff, 0xff,
    0xff, 0xfe, 0x40, 0x5f, 0xff, 0xff, 0xf0, 0x0,
    0x4, 0xad, 0xff, 0xeb, 0x60, 0x0, 0x4, 0xcf,
    0xfd, 0x80,

    /* U+0062 "b" */
    0x6f, 0xff, 0xf7, 0x0, 0x0, 0x0, 0x0, 0x0,
    0x0, 0x0, 0x6, 0xff, 0xff, 0x70, 0x0, 0x0,
    0x0, 0x0, 0x0, 0x0, 0x0, 0x6f, 0xff, 0xf7,
    0x0, 0x0, 0x0, 0x0, 0x0, 0x0, 0x0, 0x6,
    0xff, 0xff, 0x70, 0x0, 0x0, 0x0, 0x0, 0x0,
    0x0, 0x0, 0x6f, 0xff, 0xf7, 0x0, 0x0, 0x0,
    0x0, 0x0, 0x0, 0x0, 0x6, 0xff, 0xff, 0x70,
    0x0, 0x0, 0x0, 0x0, 0x0, 0x0, 0x0, 0x6f,
    0xff, 0xf7, 0x0, 0x0, 0x0, 0x0, 0x0, 0x0,
    0x0, 0x6, 0xff, 0xff, 0x70, 0x0, 0x0, 0x0,
    0x0, 0x0, 0x0, 0x0, 0x6f, 0xff, 0xf7, 0x0,
    0x5a, 0xef, 0xfd, 0x93, 0x0, 0x0, 0x6, 0xff,
    0xff, 0x71, 0xcf, 0xff, 0xff, 0xff, 0xf9, 0x0,
    0x0, 0x6f, 0xff, 0xf8, 0xdf, 0xff, 0xff, 0xff,
    0xff, 0xfb, 0x0, 0x6, 0xff, 0xff, 0xff, 0xff,
    0xff, 0xff, 0xff, 0xff, 0xf6, 0x0, 0x6f, 0xff,
    0xff, 0xff, 0x95, 0x56, 0xbf, 0xff, 0xff, 0xe0,
    0x6, 0xff, 0xff, 0xfe, 0x20, 0x0, 0x0, 0x6f,
    0xff, 0xff, 0x50, 0x6f, 0xff, 0xff, 0x50, 0x0,
    0x0, 0x0, 0xbf, 0xff, 0xfa, 0x6, 0xff, 0xff,
    0xe0, 0x0, 0x0, 0x0, 0x4, 0xff, 0xff, 0xd0,
    0x6f, 0xff, 0xfb, 0x0, 0x0, 0x0, 0x0, 0x1f,
    0xff, 0xff, 0x6, 0xff, 0xff, 0x80, 0x0, 0x0,
    0x0, 0x0, 0xff, 0xff, 0xf1, 0x6f, 0xff, 0xf7,
    0x0, 0x0, 0x0, 0x0, 0xf, 0xff, 0xff, 0x16,
    0xff, 0xff, 0x70, 0x0, 0x0, 0x0, 0x0, 0xef,
    0xff, 0xf1, 0x6f, 0xff, 0xf8, 0x0, 0x0, 0x0,
    0x0, 0xf, 0xff, 0xff, 0x16, 0xff, 0xff, 0xa0,
    0x0, 0x0, 0x0, 0x1, 0xff, 0xff, 0xf0, 0x6f,
    0xff, 0xfe, 0x0, 0x0, 0x0, 0x0, 0x4f, 0xff,
    0xfd, 0x6, 0xff, 0xff, 0xf5, 0x0, 0x0, 0x0,
    0xa, 0xff, 0xff, 0xa0, 0x6f, 0xff, 0xff, 0xe2,
    0x0, 0x0, 0x5, 0xff, 0xff, 0xf5, 0x6, 0xff,
    0xff, 0xff, 0xf9, 0x55, 0x6b, 0xff, 0xff, 0xfe,
    0x0, 0x6f, 0xff, 0xfe, 0xff, 0xff, 0xff, 0xff,
    0xff, 0xff, 0x70, 0x6, 0xff, 0xff, 0x2e, 0xff,
    0xff, 0xff, 0xff, 0xff, 0xb0, 0x0, 0x6f, 0xff,
    0xd0, 0x2d, 0xff, 0xff, 0xff, 0xff, 0xa0, 0x0,
    0x6, 0xff, 0xfb, 0x0, 0x5, 0xbd, 0xff, 0xd9,
    0x30, 0x0, 0x0,

    /* U+0063 "c" */
    0x0, 0x0, 0x1, 0x7b, 0xdf, 0xfe, 0xd9, 0x40,
    0x0, 0x0, 0x0, 0x0, 0x8f, 0xff, 0xff, 0xff,
    0xff, 0xfd, 0x30, 0x0, 0x0, 0xb, 0xff, 0xff,
    0xff, 0xff, 0xff, 0xff, 0xf4, 0x0, 0x0, 0x9f,
    0xff, 0xff, 0xff, 0xff, 0xff, 0xff, 0xff, 0x10,
    0x3, 0xff, 0xff, 0xfd, 0x62, 0x13, 0x8f, 0xff,
    0xff, 0x90, 0x9, 0xff, 0xff, 0xd1, 0x0, 0x0,
    0x6, 0xff, 0xff, 0xe0, 0xe, 0xff, 0xff, 0x50,
    0x0, 0x0, 0x0, 0xef, 0xff, 0xf2, 0x2f, 0xff,
    0xff, 0x0, 0x0, 0x0, 0x0, 0xbf, 0xff, 0xf3,
    0x4f, 0xff, 0xfb, 0x0, 0x0, 0x0, 0x0, 0x46,
    0x66, 0x61, 0x6f, 0xff, 0xfa, 0x0, 0x0, 0x0,
    0x0, 0x0, 0x0, 0x0, 0x6f, 0xff, 0xf9, 0x0,
    0x0, 0x0, 0x0, 0x0, 0x0, 0x0, 0x6f, 0xff,
    0xf9, 0x0, 0x0, 0x0, 0x0, 0x0, 0x0, 0x0,
    0x6f, 0xff, 0xfa, 0x0, 0x0, 0x0, 0x0, 0x0,
    0x0, 0x0, 0x4f, 0xff, 0xfb, 0x0, 0x0, 0x0,
    0x0, 0x26, 0x66, 0x61, 0x2f, 0xff, 0xff, 0x0,
    0x0, 0x0, 0x0, 0x7f, 0xff, 0xf3, 0xe, 0xff,
    0xff, 0x50, 0x0, 0x0, 0x0, 0xbf, 0xff, 0xf2,
    0x9, 0xff, 0xff, 0xd1, 0x0, 0x0, 0x4, 0xff,
    0xff, 0xe0, 0x3, 0xff, 0xff, 0xfd, 0x62, 0x12,
    0x7f, 0xff, 0xff, 0x80, 0x0, 0x9f, 0xff, 0xff,
    0xff, 0xff, 0xff, 0xff, 0xfe, 0x10, 0x0, 0xc,
    0xff, 0xff, 0xff, 0xff, 0xff, 0xff, 0xf3, 0x0,
    0x0, 0x0, 0x9f, 0xff, 0xff, 0xff, 0xff, 0xfc,
    0x20, 0x0, 0x0, 0x0, 0x1, 0x7b, 0xef, 0xfe,
    0xd9, 0x40, 0x0, 0x0,

    /* U+0064 "d" */
    0x0, 0x0, 0x0, 0x0, 0x0, 0x0, 0x0, 0xc,
    0xff, 0xff, 0x10, 0x0, 0x0, 0x0, 0x0, 0x0,
    0x0, 0x0, 0xcf, 0xff, 0xf1, 0x0, 0x0, 0x0,
    0x0, 0x0, 0x0, 0x0, 0xc, 0xff, 0xff, 0x10,
    0x0, 0x0, 0x0, 0x0, 0x0, 0x0, 0x0, 0xcf,
    0xff, 0xf1, 0x0, 0x0, 0x0, 0x0, 0x0, 0x0,
    0x0, 0xc, 0xff, 0xff, 0x10, 0x0, 0x0, 0x0,
    0x0, 0x0, 0x0, 0x0, 0xcf, 0xff, 0xf1, 0x0,
    0x0, 0x0, 0x0, 0x0, 0x0, 0x0, 0xc, 0xff,
    0xff, 0x10, 0x0, 0x0, 0x0, 0x0, 0x0, 0x0,
    0x0, 0xcf, 0xff, 0xf1, 0x0, 0x0, 0x5, 0xbe,
    0xff, 0xd9, 0x30, 0xc, 0xff, 0xff, 0x10, 0x0,
    0x2c, 0xff, 0xff, 0xff, 0xff, 0x80, 0xcf, 0xff,
    0xf1, 0x0, 0x1e, 0xff, 0xff, 0xff, 0xff, 0xff,
    0x9c, 0xff, 0xff, 0x10, 0xb, 0xff, 0xff, 0xff,
    0xff, 0xff, 0xff, 0xff, 0xff, 0xf1, 0x4, 0xff,
    0xff, 0xff, 0x96, 0x56, 0xbf, 0xff, 0xff, 0xff,
    0x10, 0xaf, 0xff, 0xfe, 0x20, 0x0, 0x0, 0x6f,
    0xff, 0xff, 0xf1, 0xf, 0xff, 0xff, 0x50, 0x0,
    0x0, 0x0, 0xaf, 0xff, 0xff, 0x12, 0xff, 0xff,
    0xf0, 0x0, 0x0, 0x0, 0x4, 0xff, 0xff, 0xf1,
    0x4f, 0xff, 0xfc, 0x0, 0x0, 0x0, 0x0, 0xf,
    0xff, 0xff, 0x16, 0xff, 0xff, 0xa0, 0x0, 0x0,
    0x0, 0x0, 0xdf, 0xff, 0xf1, 0x6f, 0xff, 0xf9,
    0x0, 0x0, 0x0, 0x0, 0xc, 0xff, 0xff, 0x16,
    0xff, 0xff, 0x90, 0x0, 0x0, 0x0, 0x0, 0xdf,
    0xff, 0xf1, 0x6f, 0xff, 0xfa, 0x0, 0x0, 0x0,
    0x0, 0xe, 0xff, 0xff, 0x14, 0xff, 0xff, 0xc0,
    0x0, 0x0, 0x0, 0x0, 0xff, 0xff, 0xf1, 0x2f,
    0xff, 0xff, 0x0, 0x0, 0x0, 0x0, 0x3f, 0xff,
    0xff, 0x10, 0xff, 0xff, 0xf5, 0x0, 0x0, 0x0,
    0xa, 0xff, 0xff, 0xf1, 0xa, 0xff, 0xff, 0xe2,
    0x0, 0x0, 0x6, 0xff, 0xff, 0xff, 0x10, 0x4f,
    0xff, 0xff, 0xf9, 0x64, 0x6b, 0xff, 0xff, 0xff,
    0xf1, 0x0, 0xcf, 0xff, 0xff, 0xff, 0xff, 0xff,
    0xfe, 0xff, 0xff, 0x10, 0x2, 0xef, 0xff, 0xff,
    0xff, 0xff, 0xfb, 0x4f, 0xff, 0xf1, 0x0, 0x2,
    0xdf, 0xff, 0xff, 0xff, 0xfa, 0x2, 0xff, 0xff,
    0x10, 0x0, 0x0, 0x5a, 0xef, 0xfd, 0x93, 0x0,
    0xf, 0xff, 0xf1,

    /* U+0065 "e" */
    0x0, 0x0, 0x1, 0x6a, 0xdf, 0xff, 0xda, 0x60,
    0x0, 0x0, 0x0, 0x0, 0x7f, 0xff, 0xff, 0xff,
    0xff, 0xfe, 0x50, 0x0, 0x0, 0xb, 0xff, 0xff,
    0xff, 0xff, 0xff, 0xff, 0xf7, 0x0, 0x0, 0x9f,
    0xff, 0xff, 0xff, 0xff, 0xff, 0xff, 0xff, 0x30,
    0x2, 0xff, 0xff, 0xfc, 0x41, 0x1, 0x4d, 0xff,
    0xff, 0xc0, 0x9, 0xff, 0xff, 0xb0, 0x0, 0x0,
    0x1, 0xef, 0xff, 0xf2, 0xe, 0xff, 0xff, 0x20,
    0x0, 0x0, 0x0, 0x7f, 0xff, 0xf7, 0x2f, 0xff,
    0xfd, 0x0, 0x0, 0x0, 0x0, 0x4f, 0xff, 0xfa,
    0x4f, 0xff, 0xfd, 0x88, 0x88, 0x88, 0x88, 0x9f,
    0xff, 0xfc, 0x6f, 0xff, 0xff, 0xff, 0xff, 0xff,
    0xff, 0xff, 0xff, 0xfd, 0x6f, 0xff, 0xff, 0xff,
    0xff, 0xff, 0xff, 0xff, 0xff, 0xfd, 0x6f, 0xff,
    0xff, 0xff, 0xff, 0xff, 0xff, 0xff, 0xff, 0xfe,
    0x6f, 0xff, 0xf9, 0x0, 0x0, 0x0, 0x0, 0x0,
    0x0, 0x0, 0x4f, 0xff, 0xfb, 0x0, 0x0, 0x0,
    0x0, 0x0, 0x0, 0x0, 0x2f, 0xff, 0xfe, 0x0,
    0x0, 0x0, 0x0, 0xf, 0xff, 0xfd, 0xe, 0xff,
    0xff, 0x30, 0x0, 0x0, 0x0, 0x2f, 0xff, 0xfb,
    0x9, 0xff, 0xff, 0xc0, 0x0, 0x0, 0x0, 0xbf,
    0xff, 0xf8, 0x2, 0xff, 0xff, 0xfc, 0x40, 0x0,
    0x3b, 0xff, 0xff, 0xf2, 0x0, 0x9f, 0xff, 0xff,
    0xff, 0xff, 0xff, 0xff, 0xff, 0x90, 0x0, 0xb,
    0xff, 0xff, 0xff, 0xff, 0xff, 0xff, 0xfb, 0x0,
    0x0, 0x0, 0x7f, 0xff, 0xff, 0xff, 0xff, 0xff,
    0x80, 0x0, 0x0, 0x0, 0x1, 0x6a, 0xdf, 0xff,
    0xda, 0x61, 0x0, 0x0,

    /* U+0066 "f" */
    0x0, 0x0, 0x1, 0x9d, 0xff, 0xda, 0x10, 0x0,
    0x2, 0xef, 0xff, 0xff, 0xf4, 0x0, 0x0, 0xcf,
    0xff, 0xff, 0xff, 0x40, 0x0, 0x2f, 0xff, 0xff,
    0xff, 0xf4, 0x0, 0x5, 0xff, 0xff, 0xe3, 0x11,
    0x0, 0x0, 0x6f, 0xff, 0xf8, 0x0, 0x0, 0x0,
    0x6, 0xff, 0xff, 0x70, 0x0, 0x0, 0x0, 0x6f,
    0xff, 0xf7, 0x0, 0x0, 0x7f, 0xff, 0xff, 0xff,
    0xff, 0xff, 0x47, 0xff, 0xff, 0xff, 0xff, 0xff,
    0xf4, 0x7f, 0xff, 0xff, 0xff, 0xff, 0xff, 0x47,
    0xff, 0xff, 0xff, 0xff, 0xff, 0xf4, 0x1, 0x17,
    0xff, 0xff, 0x81, 0x11, 0x0, 0x0, 0x6f, 0xff,
    0xf7, 0x0, 0x0, 0x0, 0x6, 0xff, 0xff, 0x70,
    0x0, 0x0, 0x0, 0x6f, 0xff, 0xf7, 0x0, 0x0,
    0x0, 0x6, 0xff, 0xff, 0x70, 0x0, 0x0, 0x0,
    0x6f, 0xff, 0xf7, 0x0, 0x0, 0x0, 0x6, 0xff,
    0xff, 0x70, 0x0, 0x0, 0x0, 0x6f, 0xff, 0xf7,
    0x0, 0x0, 0x0, 0x6, 0xff, 0xff, 0x70, 0x0,
    0x0, 0x0, 0x6f, 0xff, 0xf7, 0x0, 0x0, 0x0,
    0x6, 0xff, 0xff, 0x70, 0x0, 0x0, 0x0, 0x6f,
    0xff, 0xf7, 0x0, 0x0, 0x0, 0x6, 0xff, 0xff,
    0x70, 0x0, 0x0, 0x0, 0x6f, 0xff, 0xf7, 0x0,
    0x0, 0x0, 0x6, 0xff, 0xff, 0x70, 0x0, 0x0,
    0x0, 0x6f, 0xff, 0xf7, 0x0, 0x0, 0x0, 0x6,
    0xff, 0xff, 0x70, 0x0, 0x0, 0x0, 0x6f, 0xff,
    0xf7, 0x0, 0x0,

    /* U+0067 "g" */
    0x0, 0x0, 0x0, 0x0, 0x0, 0x0, 0x0, 0x0,
    0x0, 0x68, 0x88, 0x80, 0x0, 0x0, 0x0, 0x0,
    0x0, 0x0, 0x0, 0x0, 0x0, 0xef, 0xff, 0xf0,
    0x0, 0x0, 0x0, 0x0, 0x0, 0x0, 0x0, 0x0,
    0x5, 0xff, 0xff, 0xb0, 0x0, 0x0, 0x0, 0x0,
    0x0, 0x0, 0x0, 0x0, 0x1e, 0xff, 0xff, 0x50,
    0x0, 0x0, 0x0, 0x16, 0xad, 0xef, 0xed, 0xa7,
    0xdf, 0xff, 0xfa, 0x0, 0x0, 0x0, 0x7, 0xff,
    0xff, 0xff, 0xff, 0xff, 0xff, 0xff, 0x80, 0x0,
    0x0, 0x0, 0xaf, 0xff, 0xff, 0xff, 0xff, 0xff,
    0xff, 0xe1, 0x0, 0x0, 0x0, 0x8, 0xff, 0xff,
    0xfd, 0x98, 0x9c, 0xff, 0xff, 0xfa, 0x0, 0x0,
    0x0, 0x1f, 0xff, 0xff, 0x60, 0x0, 0x0, 0x3e,
    0xff, 0xff, 0x30, 0x0, 0x0, 0x5f, 0xff, 0xfb,
    0x0, 0x0, 0x0, 0x6, 0xff, 0xff, 0x80, 0x0,
    0x0, 0x7f, 0xff, 0xf7, 0x0, 0x0, 0x0, 0x2,
    0xff, 0xff, 0xa0, 0x0, 0x0, 0x6f, 0xff, 0xf7,
    0x0, 0x0, 0x0, 0x2, 0xff, 0xff, 0xb0, 0x0,
    0x0, 0x4f, 0xff, 0xfb, 0x0, 0x0, 0x0, 0x7,
    0xff, 0xff, 0x90, 0x0, 0x0, 0xe, 0xff, 0xff,
    0x70, 0x0, 0x0, 0x3f, 0xff, 0xff, 0x40, 0x0,
    0x0, 0x7, 0xff, 0xff, 0xfd, 0x98, 0x9c, 0xff,
    0xff, 0xfd, 0x0, 0x0, 0x0, 0x0, 0x9f, 0xff,
    0xff, 0xff, 0xff, 0xff, 0xff, 0xe1, 0x0, 0x0,
    0x0, 0x0, 0x2d, 0xff, 0xff, 0xff, 0xff, 0xff,
    0xfb, 0x10, 0x0, 0x0, 0x0, 0x8, 0xff, 0xff,
    0xff, 0xff, 0xfd, 0xc8, 0x30, 0x0, 0x0, 0x0,
    0x0, 0x8f, 0xff, 0xf6, 0x0, 0x0, 0x0, 0x0,
    0x0, 0x0, 0x0, 0x0, 0x0, 0xff, 0xff, 0xe0,
    0x0, 0x0, 0x0, 0x0, 0x0, 0x0, 0x0, 0x0,
    0x1, 0xff, 0xff, 0xf0, 0x0, 0x0, 0x0, 0x0,
    0x0, 0x0, 0x0, 0x0, 0x0, 0xff, 0xff, 0xfa,
    0x44, 0x44, 0x44, 0x44, 0x43, 0x20, 0x0, 0x0,
    0x0, 0xbf, 0xff, 0xff, 0xff, 0xff, 0xff, 0xff,
    0xff, 0xff, 0x80, 0x0, 0x0, 0x2e, 0xff, 0xff,
    0xff, 0xff, 0xff, 0xff, 0xff, 0xff, 0xfb, 0x0,
    0x0, 0x7, 0xff, 0xff, 0xff, 0xff, 0xff, 0xff,
    0xff, 0xff, 0xff, 0x70, 0x1, 0xcf, 0xff, 0xff,
    0xff, 0xff, 0xff, 0xff, 0xff, 0xff, 0xff, 0xd0,
    0xc, 0xff, 0xff, 0x50, 0x0, 0x0, 0x0, 0x0,
    0x18, 0xff, 0xff, 0xf0, 0x3f, 0xff, 0xfa, 0x0,
    0x0, 0x0, 0x0, 0x0, 0x0, 0xef, 0xff, 0xf0,
    0x4f, 0xff, 0xfd, 0x0, 0x0, 0x0, 0x0, 0x0,
    0x3, 0xff, 0xff, 0xd0, 0x2f, 0xff, 0xff, 0xea,
    0x99, 0x99, 0x99, 0x99, 0xbf, 0xff, 0xff, 0x60,
    0xc, 0xff, 0xff, 0xff, 0xff, 0xff, 0xff, 0xff,
    0xff, 0xff, 0xfb, 0x0, 0x2, 0xdf, 0xff, 0xff,
    0xff, 0xff, 0xff, 0xff, 0xff, 0xff, 0x90, 0x0,
    0x0, 0x7, 0xcf, 0xff, 0xff, 0xff, 0xff, 0xff,
    0xec, 0x82, 0x0, 0x0,

    /* U+0068 "h" */
    0x6f, 0xff, 0xf7, 0x0, 0x0, 0x0, 0x0, 0x0,
    0x0, 0x6, 0xff, 0xff, 0x70, 0x0, 0x0, 0x0,
    0x0, 0x0, 0x0, 0x6f, 0xff, 0xf7, 0x0, 0x0,
    0x0, 0x0, 0x0, 0x0, 0x6, 0xff, 0xff, 0x70,
    0x0, 0x0, 0x0, 0x0, 0x0, 0x0, 0x6f, 0xff,
    0xf7, 0x0, 0x0, 0x0, 0x0, 0x0, 0x0, 0x6,
    0xff, 0xff, 0x70, 0x0, 0x0, 0x0, 0x0, 0x0,
    0x0, 0x6f, 0xff, 0xf7, 0x0, 0x0, 0x0, 0x0,
    0x0, 0x0, 0x6, 0xff, 0xff, 0x70, 0x0, 0x0,
    0x0, 0x0, 0x0, 0x0, 0x6f, 0xff, 0xf7, 0x0,
    0x39, 0xdf, 0xfd, 0xa4, 0x0, 0x6, 0xff, 0xff,
    0x70, 0xaf, 0xff, 0xff, 0xff, 0xfa, 0x0, 0x6f,
    0xff, 0xf8, 0xbf, 0xff, 0xff, 0xff, 0xff, 0xf9,
    0x6, 0xff, 0xff, 0xff, 0xff, 0xff, 0xff, 0xff,
    0xff, 0xf3, 0x6f, 0xff, 0xff, 0xff, 0xb7, 0x68,
    0xef, 0xff, 0xff, 0x86, 0xff, 0xff, 0xff, 0x40,
    0x0, 0x0, 0xcf, 0xff, 0xfc, 0x6f, 0xff, 0xff,
    0x50, 0x0, 0x0, 0x4, 0xff, 0xff, 0xe6, 0xff,
    0xff, 0xd0, 0x0, 0x0, 0x0, 0x1f, 0xff, 0xfe,
    0x6f, 0xff, 0xf9, 0x0, 0x0, 0x0, 0x0, 0xff,
    0xff, 0xe6, 0xff, 0xff, 0x70, 0x0, 0x0, 0x0,
    0xf, 0xff, 0xfe, 0x6f, 0xff, 0xf7, 0x0, 0x0,
    0x0, 0x0, 0xff, 0xff, 0xe6, 0xff, 0xff, 0x70,
    0x0, 0x0, 0x0, 0xf, 0xff, 0xfe, 0x6f, 0xff,
    0xf7, 0x0, 0x0, 0x0, 0x0, 0xff, 0xff, 0xe6,
    0xff, 0xff, 0x70, 0x0, 0x0, 0x0, 0xf, 0xff,
    0xfe, 0x6f, 0xff, 0xf7, 0x0, 0x0, 0x0, 0x0,
    0xff, 0xff, 0xe6, 0xff, 0xff, 0x70, 0x0, 0x0,
    0x0, 0xf, 0xff, 0xfe, 0x6f, 0xff, 0xf7, 0x0,
    0x0, 0x0, 0x0, 0xff, 0xff, 0xe6, 0xff, 0xff,
    0x70, 0x0, 0x0, 0x0, 0xf, 0xff, 0xfe, 0x6f,
    0xff, 0xf7, 0x0, 0x0, 0x0, 0x0, 0xff, 0xff,
    0xe6, 0xff, 0xff, 0x70, 0x0, 0x0, 0x0, 0xf,
    0xff, 0xfe, 0x6f, 0xff, 0xf7, 0x0, 0x0, 0x0,
    0x0, 0xff, 0xff, 0xe6, 0xff, 0xff, 0x70, 0x0,
    0x0, 0x0, 0xf, 0xff, 0xfe,

    /* U+0069 "i" */
    0x6f, 0xff, 0xf7, 0x6f, 0xff, 0xf7, 0x6f, 0xff,
    0xf7, 0x6f, 0xff, 0xf7, 0x4c, 0xcc, 0xc5, 0x0,
    0x0, 0x0, 0x0, 0x0, 0x0, 0x0, 0x0, 0x0,
    0x6f, 0xff, 0xf7, 0x6f, 0xff, 0xf7, 0x6f, 0xff,
    0xf7, 0x6f, 0xff, 0xf7, 0x6f, 0xff, 0xf7, 0x6f,
    0xff, 0xf7, 0x6f, 0xff, 0xf7, 0x6f, 0xff, 0xf7,
    0x6f, 0xff, 0xf7, 0x6f, 0xff, 0xf7, 0x6f, 0xff,
    0xf7, 0x6f, 0xff, 0xf7, 0x6f, 0xff, 0xf7, 0x6f,
    0xff, 0xf7, 0x6f, 0xff, 0xf7, 0x6f, 0xff, 0xf7,
    0x6f, 0xff, 0xf7, 0x6f, 0xff, 0xf7, 0x6f, 0xff,
    0xf7, 0x6f, 0xff, 0xf7, 0x6f, 0xff, 0xf7, 0x6f,
    0xff, 0xf7,

    /* U+006A "j" */
    0x0, 0x0, 0x6f, 0xff, 0xf7, 0x0, 0x0, 0x6f,
    0xff, 0xf7, 0x0, 0x0, 0x6f, 0xff, 0xf7, 0x0,
    0x0, 0x6f, 0xff, 0xf7, 0x0, 0x0, 0x4c, 0xcc,
    0xc5, 0x0, 0x0, 0x0, 0x0, 0x0, 0x0, 0x0,
    0x0, 0x0, 0x0, 0x0, 0x0, 0x0, 0x0, 0x0,
    0x0, 0x0, 0x6f, 0xff, 0xf7, 0x0, 0x0, 0x6f,
    0xff, 0xf7, 0x0, 0x0, 0x6f, 0xff, 0xf7, 0x0,
    0x0, 0x6f, 0xff, 0xf7, 0x0, 0x0, 0x6f, 0xff,
    0xf7, 0x0, 0x0, 0x6f, 0xff, 0xf7, 0x0, 0x0,
    0x6f, 0xff, 0xf7, 0x0, 0x0, 0x6f, 0xff, 0xf7,
    0x0, 0x0, 0x6f, 0xff, 0xf7, 0x0, 0x0, 0x6f,
    0xff, 0xf7, 0x0, 0x0, 0x6f, 0xff, 0xf7, 0x0,
    0x0, 0x6f, 0xff, 0xf7, 0x0, 0x0, 0x6f, 0xff,
    0xf7, 0x0, 0x0, 0x6f, 0xff, 0xf7, 0x0, 0x0,
    0x6f, 0xff, 0xf7, 0x0, 0x0, 0x6f, 0xff, 0xf7,
    0x0, 0x0, 0x6f, 0xff, 0xf7, 0x0, 0x0, 0x6f,
    0xff, 0xf7, 0x0, 0x0, 0x6f, 0xff, 0xf7, 0x0,
    0x0, 0x6f, 0xff, 0xf7, 0x0, 0x0, 0x6f, 0xff,
    0xf7, 0x0, 0x0, 0x6f, 0xff, 0xf7, 0x0, 0x0,
    0x6f, 0xff, 0xf7, 0x0, 0x0, 0x7f, 0xff, 0xf7,
    0x0, 0x3, 0xdf, 0xff, 0xf6, 0x2f, 0xff, 0xff,
    0xff, 0xf2, 0x2f, 0xff, 0xff, 0xff, 0xc0, 0x2f,
    0xff, 0xff, 0xfe, 0x30, 0x19, 0xdf, 0xfd, 0x92,
    0x0,

    /* U+006B "k" */
    0x6f, 0xff, 0xf7, 0x0, 0x0, 0x0, 0x0, 0x0,
    0x0, 0x0, 0x6f, 0xff, 0xf7, 0x0, 0x0, 0x0,
    0x0, 0x0, 0x0, 0x0, 0x6f, 0xff, 0xf7, 0x0,
    0x0, 0x0, 0x0, 0x0, 0x0, 0x0, 0x6f, 0xff,
    0xf7, 0x0, 0x0, 0x0, 0x0, 0x0, 0x0, 0x0,
    0x6f, 0xff, 0xf7, 0x0, 0x0, 0x0, 0x0, 0x0,
    0x0, 0x0, 0x6f, 0xff, 0xf7, 0x0, 0x0, 0x0,
    0x0, 0x0, 0x0, 0x0, 0x6f, 0xff, 0xf7, 0x0,
    0x0, 0x0, 0x0, 0x0, 0x0, 0x0, 0x6f, 0xff,
    0xf7, 0x0, 0x0, 0x0, 0x0, 0x0, 0x0, 0x0,
    0x6f, 0xff, 0xf7, 0x0, 0x0, 0x0, 0x5f, 0xff,
    0xff, 0x50, 0x6f, 0xff, 0xf7, 0x0, 0x0, 0x3,
    0xff, 0xff, 0xf8, 0x0, 0x6f, 0xff, 0xf7, 0x0,
    0x0, 0x1e, 0xff, 0xff, 0xb0, 0x0, 0x6f, 0xff,
    0xf7, 0x0, 0x0, 0xcf, 0xff, 0xfd, 0x0, 0x0,
    0x6f, 0xff, 0xf7, 0x0, 0x9, 0xff, 0xff, 0xe2,
    0x0, 0x0, 0x6f, 0xff, 0xf7, 0x0, 0x6f, 0xff,
    0xff, 0x30, 0x0, 0x0, 0x6f, 0xff, 0xf7, 0x3,
    0xff, 0xff, 0xf6, 0x0, 0x0, 0x0, 0x6f, 0xff,
    0xf7, 0x1e, 0xff, 0xff, 0x90, 0x0, 0x0, 0x0,
    0x6f, 0xff, 0xf8, 0xcf, 0xff, 0xfe, 0x0, 0x0,
    0x0, 0x0, 0x6f, 0xff, 0xff, 0xff, 0xff, 0xff,
    0x40, 0x0, 0x0, 0x0, 0x6f, 0xff, 0xff, 0xff,
    0xff, 0xff, 0xc0, 0x0, 0x0, 0x0, 0x6f, 0xff,
    0xff, 0xff, 0xff, 0xff, 0xf5, 0x0, 0x0, 0x0,
    0x6f, 0xff, 0xff, 0xff, 0x9f, 0xff, 0xfe, 0x0,
    0x0, 0x0, 0x6f, 0xff, 0xff, 0xf5, 0xc, 0xff,
    0xff, 0x70, 0x0, 0x0, 0x6f, 0xff, 0xff, 0x50,
    0x4, 0xff, 0xff, 0xf1, 0x0, 0x0, 0x6f, 0xff,
    0xf8, 0x0, 0x0, 0xcf, 0xff, 0xf9, 0x0, 0x0,
    0x6f, 0xff, 0xf7, 0x0, 0x0, 0x3f, 0xff, 0xff,
    0x20, 0x0, 0x6f, 0xff, 0xf7, 0x0, 0x0, 0xb,
    0xff, 0xff, 0xa0, 0x0, 0x6f, 0xff, 0xf7, 0x0,
    0x0, 0x3, 0xff, 0xff, 0xf3, 0x0, 0x6f, 0xff,
    0xf7, 0x0, 0x0, 0x0, 0xbf, 0xff, 0xfc, 0x0,
    0x6f, 0xff, 0xf7, 0x0, 0x0, 0x0, 0x3f, 0xff,
    0xff, 0x50, 0x6f, 0xff, 0xf7, 0x0, 0x0, 0x0,
    0xb, 0xff, 0xff, 0xd0,

    /* U+006C "l" */
    0x6f, 0xff, 0xf7, 0x6f, 0xff, 0xf7, 0x6f, 0xff,
    0xf7, 0x6f, 0xff, 0xf7, 0x6f, 0xff, 0xf7, 0x6f,
    0xff, 0xf7, 0x6f, 0xff, 0xf7, 0x6f, 0xff, 0xf7,
    0x6f, 0xff, 0xf7, 0x6f, 0xff, 0xf7, 0x6f, 0xff,
    0xf7, 0x6f, 0xff, 0xf7, 0x6f, 0xff, 0xf7, 0x6f,
    0xff, 0xf7, 0x6f, 0xff, 0xf7, 0x6f, 0xff, 0xf7,
    0x6f, 0xff, 0xf7, 0x6f, 0xff, 0xf7, 0x6f, 0xff,
    0xf7, 0x6f, 0xff, 0xf7, 0x6f, 0xff, 0xf7, 0x6f,
    0xff, 0xf7, 0x6f, 0xff, 0xf7, 0x6f, 0xff, 0xf7,
    0x6f, 0xff, 0xf7, 0x6f, 0xff, 0xf7, 0x6f, 0xff,
    0xf7, 0x6f, 0xff, 0xf7, 0x6f, 0xff, 0xf7, 0x6f,
    0xff, 0xf7,

    /* U+006D "m" */
    0x6f, 0xff, 0xb0, 0x0, 0x6b, 0xef, 0xeb, 0x50,
    0x0, 0x0, 0x6b, 0xef, 0xec, 0x60, 0x0, 0x6f,
    0xff, 0xd0, 0x2d, 0xff, 0xff, 0xff, 0xfa, 0x0,
    0x2d, 0xff, 0xff, 0xff, 0xfd, 0x20, 0x6f, 0xff,
    0xf1, 0xdf, 0xff, 0xff, 0xff, 0xff, 0x72, 0xef,
    0xff, 0xff, 0xff, 0xff, 0xc0, 0x6f, 0xff, 0xfe,
    0xff, 0xff, 0xff, 0xff, 0xff, 0xfe, 0xff, 0xff,
    0xff, 0xff, 0xff, 0xf5, 0x6f, 0xff, 0xff, 0xff,
    0x96, 0x8e, 0xff, 0xff, 0xff, 0xff, 0xa6, 0x7c,
    0xff, 0xff, 0xfb, 0x6f, 0xff, 0xff, 0xd2, 0x0,
    0x0, 0xcf, 0xff, 0xff, 0xf4, 0x0, 0x0, 0x9f,
    0xff, 0xfe, 0x6f, 0xff, 0xff, 0x30, 0x0, 0x0,
    0x5f, 0xff, 0xff, 0x80, 0x0, 0x0, 0x1f, 0xff,
    0xff, 0x6f, 0xff, 0xfc, 0x0, 0x0, 0x0, 0x2f,
    0xff, 0xff, 0x10, 0x0, 0x0, 0xe, 0xff, 0xff,
    0x6f, 0xff, 0xf9, 0x0, 0x0, 0x0, 0x2f, 0xff,
    0xfd, 0x0, 0x0, 0x0, 0xe, 0xff, 0xff, 0x6f,
    0xff, 0xf7, 0x0, 0x0, 0x0, 0x2f, 0xff, 0xfc,
    0x0, 0x0, 0x0, 0xe, 0xff, 0xff, 0x6f, 0xff,
    0xf7, 0x0, 0x0, 0x0, 0x2f, 0xff, 0xfc, 0x0,
    0x0, 0x0, 0xe, 0xff, 0xff, 0x6f, 0xff, 0xf7,
    0x0, 0x0, 0x0, 0x2f, 0xff, 0xfc, 0x0, 0x0,
    0x0, 0xe, 0xff, 0xff, 0x6f, 0xff, 0xf7, 0x0,
    0x0, 0x0, 0x2f, 0xff, 0xfc, 0x0, 0x0, 0x0,
    0xe, 0xff, 0xff, 0x6f, 0xff, 0xf7, 0x0, 0x0,
    0x0, 0x2f, 0xff, 0xfc, 0x0, 0x0, 0x0, 0xe,
    0xff, 0xff, 0x6f, 0xff, 0xf7, 0x0, 0x0, 0x0,
    0x2f, 0xff, 0xfc, 0x0, 0x0, 0x0, 0xe, 0xff,
    0xff, 0x6f, 0xff, 0xf7, 0x0, 0x0, 0x0, 0x2f,
    0xff, 0xfc, 0x0, 0x0, 0x0, 0xe, 0xff, 0xff,
    0x6f, 0xff, 0xf7, 0x0, 0x0, 0x0, 0x2f, 0xff,
    0xfc, 0x0, 0x0, 0x0, 0xe, 0xff, 0xff, 0x6f,
    0xff, 0xf7, 0x0, 0x0, 0x0, 0x2f, 0xff, 0xfc,
    0x0, 0x0, 0x0, 0xe, 0xff, 0xff, 0x6f, 0xff,
    0xf7, 0x0, 0x0, 0x0, 0x2f, 0xff, 0xfc, 0x0,
    0x0, 0x0, 0xe, 0xff, 0xff, 0x6f, 0xff, 0xf7,
    0x0, 0x0, 0x0, 0x2f, 0xff, 0xfc, 0x0, 0x0,
    0x0, 0xe, 0xff, 0xff, 0x6f, 0xff, 0xf7, 0x0,
    0x0, 0x0, 0x2f, 0xff, 0xfc, 0x0, 0x0, 0x0,
    0xe, 0xff, 0xff, 0x6f, 0xff, 0xf7, 0x0, 0x0,
    0x0, 0x2f, 0xff, 0xfc, 0x0, 0x0, 0x0, 0xe,
    0xff, 0xff,

    /* U+006E "n" */
    0x6f, 0xff, 0xb0, 0x0, 0x39, 0xdf, 0xfd, 0xa4,
    0x0, 0x6, 0xff, 0xfd, 0x1, 0xbf, 0xff, 0xff,
    0xff, 0xfa, 0x0, 0x6f, 0xff, 0xf1, 0xdf, 0xff,
    0xff, 0xff, 0xff, 0xf9, 0x6, 0xff, 0xff, 0xef,
    0xff, 0xff, 0xff, 0xff, 0xff, 0xf3, 0x6f, 0xff,
    0xff, 0xff, 0xb7, 0x68, 0xef, 0xff, 0xff, 0x86,
    0xff, 0xff, 0xff, 0x40, 0x0, 0x0, 0xcf, 0xff,
    0xfc, 0x6f, 0xff, 0xff, 0x50, 0x0, 0x0, 0x4,
    0xff, 0xff, 0xe6, 0xff, 0xff, 0xd0, 0x0, 0x0,
    0x0, 0x1f, 0xff, 0xfe, 0x6f, 0xff, 0xf9, 0x0,
    0x0, 0x0, 0x0, 0xff, 0xff, 0xe6, 0xff, 0xff,
    0x70, 0x0, 0x0, 0x0, 0xf, 0xff, 0xfe, 0x6f,
    0xff, 0xf7, 0x0, 0x0, 0x0, 0x0, 0xff, 0xff,
    0xe6, 0xff, 0xff, 0x70, 0x0, 0x0, 0x0, 0xf,
    0xff, 0xfe, 0x6f, 0xff, 0xf7, 0x0, 0x0, 0x0,
    0x0, 0xff, 0xff, 0xe6, 0xff, 0xff, 0x70, 0x0,
    0x0, 0x0, 0xf, 0xff, 0xfe, 0x6f, 0xff, 0xf7,
    0x0, 0x0, 0x0, 0x0, 0xff, 0xff, 0xe6, 0xff,
    0xff, 0x70, 0x0, 0x0, 0x0, 0xf, 0xff, 0xfe,
    0x6f, 0xff, 0xf7, 0x0, 0x0, 0x0, 0x0, 0xff,
    0xff, 0xe6, 0xff, 0xff, 0x70, 0x0, 0x0, 0x0,
    0xf, 0xff, 0xfe, 0x6f, 0xff, 0xf7, 0x0, 0x0,
    0x0, 0x0, 0xff, 0xff, 0xe6, 0xff, 0xff, 0x70,
    0x0, 0x0, 0x0, 0xf, 0xff, 0xfe, 0x6f, 0xff,
    0xf7, 0x0, 0x0, 0x0, 0x0, 0xff, 0xff, 0xe6,
    0xff, 0xff, 0x70, 0x0, 0x0, 0x0, 0xf, 0xff,
    0xfe,

    /* U+006F "o" */
    0x0, 0x0, 0x0, 0x59, 0xce, 0xff, 0xec, 0x95,
    0x0, 0x0, 0x0, 0x0, 0x0, 0x6e, 0xff, 0xff,
    0xff, 0xff, 0xff, 0xe5, 0x0, 0x0, 0x0, 0x9,
    0xff, 0xff, 0xff, 0xff, 0xff, 0xff, 0xff, 0x80,
    0x0, 0x0, 0x7f, 0xff, 0xff, 0xff, 0xff, 0xff,
    0xff, 0xff, 0xf6, 0x0, 0x2, 0xff, 0xff, 0xff,
    0x83, 0x22, 0x49, 0xff, 0xff, 0xff, 0x10, 0x9,
    0xff, 0xff, 0xe3, 0x0, 0x0, 0x0, 0x4f, 0xff,
    0xff, 0x70, 0xe, 0xff, 0xff, 0x60, 0x0, 0x0,
    0x0, 0x8, 0xff, 0xff, 0xc0, 0x2f, 0xff, 0xff,
    0x0, 0x0, 0x0, 0x0, 0x1, 0xff, 0xff, 0xf0,
    0x4f, 0xff, 0xfc, 0x0, 0x0, 0x0, 0x0, 0x0,
    0xef, 0xff, 0xf3, 0x6f, 0xff, 0xfa, 0x0, 0x0,
    0x0, 0x0, 0x0, 0xcf, 0xff, 0xf4, 0x6f, 0xff,
    0xf9, 0x0, 0x0, 0x0, 0x0, 0x0, 0xbf, 0xff,
    0xf5, 0x6f, 0xff, 0xf9, 0x0, 0x0, 0x0, 0x0,
    0x0, 0xbf, 0xff, 0xf5, 0x6f, 0xff, 0xfa, 0x0,
    0x0, 0x0, 0x0, 0x0, 0xcf, 0xff, 0xf4, 0x4f,
    0xff, 0xfc, 0x0, 0x0, 0x0, 0x0, 0x0, 0xef,
    0xff, 0xf3, 0x1f, 0xff, 0xff, 0x0, 0x0, 0x0,
    0x0, 0x1, 0xff, 0xff, 0xf0, 0xe, 0xff, 0xff,
    0x60, 0x0, 0x0, 0x0, 0x8, 0xff, 0xff, 0xc0,
    0x8, 0xff, 0xff, 0xe3, 0x0, 0x0, 0x0, 0x3f,
    0xff, 0xff, 0x70, 0x2, 0xff, 0xff, 0xff, 0x83,
    0x12, 0x49, 0xff, 0xff, 0xff, 0x10, 0x0, 0x7f,
    0xff, 0xff, 0xff, 0xff, 0xff, 0xff, 0xff, 0xf6,
    0x0, 0x0, 0x9, 0xff, 0xff, 0xff, 0xff, 0xff,
    0xff, 0xff, 0x80, 0x0, 0x0, 0x0, 0x6e, 0xff,
    0xff, 0xff, 0xff, 0xff, 0xe5, 0x0, 0x0, 0x0,
    0x0, 0x0, 0x5a, 0xde, 0xff, 0xec, 0x95, 0x0,
    0x0, 0x0,

    /* U+0070 "p" */
    0x6f, 0xff, 0xb0, 0x0, 0x5a, 0xdf, 0xfd, 0x93,
    0x0, 0x0, 0x6, 0xff, 0xfd, 0x2, 0xcf, 0xff,
    0xff, 0xff, 0xf9, 0x0, 0x0, 0x6f, 0xff, 0xf2,
    0xef, 0xff, 0xff, 0xff, 0xff, 0xfb, 0x0, 0x6,
    0xff, 0xff, 0xef, 0xff, 0xff, 0xff, 0xff, 0xff,
    0xf6, 0x0, 0x6f, 0xff, 0xff, 0xff, 0x96, 0x56,
    0xbf, 0xff, 0xff, 0xe0, 0x6, 0xff, 0xff, 0xfe,
    0x20, 0x0, 0x0, 0x6f, 0xff, 0xff, 0x50, 0x6f,
    0xff, 0xff, 0x50, 0x0, 0x0, 0x0, 0xbf, 0xff,
    0xfa, 0x6, 0xff, 0xff, 0xe0, 0x0, 0x0, 0x0,
    0x4, 0xff, 0xff, 0xd0, 0x6f, 0xff, 0xfb, 0x0,
    0x0, 0x0, 0x0, 0x1f, 0xff, 0xff, 0x6, 0xff,
    0xff, 0x90, 0x0, 0x0, 0x0, 0x0, 0xff, 0xff,
    0xf1, 0x6f, 0xff, 0xf8, 0x0, 0x0, 0x0, 0x0,
    0xf, 0xff, 0xff, 0x16, 0xff, 0xff, 0x70, 0x0,
    0x0, 0x0, 0x0, 0xef, 0xff, 0xf1, 0x6f, 0xff,
    0xf8, 0x0, 0x0, 0x0, 0x0, 0xf, 0xff, 0xff,
    0x16, 0xff, 0xff, 0xa0, 0x0, 0x0, 0x0, 0x1,
    0xff, 0xff, 0xf0, 0x6f, 0xff, 0xfe, 0x0, 0x0,
    0x0, 0x0, 0x4f, 0xff, 0xfd, 0x6, 0xff, 0xff,
    0xf5, 0x0, 0x0, 0x0, 0xa, 0xff, 0xff, 0xa0,
    0x6f, 0xff, 0xff, 0xe2, 0x0, 0x0, 0x5, 0xff,
    0xff, 0xf5, 0x6, 0xff, 0xff, 0xff, 0xf9, 0x55,
    0x6b, 0xff, 0xff, 0xfe, 0x0, 0x6f, 0xff, 0xff,
    0xff, 0xff, 0xff, 0xff, 0xff, 0xff, 0x60, 0x6,
    0xff, 0xff, 0x8d, 0xff, 0xff, 0xff, 0xff, 0xff,
    0xb0, 0x0, 0x6f, 0xff, 0xf7, 0x1c, 0xff, 0xff,
    0xff, 0xff, 0xa0, 0x0, 0x6, 0xff, 0xff, 0x70,
    0x5, 0xbe, 0xff, 0xd9, 0x30, 0x0, 0x0, 0x6f,
    0xff, 0xf7, 0x0, 0x0, 0x0, 0x0, 0x0, 0x0,
    0x0, 0x6, 0xff, 0xff, 0x70, 0x0, 0x0, 0x0,
    0x0, 0x0, 0x0, 0x0, 0x6f, 0xff, 0xf7, 0x0,
    0x0, 0x0, 0x0, 0x0, 0x0, 0x0, 0x6, 0xff,
    0xff, 0x70, 0x0, 0x0, 0x0, 0x0, 0x0, 0x0,
    0x0, 0x6f, 0xff, 0xf7, 0x0, 0x0, 0x0, 0x0,
    0x0, 0x0, 0x0, 0x6, 0xff, 0xff, 0x70, 0x0,
    0x0, 0x0, 0x0, 0x0, 0x0, 0x0, 0x6f, 0xff,
    0xf7, 0x0, 0x0, 0x0, 0x0, 0x0, 0x0, 0x0,
    0x0,

    /* U+0071 "q" */
    0x0, 0x0, 0x5, 0xae, 0xff, 0xd9, 0x30, 0x0,
    0xff, 0xff, 0x10, 0x0, 0x2c, 0xff, 0xff, 0xff,
    0xff, 0xa0, 0x2f, 0xff, 0xf1, 0x0, 0x2e, 0xff,
    0xff, 0xff, 0xff, 0xff, 0xb4, 0xff, 0xff, 0x10,
    0xc, 0xff, 0xff, 0xff, 0xff, 0xff, 0xff, 0xef,
    0xff, 0xf1, 0x4, 0xff, 0xff, 0xff, 0x96, 0x56,
    0xbf, 0xff, 0xff, 0xff, 0x10, 0xaf, 0xff, 0xfe,
    0x20, 0x0, 0x0, 0x6f, 0xff, 0xff, 0xf1, 0xf,
    0xff, 0xff, 0x50, 0x0, 0x0, 0x0, 0xaf, 0xff,
    0xff, 0x12, 0xff, 0xff, 0xf0, 0x0, 0x0, 0x0,
    0x3, 0xff, 0xff, 0xf1, 0x4f, 0xff, 0xfc, 0x0,
    0x0, 0x0, 0x0, 0xf, 0xff, 0xff, 0x16, 0xff,
    0xff, 0xa0, 0x0, 0x0, 0x0, 0x0, 0xef, 0xff,
    0xf1, 0x6f, 0xff, 0xf9, 0x0, 0x0, 0x0, 0x0,
    0xd, 0xff, 0xff, 0x16, 0xff, 0xff, 0x90, 0x0,
    0x0, 0x0, 0x0, 0xcf, 0xff, 0xf1, 0x6f, 0xff,
    0xfa, 0x0, 0x0, 0x0, 0x0, 0xd, 0xff, 0xff,
    0x14, 0xff, 0xff, 0xc0, 0x0, 0x0, 0x0, 0x0,
    0xff, 0xff, 0xf1, 0x2f, 0xff, 0xff, 0x0, 0x0,
    0x0, 0x0, 0x3f, 0xff, 0xff, 0x10, 0xff, 0xff,
    0xf5, 0x0, 0x0, 0x0, 0xa, 0xff, 0xff, 0xf1,
    0xa, 0xff, 0xff, 0xe2, 0x0, 0x0, 0x6, 0xff,
    0xff, 0xff, 0x10, 0x4f, 0xff, 0xff, 0xf9, 0x64,
    0x6b, 0xff, 0xff, 0xff, 0xf1, 0x0, 0xbf, 0xff,
    0xff, 0xff, 0xff, 0xff, 0xff, 0xff, 0xff, 0x10,
    0x1, 0xef, 0xff, 0xff, 0xff, 0xff, 0xf9, 0xcf,
    0xff, 0xf1, 0x0, 0x2, 0xdf, 0xff, 0xff, 0xff,
    0xf9, 0xc, 0xff, 0xff, 0x10, 0x0, 0x0, 0x5b,
    0xef, 0xfd, 0x93, 0x0, 0xcf, 0xff, 0xf1, 0x0,
    0x0, 0x0, 0x0, 0x0, 0x0, 0x0, 0xc, 0xff,
    0xff, 0x10, 0x0, 0x0, 0x0, 0x0, 0x0, 0x0,
    0x0, 0xcf, 0xff, 0xf1, 0x0, 0x0, 0x0, 0x0,
    0x0, 0x0, 0x0, 0xc, 0xff, 0xff, 0x10, 0x0,
    0x0, 0x0, 0x0, 0x0, 0x0, 0x0, 0xcf, 0xff,
    0xf1, 0x0, 0x0, 0x0, 0x0, 0x0, 0x0, 0x0,
    0xc, 0xff, 0xff, 0x10, 0x0, 0x0, 0x0, 0x0,
    0x0, 0x0, 0x0, 0xcf, 0xff, 0xf1, 0x0, 0x0,
    0x0, 0x0, 0x0, 0x0, 0x0, 0xc, 0xff, 0xff,
    0x10,

    /* U+0072 "r" */
    0x6f, 0xff, 0xb0, 0x3, 0xbe, 0xff, 0x16, 0xff,
    0xfd, 0x4, 0xff, 0xff, 0xf1, 0x6f, 0xff, 0xf0,
    0xef, 0xff, 0xff, 0x16, 0xff, 0xff, 0x9f, 0xff,
    0xff, 0xf1, 0x6f, 0xff, 0xff, 0xff, 0xff, 0xff,
    0x16, 0xff, 0xff, 0xff, 0xd6, 0x21, 0x10, 0x6f,
    0xff, 0xff, 0xc0, 0x0, 0x0, 0x6, 0xff, 0xff,
    0xf2, 0x0, 0x0, 0x0, 0x6f, 0xff, 0xfc, 0x0,
    0x0, 0x0, 0x6, 0xff, 0xff, 0x90, 0x0, 0x0,
    0x0, 0x6f, 0xff, 0xf8, 0x0, 0x0, 0x0, 0x6,
    0xff, 0xff, 0x70, 0x0, 0x0, 0x0, 0x6f, 0xff,
    0xf7, 0x0, 0x0, 0x0, 0x6, 0xff, 0xff, 0x70,
    0x0, 0x0, 0x0, 0x6f, 0xff, 0xf7, 0x0, 0x0,
    0x0, 0x6, 0xff, 0xff, 0x70, 0x0, 0x0, 0x0,
    0x6f, 0xff, 0xf7, 0x0, 0x0, 0x0, 0x6, 0xff,
    0xff, 0x70, 0x0, 0x0, 0x0, 0x6f, 0xff, 0xf7,
    0x0, 0x0, 0x0, 0x6, 0xff, 0xff, 0x70, 0x0,
    0x0, 0x0, 0x6f, 0xff, 0xf7, 0x0, 0x0, 0x0,
    0x6, 0xff, 0xff, 0x70, 0x0, 0x0, 0x0,

    /* U+0073 "s" */
    0x0, 0x0, 0x4, 0x9c, 0xef, 0xfe, 0xc8, 0x30,
    0x0, 0x0, 0x0, 0x4, 0xdf, 0xff, 0xff, 0xff,
    0xff, 0xfc, 0x20, 0x0, 0x0, 0x6f, 0xff, 0xff,
    0xff, 0xff, 0xff, 0xff, 0xf3, 0x0, 0x3, 0xff,
    0xff, 0xff, 0xfe, 0xff, 0xff, 0xff, 0xfe, 0x0,
    0xa, 0xff, 0xff, 0xd4, 0x0, 0x1, 0x8f, 0xff,
    0xff, 0x40, 0xd, 0xff, 0xff, 0x20, 0x0, 0x0,
    0x8, 0xff, 0xff, 0x70, 0xe, 0xff, 0xff, 0x20,
    0x0, 0x0, 0x3, 0xaa, 0xaa, 0x50, 0xc, 0xff,
    0xff, 0xe6, 0x0, 0x0, 0x0, 0x0, 0x0, 0x0,
    0x6, 0xff, 0xff, 0xff, 0xfb, 0x62, 0x0, 0x0,
    0x0, 0x0, 0x0, 0xcf, 0xff, 0xff, 0xff, 0xff,
    0xd9, 0x30, 0x0, 0x0, 0x0, 0xa, 0xff, 0xff,
    0xff, 0xff, 0xff, 0xfd, 0x50, 0x0, 0x0, 0x0,
    0x2a, 0xff, 0xff, 0xff, 0xff, 0xff, 0xfa, 0x0,
    0x0, 0x0, 0x0, 0x4, 0x9d, 0xff, 0xff, 0xff,
    0xff, 0x60, 0x0, 0x0, 0x0, 0x0, 0x0, 0x26,
    0xcf, 0xff, 0xff, 0xd0, 0x2, 0x22, 0x20, 0x0,
    0x0, 0x0, 0x7, 0xff, 0xff, 0xf0, 0x6f, 0xff,
    0xf8, 0x0, 0x0, 0x0, 0x0, 0xef, 0xff, 0xf1,
    0x4f, 0xff, 0xfd, 0x0, 0x0, 0x0, 0x1, 0xff,
    0xff, 0xf0, 0xf, 0xff, 0xff, 0xc4, 0x0, 0x1,
    0x5d, 0xff, 0xff, 0xc0, 0x8, 0xff, 0xff, 0xff,
    0xff, 0xff, 0xff, 0xff, 0xff, 0x50, 0x0, 0xbf,
    0xff, 0xff, 0xff, 0xff, 0xff, 0xff, 0xf9, 0x0,
    0x0, 0x7, 0xff, 0xff, 0xff, 0xff, 0xff, 0xfe,
    0x70, 0x0, 0x0, 0x0, 0x6, 0xad, 0xef, 0xfe,
    0xc9, 0x50, 0x0, 0x0,

    /* U+0074 "t" */
    0x0, 0x0, 0xff, 0xfe, 0x0, 0x0, 0x0, 0x2,
    0xff, 0xfe, 0x0, 0x0, 0x0, 0x5, 0xff, 0xfe,
    0x0, 0x0, 0x0, 0x7, 0xff, 0xfe, 0x0, 0x0,
    0x0, 0xa, 0xff, 0xfe, 0x0, 0x0, 0x0, 0xc,
    0xff, 0xfe, 0x0, 0x0, 0x7f, 0xff, 0xff, 0xff,
    0xff, 0xf9, 0x7f, 0xff, 0xff, 0xff, 0xff, 0xf9,
    0x7f, 0xff, 0xff, 0xff, 0xff, 0xf9, 0x7f, 0xff,
    0xff, 0xff, 0xff, 0xf9, 0x1, 0x1f, 0xff, 0xfe,
    0x11, 0x10, 0x0, 0xf, 0xff, 0xfe, 0x0, 0x0,
    0x0, 0xf, 0xff, 0xfe, 0x0, 0x0, 0x0, 0xf,
    0xff, 0xfe, 0x0, 0x0, 0x0, 0xf, 0xff, 0xfe,
    0x0, 0x0, 0x0, 0xf, 0xff, 0xfe, 0x0, 0x0,
    0x0, 0xf, 0xff, 0xfe, 0x0, 0x0, 0x0, 0xf,
    0xff, 0xfe, 0x0, 0x0, 0x0, 0xf, 0xff, 0xfe,
    0x0, 0x0, 0x0, 0xf, 0xff, 0xfe, 0x0, 0x0,
    0x0, 0xf, 0xff, 0xfe, 0x0, 0x0, 0x0, 0xf,
    0xff, 0xfe, 0x0, 0x0, 0x0, 0xf, 0xff, 0xff,
    0x0, 0x0, 0x0, 0xe, 0xff, 0xff, 0x81, 0x10,
    0x0, 0xa, 0xff, 0xff, 0xff, 0xf9, 0x0, 0x5,
    0xff, 0xff, 0xff, 0xf9, 0x0, 0x0, 0xaf, 0xff,
    0xff, 0xf9, 0x0, 0x0, 0x6, 0xce, 0xfd, 0xa3,

    /* U+0075 "u" */
    0x9f, 0xff, 0xf5, 0x0, 0x0, 0x0, 0x2, 0xff,
    0xff, 0xb9, 0xff, 0xff, 0x50, 0x0, 0x0, 0x0,
    0x2f, 0xff, 0xfb, 0x9f, 0xff, 0xf5, 0x0, 0x0,
    0x0, 0x2, 0xff, 0xff, 0xb9, 0xff, 0xff, 0x50,
    0x0, 0x0, 0x0, 0x2f, 0xff, 0xfb, 0x9f, 0xff,
    0xf5, 0x0, 0x0, 0x0, 0x2, 0xff, 0xff, 0xb9,
    0xff, 0xff, 0x50, 0x0, 0x0, 0x0, 0x2f, 0xff,
    0xfb, 0x9f, 0xff, 0xf5, 0x0, 0x0, 0x0, 0x2,
    0xff, 0xff, 0xb9, 0xff, 0xff, 0x50, 0x0, 0x0,
    0x0, 0x2f, 0xff, 0xfb, 0x9f, 0xff, 0xf5, 0x0,
    0x0, 0x0, 0x2, 0xff, 0xff, 0xb9, 0xff, 0xff,
    0x50, 0x0, 0x0, 0x0, 0x2f, 0xff, 0xfb, 0x9f,
    0xff, 0xf5, 0x0, 0x0, 0x0, 0x2, 0xff, 0xff,
    0xb9, 0xff, 0xff, 0x50, 0x0, 0x0, 0x0, 0x2f,
    0xff, 0xfb, 0x9f, 0xff, 0xf5, 0x0, 0x0, 0x0,
    0x2, 0xff, 0xff, 0xb9, 0xff, 0xff, 0x50, 0x0,
    0x0, 0x0, 0x4f, 0xff, 0xfb, 0x8f, 0xff, 0xf6,
    0x0, 0x0, 0x0, 0x8, 0xff, 0xff, 0xb8, 0xff,
    0xff, 0x90, 0x0, 0x0, 0x1, 0xef, 0xff, 0xfb,
    0x6f, 0xff, 0xff, 0x30, 0x0, 0x1, 0xcf, 0xff,
    0xff, 0xb3, 0xff, 0xff, 0xff, 0xa7, 0x69, 0xff,
    0xff, 0xff, 0xfb, 0xd, 0xff, 0xff, 0xff, 0xff,
    0xff, 0xff, 0xef, 0xff, 0xb0, 0x5f, 0xff, 0xff,
    0xff, 0xff, 0xff, 0x5a, 0xff, 0xfb, 0x0, 0x6f,
    0xff, 0xff, 0xff, 0xfe, 0x40, 0x8f, 0xff, 0xb0,
    0x0, 0x28, 0xdf, 0xfe, 0xb6, 0x0, 0x6, 0xff,
    0xfb,

    /* U+0076 "v" */
    0x9f, 0xff, 0xf7, 0x0, 0x0, 0x0, 0x0, 0x2,
    0xff, 0xff, 0xc4, 0xff, 0xff, 0xd0, 0x0, 0x0,
    0x0, 0x0, 0x8f, 0xff, 0xf6, 0xe, 0xff, 0xff,
    0x20, 0x0, 0x0, 0x0, 0xd, 0xff, 0xff, 0x10,
    0x8f, 0xff, 0xf8, 0x0, 0x0, 0x0, 0x3, 0xff,
    0xff, 0xb0, 0x3, 0xff, 0xff, 0xd0, 0x0, 0x0,
    0x0, 0x8f, 0xff, 0xf5, 0x0, 0xd, 0xff, 0xff,
    0x30, 0x0, 0x0, 0xd, 0xff, 0xff, 0x0, 0x0,
    0x7f, 0xff, 0xf8, 0x0, 0x0, 0x3, 0xff, 0xff,
    0xa0, 0x0, 0x2, 0xff, 0xff, 0xe0, 0x0, 0x0,
    0x8f, 0xff, 0xf4, 0x0, 0x0, 0xc, 0xff, 0xff,
    0x30, 0x0, 0xe, 0xff, 0xfe, 0x0, 0x0, 0x0,
    0x6f, 0xff, 0xf9, 0x0, 0x3, 0xff, 0xff, 0x90,
    0x0, 0x0, 0x1, 0xff, 0xff, 0xe0, 0x0, 0x8f,
    0xff, 0xf3, 0x0, 0x0, 0x0, 0xb, 0xff, 0xff,
    0x30, 0xd, 0xff, 0xfd, 0x0, 0x0, 0x0, 0x0,
    0x5f, 0xff, 0xf7, 0x2, 0xff, 0xff, 0x80, 0x0,
    0x0, 0x0, 0x0, 0xff, 0xff, 0xc0, 0x6f, 0xff,
    0xf2, 0x0, 0x0, 0x0, 0x0, 0xa, 0xff, 0xff,
    0x1a, 0xff, 0xfc, 0x0, 0x0, 0x0, 0x0, 0x0,
    0x4f, 0xff, 0xf4, 0xef, 0xff, 0x60, 0x0, 0x0,
    0x0, 0x0, 0x0, 0xef, 0xff, 0xcf, 0xff, 0xf1,
    0x0, 0x0, 0x0, 0x0, 0x0, 0x9, 0xff, 0xff,
    0xff, 0xfb, 0x0, 0x0, 0x0, 0x0, 0x0, 0x0,
    0x3f, 0xff, 0xff, 0xff, 0x50, 0x0, 0x0, 0x0,
    0x0, 0x0, 0x0, 0xef, 0xff, 0xff, 0xf0, 0x0,
    0x0, 0x0, 0x0, 0x0, 0x0, 0x8, 0xff, 0xff,
    0xfa, 0x0, 0x0, 0x0, 0x0, 0x0, 0x0, 0x0,
    0x2f, 0xff, 0xff, 0x40, 0x0, 0x0, 0x0,

    /* U+0077 "w" */
    0xbf, 0xff, 0xf4, 0x0, 0x0, 0x0, 0x6f, 0xff,
    0xff, 0x0, 0x0, 0x0, 0x9, 0xff, 0xff, 0x17,
    0xff, 0xff, 0x80, 0x0, 0x0, 0xa, 0xff, 0xff,
    0xf4, 0x0, 0x0, 0x0, 0xdf, 0xff, 0xc0, 0x2f,
    0xff, 0xfc, 0x0, 0x0, 0x0, 0xef, 0xff, 0xff,
    0x80, 0x0, 0x0, 0x1f, 0xff, 0xf7, 0x0, 0xef,
    0xff, 0xf0, 0x0, 0x0, 0x1f, 0xff, 0xff, 0xfc,
    0x0, 0x0, 0x5, 0xff, 0xff, 0x30, 0x9, 0xff,
    0xff, 0x40, 0x0, 0x5, 0xff, 0xff, 0xff, 0xf0,
    0x0, 0x0, 0x9f, 0xff, 0xe0, 0x0, 0x4f, 0xff,
    0xf7, 0x0, 0x0, 0x9f, 0xff, 0xff, 0xff, 0x30,
    0x0, 0xc, 0xff, 0xfa, 0x0, 0x0, 0xff, 0xff,
    0xb0, 0x0, 0xd, 0xff, 0xfa, 0xff, 0xf7, 0x0,
    0x0, 0xff, 0xff, 0x50, 0x0, 0xb, 0xff, 0xff,
    0x0, 0x0, 0xff, 0xfe, 0x6f, 0xff, 0xb0, 0x0,
    0x4f, 0xff, 0xf1, 0x0, 0x0, 0x7f, 0xff, 0xf3,
    0x0, 0x4f, 0xff, 0xb3, 0xff, 0xff, 0x0, 0x8,
    0xff, 0xfc, 0x0, 0x0, 0x2, 0xff, 0xff, 0x70,
    0x8, 0xff, 0xf8, 0xf, 0xff, 0xf3, 0x0, 0xcf,
    0xff, 0x80, 0x0, 0x0, 0xe, 0xff, 0xfb, 0x0,
    0xbf, 0xff, 0x40, 0xdf, 0xff, 0x60, 0xf, 0xff,
    0xf3, 0x0, 0x0, 0x0, 0x9f, 0xff, 0xf0, 0xf,
    0xff, 0xf0, 0x9, 0xff, 0xfa, 0x3, 0xff, 0xfe,
    0x0, 0x0, 0x0, 0x4, 0xff, 0xff, 0x32, 0xff,
    0xfc, 0x0, 0x5f, 0xff, 0xe0, 0x7f, 0xff, 0xa0,
    0x0, 0x0, 0x0, 0xf, 0xff, 0xf6, 0x5f, 0xff,
    0x90, 0x2, 0xff, 0xff, 0x1a, 0xff, 0xf5, 0x0,
    0x0, 0x0, 0x0, 0xbf, 0xff, 0x98, 0xff, 0xf5,
    0x0, 0xe, 0xff, 0xf4, 0xdf, 0xff, 0x10, 0x0,
    0x0, 0x0, 0x7, 0xff, 0xfc, 0xbf, 0xff, 0x10,
    0x0, 0xbf, 0xff, 0x8f, 0xff, 0xc0, 0x0, 0x0,
    0x0, 0x0, 0x2f, 0xff, 0xff, 0xff, 0xd0, 0x0,
    0x7, 0xff, 0xff, 0xff, 0xf8, 0x0, 0x0, 0x0,
    0x0, 0x0, 0xef, 0xff, 0xff, 0xfa, 0x0, 0x0,
    0x3f, 0xff, 0xff, 0xff, 0x30, 0x0, 0x0, 0x0,
    0x0, 0x9, 0xff, 0xff, 0xff, 0x60, 0x0, 0x0,
    0xff, 0xff, 0xff, 0xe0, 0x0, 0x0, 0x0, 0x0,
    0x0, 0x4f, 0xff, 0xff, 0xf2, 0x0, 0x0, 0xc,
    0xff, 0xff, 0xfa, 0x0, 0x0, 0x0, 0x0, 0x0,
    0x0, 0xff, 0xff, 0xfe, 0x0, 0x0, 0x0, 0x8f,
    0xff, 0xff, 0x60, 0x0, 0x0, 0x0, 0x0, 0x0,
    0xb, 0xff, 0xff, 0xa0, 0x0, 0x0, 0x5, 0xff,
    0xff, 0xf1, 0x0, 0x0, 0x0,

    /* U+0078 "x" */
    0xb, 0xff, 0xff, 0xf2, 0x0, 0x0, 0x0, 0xd,
    0xff, 0xff, 0xb0, 0x2, 0xff, 0xff, 0xfc, 0x0,
    0x0, 0x0, 0x7f, 0xff, 0xfe, 0x10, 0x0, 0x7f,
    0xff, 0xff, 0x50, 0x0, 0x1, 0xff, 0xff, 0xf5,
    0x0, 0x0, 0xc, 0xff, 0xff, 0xe1, 0x0, 0xb,
    0xff, 0xff, 0xb0, 0x0, 0x0, 0x2, 0xff, 0xff,
    0xf9, 0x0, 0x5f, 0xff, 0xfe, 0x10, 0x0, 0x0,
    0x0, 0x7f, 0xff, 0xff, 0x30, 0xef, 0xff, 0xf5,
    0x0, 0x0, 0x0, 0x0, 0xc, 0xff, 0xff, 0xc9,
    0xff, 0xff, 0xb0, 0x0, 0x0, 0x0, 0x0, 0x2,
    0xff, 0xff, 0xff, 0xff, 0xfe, 0x10, 0x0, 0x0,
    0x0, 0x0, 0x0, 0x8f, 0xff, 0xff, 0xff, 0xf5,
    0x0, 0x0, 0x0, 0x0, 0x0, 0x0, 0xd, 0xff,
    0xff, 0xff, 0xb0, 0x0, 0x0, 0x0, 0x0, 0x0,
    0x0, 0x4, 0xff, 0xff, 0xff, 0x20, 0x0, 0x0,
    0x0, 0x0, 0x0, 0x0, 0xa, 0xff, 0xff, 0xff,
    0x90, 0x0, 0x0, 0x0, 0x0, 0x0, 0x0, 0x4f,
    0xff, 0xff, 0xff, 0xf4, 0x0, 0x0, 0x0, 0x0,
    0x0, 0x0, 0xef, 0xff, 0xff, 0xff, 0xfd, 0x0,
    0x0, 0x0, 0x0, 0x0, 0x9, 0xff, 0xff, 0xbe,
    0xff, 0xff, 0x90, 0x0, 0x0, 0x0, 0x0, 0x4f,
    0xff, 0xfe, 0x16, 0xff, 0xff, 0xf3, 0x0, 0x0,
    0x0, 0x0, 0xef, 0xff, 0xf5, 0x0, 0xcf, 0xff,
    0xfd, 0x0, 0x0, 0x0, 0x9, 0xff, 0xff, 0xc0,
    0x0, 0x2f, 0xff, 0xff, 0x80, 0x0, 0x0, 0x4f,
    0xff, 0xff, 0x20, 0x0, 0x8, 0xff, 0xff, 0xf2,
    0x0, 0x0, 0xef, 0xff, 0xf8, 0x0, 0x0, 0x0,
    0xef, 0xff, 0xfc, 0x0, 0x9, 0xff, 0xff, 0xd0,
    0x0, 0x0, 0x0, 0x5f, 0xff, 0xff, 0x70, 0x4f,
    0xff, 0xff, 0x40, 0x0, 0x0, 0x0, 0xb, 0xff,
    0xff, 0xf2,

    /* U+0079 "y" */
    0x9f, 0xff, 0xf8, 0x0, 0x0, 0x0, 0x0, 0x2,
    0xff, 0xff, 0xc3, 0xff, 0xff, 0xd0, 0x0, 0x0,
    0x0, 0x0, 0x7f, 0xff, 0xf6, 0xd, 0xff, 0xff,
    0x40, 0x0, 0x0, 0x0, 0xc, 0xff, 0xff, 0x10,
    0x7f, 0xff, 0xfa, 0x0, 0x0, 0x0, 0x1, 0xff,
    0xff, 0xb0, 0x1, 0xff, 0xff, 0xf0, 0x0, 0x0,
    0x0, 0x6f, 0xff, 0xf6, 0x0, 0xb, 0xff, 0xff,
    0x60, 0x0, 0x0, 0xb, 0xff, 0xff, 0x10, 0x0,
    0x5f, 0xff, 0xfc, 0x0, 0x0, 0x0, 0xff, 0xff,
    0xb0, 0x0, 0x0, 0xef, 0xff, 0xf2, 0x0, 0x0,
    0x5f, 0xff, 0xf5, 0x0, 0x0, 0x9, 0xff, 0xff,
    0x80, 0x0, 0xa, 0xff, 0xff, 0x0, 0x0, 0x0,
    0x2f, 0xff, 0xfe, 0x0, 0x0, 0xef, 0xff, 0xa0,
    0x0, 0x0, 0x0, 0xcf, 0xff, 0xf4, 0x0, 0x3f,
    0xff, 0xf5, 0x0, 0x0, 0x0, 0x6, 0xff, 0xff,
    0xa0, 0x8, 0xff, 0xff, 0x0, 0x0, 0x0, 0x0,
    0x1f, 0xff, 0xfe, 0x0, 0xdf, 0xff, 0xa0, 0x0,
    0x0, 0x0, 0x0, 0xaf, 0xff, 0xf3, 0x1f, 0xff,
    0xf4, 0x0, 0x0, 0x0, 0x0, 0x4, 0xff, 0xff,
    0x75, 0xff, 0xfe, 0x0, 0x0, 0x0, 0x0, 0x0,
    0xe, 0xff, 0xfb, 0xaf, 0xff, 0x90, 0x0, 0x0,
    0x0, 0x0, 0x0, 0x8f, 0xff, 0xff, 0xff, 0xf4,
    0x0, 0x0, 0x0, 0x0, 0x0, 0x2, 0xff, 0xff,
    0xff, 0xfe, 0x0, 0x0, 0x0, 0x0, 0x0, 0x0,
    0xc, 0xff, 0xff, 0xff, 0x90, 0x0, 0x0, 0x0,
    0x0, 0x0, 0x0, 0x6f, 0xff, 0xff, 0xf3, 0x0,
    0x0, 0x0, 0x0, 0x0, 0x0, 0x0, 0xff, 0xff,
    0xfe, 0x0, 0x0, 0x0, 0x0, 0x0, 0x0, 0x0,
    0xb, 0xff, 0xff, 0x70, 0x0, 0x0, 0x0, 0x0,
    0x0, 0x0, 0x1, 0xff, 0xff, 0xf1, 0x0, 0x0,
    0x0, 0x0, 0x0, 0x0, 0x0, 0xcf, 0xff, 0xfa,
    0x0, 0x0, 0x0, 0x0, 0x0, 0x0, 0x15, 0xdf,
    0xff, 0xff, 0x20, 0x0, 0x0, 0x0, 0x0, 0xf,
    0xff, 0xff, 0xff, 0xff, 0x80, 0x0, 0x0, 0x0,
    0x0, 0x0, 0xff, 0xff, 0xff, 0xff, 0xc0, 0x0,
    0x0, 0x0, 0x0, 0x0, 0xf, 0xff, 0xff, 0xff,
    0xb0, 0x0, 0x0, 0x0, 0x0, 0x0, 0x0, 0xad,
    0xff, 0xeb, 0x40, 0x0, 0x0, 0x0, 0x0, 0x0,
    0x0,

    /* U+007A "z" */
    0x5, 0xff, 0xff, 0xff, 0xff, 0xff, 0xff, 0xff,
    0xff, 0xb0, 0x5, 0xff, 0xff, 0xff, 0xff, 0xff,
    0xff, 0xff, 0xff, 0xb0, 0x5, 0xff, 0xff, 0xff,
    0xff, 0xff, 0xff, 0xff, 0xff, 0x80, 0x5, 0xff,
    0xff, 0xff, 0xff, 0xff, 0xff, 0xff, 0xfd, 0x0,
    0x0, 0x11, 0x11, 0x11, 0x11, 0x1b, 0xff, 0xff,
    0xf3, 0x0, 0x0, 0x0, 0x0, 0x0, 0x0, 0x5f,
    0xff, 0xff, 0x80, 0x0, 0x0, 0x0, 0x0, 0x0,
    0x1, 0xff, 0xff, 0xfd, 0x0, 0x0, 0x0, 0x0,
    0x0, 0x0, 0xb, 0xff, 0xff, 0xf2, 0x0, 0x0,
    0x0, 0x0, 0x0, 0x0, 0x6f, 0xff, 0xff, 0x70,
    0x0, 0x0, 0x0, 0x0, 0x0, 0x2, 0xff, 0xff,
    0xfc, 0x0, 0x0, 0x0, 0x0, 0x0, 0x0, 0xc,
    0xff, 0xff, 0xf2, 0x0, 0x0, 0x0, 0x0, 0x0,
    0x0, 0x7f, 0xff, 0xff, 0x60, 0x0, 0x0, 0x0,
    0x0, 0x0, 0x2, 0xff, 0xff, 0xfb, 0x0, 0x0,
    0x0, 0x0, 0x0, 0x0, 0xc, 0xff, 0xff, 0xf1,
    0x0, 0x0, 0x0, 0x0, 0x0, 0x0, 0x8f, 0xff,
    0xff, 0x50, 0x0, 0x0, 0x0, 0x0, 0x0, 0x3,
    0xff, 0xff, 0xfb, 0x0, 0x0, 0x0, 0x0, 0x0,
    0x0, 0xd, 0xff, 0xff, 0xe1, 0x0, 0x0, 0x0,
    0x0, 0x0, 0x0, 0x9f, 0xff, 0xff, 0x61, 0x11,
    0x11, 0x11, 0x11, 0x10, 0x4, 0xff, 0xff, 0xff,
    0xff, 0xff, 0xff, 0xff, 0xff, 0xf2, 0xe, 0xff,
    0xff, 0xff, 0xff, 0xff, 0xff, 0xff, 0xff, 0xf2,
    0xf, 0xff, 0xff, 0xff, 0xff, 0xff, 0xff, 0xff,
    0xff, 0xf2, 0xf, 0xff, 0xff, 0xff, 0xff, 0xff,
    0xff, 0xff, 0xff, 0xf2,

    /* U+00B0 "°" */
    0x0, 0x0, 0x0, 0x0, 0x0, 0x0, 0x0, 0x6,
    0xcf, 0xfd, 0x70, 0x0, 0x1, 0xcf, 0xff, 0xff,
    0xfd, 0x20, 0xc, 0xff, 0xff, 0xff, 0xff, 0xd0,
    0x6f, 0xff, 0x71, 0x17, 0xff, 0xf6, 0xbf, 0xf6,
    0x0, 0x0, 0x6f, 0xfc, 0xef, 0xf0, 0x0, 0x0,
    0xf, 0xff, 0xef, 0xf0, 0x0, 0x0, 0xf, 0xfe,
    0xbf, 0xf6, 0x0, 0x0, 0x6f, 0xfc, 0x6f, 0xff,
    0x71, 0x17, 0xff, 0xf6, 0xc, 0xff, 0xff, 0xff,
    0xff, 0xc0, 0x1, 0xcf, 0xff, 0xff, 0xfd, 0x10,
    0x0, 0x6, 0xcf, 0xfc, 0x60, 0x0,

    /* U+00B7 "·" */
    0x33, 0x33, 0x30, 0xef, 0xff, 0xf3, 0xef, 0xff,
    0xf3, 0xef, 0xff, 0xf3, 0xef, 0xff, 0xf3, 0xef,
    0xff, 0xf3,

    /* U+2191 "↑" */
    0x0, 0x0, 0x0, 0x4, 0x80, 0x0, 0x0, 0x0,
    0x0, 0x0, 0x0, 0x3f, 0xfa, 0x0, 0x0, 0x0,
    0x0, 0x0, 0x2, 0xef, 0xff, 0x80, 0x0, 0x0,
    0x0, 0x0, 0x1d, 0xff, 0xff, 0xf6, 0x0, 0x0,
    0x0, 0x0, 0xcf, 0xff, 0xff, 0xff, 0x40, 0x0,
    0x0, 0xb, 0xff, 0xff, 0xff, 0xff, 0xf3, 0x0,
    0x0, 0x9f, 0xff, 0xff, 0xff, 0xff, 0xfe, 0x20,
    0x7, 0xff, 0xff, 0xff, 0xff, 0xff, 0xff, 0xd1,
    0x2f, 0xff, 0xfa, 0xaf, 0xff, 0x7d, 0xff, 0xf9,
    0x2f, 0xb5, 0x0, 0x7f, 0xfe, 0x0, 0x38, 0xe9,
    0x1, 0x0, 0x0, 0x7f, 0xfe, 0x0, 0x0, 0x2,
    0x0, 0x0, 0x0, 0x7f, 0xfe, 0x0, 0x0, 0x0,
    0x0, 0x0, 0x0, 0x7f, 0xfe, 0x0, 0x0, 0x0,
    0x0, 0x0, 0x0, 0x7f, 0xfe, 0x0, 0x0, 0x0,
    0x0, 0x0, 0x0, 0x7f, 0xfe, 0x0, 0x0, 0x0,
    0x0, 0x0, 0x0, 0x7f, 0xfe, 0x0, 0x0, 0x0,
    0x0, 0x0, 0x0, 0x7f, 0xfe, 0x0, 0x0, 0x0,
    0x0, 0x0, 0x0, 0x7f, 0xfe, 0x0, 0x0, 0x0,
    0x0, 0x0, 0x0, 0x7f, 0xfe, 0x0, 0x0, 0x0,
    0x0, 0x0, 0x0, 0x7f, 0xfe, 0x0, 0x0, 0x0,
    0x0, 0x0, 0x0, 0x7f, 0xfe, 0x0, 0x0, 0x0,
    0x0, 0x0, 0x0, 0x7f, 0xfe, 0x0, 0x0, 0x0,
    0x0, 0x0, 0x0, 0x7f, 0xfe, 0x0, 0x0, 0x0,
    0x0, 0x0, 0x0, 0x7f, 0xfe, 0x0, 0x0, 0x0,
    0x0, 0x0, 0x0, 0x7f, 0xfe, 0x0, 0x0, 0x0,
    0x0, 0x0, 0x0, 0x7f, 0xfe, 0x0, 0x0, 0x0,
    0x0, 0x0, 0x0, 0x7f, 0xfe, 0x0, 0x0, 0x0,
    0x0, 0x0, 0x0, 0x7f, 0xfe, 0x0, 0x0, 0x0,
    0x0, 0x0, 0x0, 0x7f, 0xfe, 0x0, 0x0, 0x0,
    0x0, 0x0, 0x0, 0x7f, 0xfe, 0x0, 0x0, 0x0,
    0x0, 0x0, 0x0, 0x7f, 0xfe, 0x0, 0x0, 0x0,
    0x0, 0x0, 0x0, 0x7f, 0xfe, 0x0, 0x0, 0x0,
    0x0, 0x0, 0x0, 0x7f, 0xfe, 0x0, 0x0, 0x0,
    0x0, 0x0, 0x0, 0x7f, 0xfe, 0x0, 0x0, 0x0,
    0x0, 0x0, 0x0, 0x7f, 0xfe, 0x0, 0x0, 0x0,
    0x0, 0x0, 0x0, 0x7f, 0xfe, 0x0, 0x0, 0x0,
    0x0, 0x0, 0x0, 0x7f, 0xfe, 0x0, 0x0, 0x0,
    0x0, 0x0, 0x0, 0x1, 0x11, 0x0, 0x0, 0x0,

    /* U+2193 "↓" */
    0x0, 0x0, 0x0, 0x9a, 0xa5, 0x0, 0x0, 0x0,
    0x0, 0x0, 0x0, 0xef, 0xf8, 0x0, 0x0, 0x0,
    0x0, 0x0, 0x0, 0xef, 0xf8, 0x0, 0x0, 0x0,
    0x0, 0x0, 0x0, 0xef, 0xf8, 0x0, 0x0, 0x0,
    0x0, 0x0, 0x0, 0xef, 0xf8, 0x0, 0x0, 0x0,
    0x0, 0x0, 0x0, 0xef, 0xf8, 0x0, 0x0, 0x0,
    0x0, 0x0, 0x0, 0xef, 0xf8, 0x0, 0x0, 0x0,
    0x0, 0x0, 0x0, 0xef, 0xf8, 0x0, 0x0, 0x0,
    0x0, 0x0, 0x0, 0xef, 0xf8, 0x0, 0x0, 0x0,
    0x0, 0x0, 0x0, 0xef, 0xf8, 0x0, 0x0, 0x0,
    0x0, 0x0, 0x0, 0xef, 0xf8, 0x0, 0x0, 0x0,
    0x0, 0x0, 0x0, 0xef, 0xf8, 0x0, 0x0, 0x0,
    0x0, 0x0, 0x0, 0xef, 0xf8, 0x0, 0x0, 0x0,
    0x0, 0x0, 0x0, 0xef, 0xf8, 0x0, 0x0, 0x0,
    0x0, 0x0, 0x0, 0xef, 0xf8, 0x0, 0x0, 0x0,
    0x0, 0x0, 0x0, 0xef, 0xf8, 0x0, 0x0, 0x0,
    0x0, 0x0, 0x0, 0xef, 0xf8, 0x0, 0x0, 0x0,
    0x0, 0x0, 0x0, 0xef, 0xf8, 0x0, 0x0, 0x0,
    0x0, 0x0, 0x0, 0xef, 0xf8, 0x0, 0x0, 0x0,
    0x0, 0x0, 0x0, 0xef, 0xf8, 0x0, 0x0, 0x0,
    0x0, 0x0, 0x0, 0xef, 0xf8, 0x0, 0x0, 0x0,
    0x0, 0x0, 0x0, 0xef, 0xf8, 0x0, 0x0, 0x0,
    0x0, 0x0, 0x0, 0xef, 0xf8, 0x0, 0x0, 0x0,
    0x0, 0x0, 0x0, 0xef, 0xf8, 0x0, 0x0, 0x0,
    0x0, 0x0, 0x0, 0xef, 0xf8, 0x0, 0x0, 0x0,
    0x0, 0x0, 0x0, 0xef, 0xf8, 0x0, 0x0, 0x0,
    0x0, 0x0, 0x0, 0xef, 0xf8, 0x0, 0x0, 0x0,
    0x78, 0x20, 0x0, 0xef, 0xf8, 0x0, 0x4, 0xa2,
    0x9f, 0xfc, 0x50, 0xef, 0xf8, 0x28, 0xef, 0xf2,
    0x4f, 0xff, 0xff, 0xff, 0xff, 0xff, 0xff, 0xd0,
    0x6, 0xff, 0xff, 0xff, 0xff, 0xff, 0xfe, 0x20,
    0x0, 0x8f, 0xff, 0xff, 0xff, 0xff, 0xf3, 0x0,
    0x0, 0xa, 0xff, 0xff, 0xff, 0xff, 0x40, 0x0,
    0x0, 0x0, 0xcf, 0xff, 0xff, 0xf6, 0x0, 0x0,
    0x0, 0x0, 0x1d, 0xff, 0xff, 0x80, 0x0, 0x0,
    0x0, 0x0, 0x1, 0xef, 0xfa, 0x0, 0x0, 0x0,
    0x0, 0x0, 0x0, 0x3f, 0xb0, 0x0, 0x0, 0x0,
    0x0, 0x0, 0x0, 0x0, 0x0, 0x0, 0x0, 0x0
};


/*---------------------
 *  GLYPH DESCRIPTION
 *--------------------*/

static const lv_font_fmt_txt_glyph_dsc_t glyph_dsc[] = {
    {.bitmap_index = 0, .adv_w = 0, .box_w = 0, .box_h = 0, .ofs_x = 0, .ofs_y = 0} /* id = 0 reserved */,
    {.bitmap_index = 0, .adv_w = 128, .box_w = 0, .box_h = 0, .ofs_x = 0, .ofs_y = 0},
    {.bitmap_index = 0, .adv_w = 618, .box_w = 33, .box_h = 28, .ofs_x = 3, .ofs_y = 0},
    {.bitmap_index = 462, .adv_w = 192, .box_w = 6, .box_h = 13, .ofs_x = 3, .ofs_y = -7},
    {.bitmap_index = 501, .adv_w = 213, .box_w = 11, .box_h = 5, .ofs_x = 1, .ofs_y = 9},
    {.bitmap_index = 529, .adv_w = 192, .box_w = 6, .box_h = 6, .ofs_x = 3, .ofs_y = 0},
    {.bitmap_index = 547, .adv_w = 191, .box_w = 12, .box_h = 32, .ofs_x = 0, .ofs_y = -2},
    {.bitmap_index = 739, .adv_w = 368, .box_w = 19, .box_h = 28, .ofs_x = 2, .ofs_y = 0},
    {.bitmap_index = 1005, .adv_w = 369, .box_w = 19, .box_h = 28, .ofs_x = 3, .ofs_y = 0},
    {.bitmap_index = 1271, .adv_w = 369, .box_w = 20, .box_h = 28, .ofs_x = 2, .ofs_y = 0},
    {.bitmap_index = 1551, .adv_w = 369, .box_w = 21, .box_h = 28, .ofs_x = 1, .ofs_y = 0},
    {.bitmap_index = 1845, .adv_w = 369, .box_w = 21, .box_h = 28, .ofs_x = 1, .ofs_y = 0},
    {.bitmap_index = 2139, .adv_w = 368, .box_w = 21, .box_h = 28, .ofs_x = 1, .ofs_y = 0},
    {.bitmap_index = 2433, .adv_w = 369, .box_w = 20, .box_h = 28, .ofs_x = 2, .ofs_y = 0},
    {.bitmap_index = 2713, .adv_w = 369, .box_w = 21, .box_h = 28, .ofs_x = 1, .ofs_y = 0},
    {.bitmap_index = 3007, .adv_w = 369, .box_w = 21, .box_h = 28, .ofs_x = 1, .ofs_y = 0},
    {.bitmap_index = 3301, .adv_w = 368, .box_w = 20, .box_h = 28, .ofs_x = 1, .ofs_y = 0},
    {.bitmap_index = 3581, .adv_w = 215, .box_w = 6, .box_h = 22, .ofs_x = 4, .ofs_y = 0},
    {.bitmap_index = 3647, .adv_w = 407, .box_w = 20, .box_h = 22, .ofs_x = 3, .ofs_y = 0},
    {.bitmap_index = 3867, .adv_w = 454, .box_w = 29, .box_h = 28, .ofs_x = 0, .ofs_y = 0},
    {.bitmap_index = 4273, .adv_w = 452, .box_w = 24, .box_h = 28, .ofs_x = 3, .ofs_y = 0},
    {.bitmap_index = 4609, .adv_w = 461, .box_w = 27, .box_h = 28, .ofs_x = 1, .ofs_y = 0},
    {.bitmap_index = 4987, .adv_w = 466, .box_w = 25, .box_h = 28, .ofs_x = 3, .ofs_y = 0},
    {.bitmap_index = 5337, .adv_w = 430, .box_w = 22, .box_h = 28, .ofs_x = 3, .ofs_y = 0},
    {.bitmap_index = 5645, .adv_w = 390, .box_w = 20, .box_h = 28, .ofs_x = 3, .ofs_y = 0},
    {.bitmap_index = 5925, .adv_w = 508, .box_w = 27, .box_h = 28, .ofs_x = 2, .ofs_y = 0},
    {.bitmap_index = 6303, .adv_w = 468, .box_w = 24, .box_h = 28, .ofs_x = 3, .ofs_y = 0},
    {.bitmap_index = 6639, .adv_w = 180, .box_w = 6, .box_h = 28, .ofs_x = 3, .ofs_y = 0},
    {.bitmap_index = 6723, .adv_w = 374, .box_w = 20, .box_h = 28, .ofs_x = 1, .ofs_y = 0},
    {.bitmap_index = 7003, .adv_w = 445, .box_w = 24, .box_h = 28, .ofs_x = 3, .ofs_y = 0},
    {.bitmap_index = 7339, .adv_w = 365, .box_w = 19, .box_h = 28, .ofs_x = 3, .ofs_y = 0},
    {.bitmap_index = 7605, .adv_w = 540, .box_w = 28, .box_h = 28, .ofs_x = 3, .ofs_y = 0},
    {.bitmap_index = 7997, .adv_w = 468, .box_w = 24, .box_h = 28, .ofs_x = 3, .ofs_y = 0},
    {.bitmap_index = 8333, .adv_w = 500, .box_w = 29, .box_h = 28, .ofs_x = 1, .ofs_y = 0},
    {.bitmap_index = 8739, .adv_w = 429, .box_w = 23, .box_h = 28, .ofs_x = 3, .ofs_y = 0},
    {.bitmap_index = 9061, .adv_w = 500, .box_w = 29, .box_h = 33, .ofs_x = 1, .ofs_y = -5},
    {.bitmap_index = 9540, .adv_w = 459, .box_w = 25, .box_h = 28, .ofs_x = 3, .ofs_y = 0},
    {.bitmap_index = 9890, .adv_w = 427, .box_w = 24, .box_h = 28, .ofs_x = 1, .ofs_y = 0},
    {.bitmap_index = 10226, .adv_w = 396, .box_w = 23, .box_h = 28, .ofs_x = 1, .ofs_y = 0},
    {.bitmap_index = 10548, .adv_w = 463, .box_w = 25, .box_h = 28, .ofs_x = 2, .ofs_y = 0},
    {.bitmap_index = 10898, .adv_w = 429, .box_w = 27, .box_h = 28, .ofs_x = 0, .ofs_y = 0},
    {.bitmap_index = 11276, .adv_w = 611, .box_w = 38, .box_h = 28, .ofs_x = 0, .ofs_y = 0},
    {.bitmap_index = 11808, .adv_w = 439, .box_w = 27, .box_h = 28, .ofs_x = 0, .ofs_y = 0},
    {.bitmap_index = 12186, .adv_w = 433, .box_w = 27, .box_h = 28, .ofs_x = 0, .ofs_y = 0},
    {.bitmap_index = 12564, .adv_w = 406, .box_w = 23, .box_h = 28, .ofs_x = 1, .ofs_y = 0},
    {.bitmap_index = 12886, .adv_w = 356, .box_w = 22, .box_h = 22, .ofs_x = 1, .ofs_y = 0},
    {.bitmap_index = 13128, .adv_w = 379, .box_w = 21, .box_h = 30, .ofs_x = 2, .ofs_y = 0},
    {.bitmap_index = 13443, .adv_w = 350, .box_w = 20, .box_h = 22, .ofs_x = 1, .ofs_y = 0},
    {.bitmap_index = 13663, .adv_w = 379, .box_w = 21, .box_h = 30, .ofs_x = 1, .ofs_y = 0},
    {.bitmap_index = 13978, .adv_w = 359, .box_w = 20, .box_h = 22, .ofs_x = 1, .ofs_y = 0},
    {.bitmap_index = 14198, .adv_w = 196, .box_w = 13, .box_h = 30, .ofs_x = 0, .ofs_y = 0},
    {.bitmap_index = 14393, .adv_w = 378, .box_w = 24, .box_h = 33, .ofs_x = 0, .ofs_y = -7},
    {.bitmap_index = 14789, .adv_w = 374, .box_w = 19, .box_h = 30, .ofs_x = 2, .ofs_y = 0},
    {.bitmap_index = 15074, .adv_w = 161, .box_w = 6, .box_h = 30, .ofs_x = 2, .ofs_y = 0},
    {.bitmap_index = 15164, .adv_w = 160, .box_w = 10, .box_h = 37, .ofs_x = -2, .ofs_y = -7},
    {.bitmap_index = 15349, .adv_w = 348, .box_w = 20, .box_h = 30, .ofs_x = 2, .ofs_y = 0},
    {.bitmap_index = 15649, .adv_w = 161, .box_w = 6, .box_h = 30, .ofs_x = 2, .ofs_y = 0},
    {.bitmap_index = 15739, .adv_w = 551, .box_w = 30, .box_h = 22, .ofs_x = 2, .ofs_y = 0},
    {.bitmap_index = 16069, .adv_w = 374, .box_w = 19, .box_h = 22, .ofs_x = 2, .ofs_y = 0},
    {.bitmap_index = 16278, .adv_w = 383, .box_w = 22, .box_h = 22, .ofs_x = 1, .ofs_y = 0},
    {.bitmap_index = 16520, .adv_w = 379, .box_w = 21, .box_h = 29, .ofs_x = 2, .ofs_y = -7},
    {.bitmap_index = 16825, .adv_w = 379, .box_w = 21, .box_h = 29, .ofs_x = 1, .ofs_y = -7},
    {.bitmap_index = 17130, .adv_w = 232, .box_w = 13, .box_h = 22, .ofs_x = 2, .ofs_y = 0},
    {.bitmap_index = 17273, .adv_w = 346, .box_w = 20, .box_h = 22, .ofs_x = 1, .ofs_y = 0},
    {.bitmap_index = 17493, .adv_w = 201, .box_w = 12, .box_h = 28, .ofs_x = 0, .ofs_y = 0},
    {.bitmap_index = 17661, .adv_w = 373, .box_w = 19, .box_h = 22, .ofs_x = 2, .ofs_y = 0},
    {.bitmap_index = 17870, .adv_w = 339, .box_w = 21, .box_h = 22, .ofs_x = 0, .ofs_y = 0},
    {.bitmap_index = 18101, .adv_w = 485, .box_w = 31, .box_h = 22, .ofs_x = 0, .ofs_y = 0},
    {.bitmap_index = 18442, .adv_w = 349, .box_w = 22, .box_h = 22, .ofs_x = 0, .ofs_y = 0},
    {.bitmap_index = 18684, .adv_w = 339, .box_w = 21, .box_h = 29, .ofs_x = 0, .ofs_y = -7},
    {.bitmap_index = 18989, .adv_w = 326, .box_w = 20, .box_h = 22, .ofs_x = 0, .ofs_y = 0},
    {.bitmap_index = 19209, .adv_w = 256, .box_w = 12, .box_h = 13, .ofs_x = 2, .ofs_y = 16},
    {.bitmap_index = 19287, .adv_w = 213, .box_w = 6, .box_h = 6, .ofs_x = 4, .ofs_y = 12},
    {.bitmap_index = 19305, .adv_w = 320, .box_w = 16, .box_h = 38, .ofs_x = 2, .ofs_y = -9},
    {.bitmap_index = 19609, .adv_w = 320, .box_w = 16, .box_h = 38, .ofs_x = 2, .ofs_y = -9}
};

/*---------------------
 *  CHARACTER MAPPING
 *--------------------*/

static const uint8_t glyph_id_ofs_list_0[] = {
    0, 0, 0, 0, 0, 1, 0, 0,
    0, 0, 0, 0, 2, 3, 4, 5,
    6, 7, 8, 9, 10, 11, 12, 13,
    14, 15, 16, 0, 0, 0, 17
};

static const uint16_t unicode_list_3[] = {
    0x0, 0x7, 0x20e1, 0x20e3
};

/*Collect the unicode lists and glyph_id offsets*/
static const lv_font_fmt_txt_cmap_t cmaps[] =
{
    {
        .range_start = 32, .range_length = 31, .glyph_id_start = 1,
        .unicode_list = NULL, .glyph_id_ofs_list = glyph_id_ofs_list_0, .list_length = 31, .type = LV_FONT_FMT_TXT_CMAP_FORMAT0_FULL
    },
    {
        .range_start = 65, .range_length = 26, .glyph_id_start = 19,
        .unicode_list = NULL, .glyph_id_ofs_list = NULL, .list_length = 0, .type = LV_FONT_FMT_TXT_CMAP_FORMAT0_TINY
    },
    {
        .range_start = 97, .range_length = 26, .glyph_id_start = 45,
        .unicode_list = NULL, .glyph_id_ofs_list = NULL, .list_length = 0, .type = LV_FONT_FMT_TXT_CMAP_FORMAT0_TINY
    },
    {
        .range_start = 176, .range_length = 8420, .glyph_id_start = 71,
        .unicode_list = unicode_list_3, .glyph_id_ofs_list = NULL, .list_length = 4, .type = LV_FONT_FMT_TXT_CMAP_SPARSE_TINY
    }
};

/*-----------------
 *    KERNING
 *----------------*/


/*Pair left and right glyphs for kerning*/
static const uint8_t kern_pair_glyph_ids[] =
{
    1, 43,
    4, 7,
    4, 8,
    4, 9,
    4, 10,
    4, 11,
    4, 12,
    4, 13,
    4, 15,
    4, 16,
    4, 40,
    4, 41,
    4, 42,
    4, 43,
    4, 68,
    6, 28,
    7, 4,
    8, 4,
    9, 4,
    10, 4,
    11, 4,
    12, 4,
    13, 4,
    14, 3,
    14, 4,
    14, 5,
    14, 14,
    15, 4,
    16, 4,
    19, 6,
    19, 21,
    19, 25,
    19, 33,
    19, 35,
    19, 38,
    19, 39,
    19, 40,
    19, 41,
    19, 42,
    19, 43,
    19, 65,
    19, 66,
    19, 67,
    19, 68,
    19, 69,
    19, 71,
    20, 40,
    20, 41,
    20, 42,
    20, 43,
    21, 38,
    21, 40,
    21, 41,
    21, 42,
    21, 43,
    22, 3,
    22, 5,
    22, 17,
    22, 19,
    22, 38,
    22, 40,
    22, 41,
    22, 42,
    22, 43,
    22, 44,
    23, 28,
    24, 1,
    24, 3,
    24, 4,
    24, 5,
    24, 17,
    24, 19,
    24, 28,
    24, 42,
    24, 43,
    24, 44,
    24, 45,
    24, 47,
    24, 48,
    24, 49,
    24, 59,
    24, 61,
    25, 40,
    25, 41,
    29, 1,
    29, 4,
    29, 6,
    29, 19,
    29, 21,
    29, 25,
    29, 28,
    29, 33,
    29, 35,
    29, 38,
    29, 40,
    29, 41,
    29, 42,
    29, 43,
    29, 44,
    29, 45,
    29, 47,
    29, 48,
    29, 49,
    29, 59,
    29, 61,
    29, 65,
    29, 66,
    29, 67,
    29, 69,
    29, 71,
    29, 72,
    30, 4,
    30, 6,
    30, 21,
    30, 25,
    30, 28,
    30, 33,
    30, 35,
    30, 38,
    30, 39,
    30, 40,
    30, 41,
    30, 42,
    30, 43,
    30, 44,
    30, 66,
    30, 67,
    30, 68,
    30, 69,
    30, 71,
    30, 72,
    33, 3,
    33, 5,
    33, 17,
    33, 19,
    33, 38,
    33, 40,
    33, 41,
    33, 42,
    33, 43,
    33, 44,
    34, 1,
    34, 3,
    34, 5,
    34, 19,
    34, 28,
    34, 38,
    34, 42,
    34, 43,
    34, 44,
    34, 45,
    34, 47,
    34, 48,
    34, 49,
    34, 59,
    34, 61,
    35, 3,
    35, 5,
    35, 17,
    35, 19,
    35, 38,
    35, 40,
    35, 41,
    35, 42,
    35, 43,
    35, 44,
    36, 21,
    36, 25,
    36, 28,
    36, 33,
    36, 35,
    36, 38,
    36, 39,
    36, 40,
    36, 41,
    36, 42,
    36, 43,
    36, 45,
    36, 47,
    36, 48,
    36, 49,
    36, 59,
    36, 61,
    36, 65,
    36, 66,
    36, 67,
    36, 69,
    37, 43,
    38, 3,
    38, 5,
    38, 6,
    38, 17,
    38, 19,
    38, 21,
    38, 25,
    38, 28,
    38, 33,
    38, 35,
    38, 42,
    38, 43,
    38, 44,
    38, 45,
    38, 47,
    38, 48,
    38, 49,
    38, 57,
    38, 58,
    38, 59,
    38, 60,
    38, 61,
    38, 62,
    38, 63,
    38, 64,
    38, 65,
    38, 66,
    38, 67,
    38, 68,
    38, 69,
    38, 70,
    39, 19,
    40, 3,
    40, 4,
    40, 5,
    40, 17,
    40, 19,
    40, 21,
    40, 25,
    40, 28,
    40, 33,
    40, 35,
    40, 42,
    40, 43,
    40, 45,
    40, 47,
    40, 48,
    40, 49,
    40, 57,
    40, 58,
    40, 59,
    40, 60,
    40, 61,
    40, 62,
    40, 63,
    40, 65,
    40, 66,
    40, 67,
    40, 68,
    40, 69,
    40, 70,
    41, 3,
    41, 4,
    41, 5,
    41, 17,
    41, 19,
    41, 21,
    41, 25,
    41, 28,
    41, 33,
    41, 35,
    41, 42,
    41, 43,
    41, 45,
    41, 47,
    41, 48,
    41, 49,
    41, 57,
    41, 58,
    41, 59,
    41, 60,
    41, 61,
    41, 62,
    41, 63,
    41, 65,
    41, 66,
    41, 67,
    41, 68,
    41, 69,
    41, 70,
    42, 4,
    42, 19,
    42, 21,
    42, 25,
    42, 33,
    42, 35,
    42, 38,
    42, 40,
    42, 41,
    42, 43,
    42, 44,
    42, 45,
    42, 47,
    42, 48,
    42, 49,
    42, 59,
    42, 61,
    42, 63,
    42, 64,
    42, 65,
    42, 66,
    42, 67,
    42, 68,
    42, 69,
    42, 70,
    42, 71,
    42, 72,
    43, 1,
    43, 3,
    43, 4,
    43, 5,
    43, 6,
    43, 17,
    43, 19,
    43, 21,
    43, 25,
    43, 28,
    43, 33,
    43, 35,
    43, 37,
    43, 38,
    43, 40,
    43, 41,
    43, 42,
    43, 45,
    43, 47,
    43, 48,
    43, 49,
    43, 50,
    43, 51,
    43, 57,
    43, 58,
    43, 59,
    43, 60,
    43, 61,
    43, 62,
    43, 63,
    43, 64,
    43, 65,
    43, 66,
    43, 67,
    43, 68,
    43, 70,
    43, 71,
    43, 72,
    44, 4,
    44, 21,
    44, 25,
    44, 33,
    44, 35,
    44, 38,
    44, 42,
    46, 68,
    46, 70,
    49, 68,
    50, 3,
    50, 4,
    50, 5,
    50, 14,
    50, 17,
    50, 45,
    50, 47,
    50, 48,
    50, 49,
    50, 59,
    50, 61,
    55, 1,
    55, 4,
    55, 45,
    55, 47,
    55, 48,
    55, 49,
    55, 59,
    55, 61,
    55, 63,
    55, 66,
    55, 67,
    55, 68,
    55, 69,
    55, 70,
    55, 72,
    59, 68,
    59, 70,
    60, 68,
    60, 70,
    62, 1,
    62, 3,
    62, 5,
    62, 45,
    62, 47,
    62, 48,
    62, 49,
    62, 59,
    62, 61,
    63, 68,
    66, 3,
    66, 5,
    66, 17,
    66, 45,
    67, 3,
    67, 5,
    67, 17,
    67, 45,
    68, 4,
    68, 45,
    68, 47,
    68, 48,
    68, 49,
    68, 59,
    68, 61,
    69, 3,
    69, 5,
    69, 17,
    69, 45,
    70, 45,
    70, 47,
    70, 48,
    70, 49,
    70, 59,
    70, 61,
    72, 42,
    72, 43
};

/* Kerning between the respective left and right glyphs
 * 4.4 format which needs to scaled with `kern_scale`*/
static const int8_t kern_pair_values[] =
{
    -22, 18, 18, 18, 18, 18, 18, 18,
    13, 9, -22, -22, -22, -62, -13, -9,
    18, 18, 4, 18, 18, 18, 9, -53,
    -18, -53, -4, 13, 18, 13, -7, -7,
    -7, -7, -38, -7, -16, -16, -11, -36,
    -4, -9, -9, -4, -11, -49, -4, -4,
    -4, -7, -9, -2, -2, -4, -4, -13,
    -13, -4, -7, -11, -7, -7, -7, -7,
    -4, -9, -13, -27, -9, -27, -4, -24,
    -36, -13, -13, -18, -13, -13, -13, -13,
    -13, -13, -2, -2, -22, -31, 13, -22,
    -24, -24, -18, -24, -24, -13, -31, -31,
    -9, -31, -4, -18, -18, -18, -18, -18,
    -18, -18, -27, -27, -27, -9, -36, -36,
    13, -13, -13, -9, -13, -13, -40, -16,
    -40, -40, -76, -56, -9, -18, -18, -9,
    -18, -116, -67, -13, -13, -4, -7, -11,
    -7, -7, -7, -7, -4, -22, -40, -40,
    -22, -31, -9, -13, -9, -13, -4, -4,
    -4, -4, -4, -4, -13, -13, -4, -7,
    -11, -7, -7, -7, -7, -4, -2, -2,
    -13, -2, -2, -9, -4, -4, -4, -9,
    -9, -4, -4, -4, -4, -4, -4, -4,
    -4, -4, -4, -18, -22, -22, -18, -9,
    -38, -11, -11, -49, -11, -11, -9, -9,
    -9, -36, -36, -36, -36, -31, -31, -36,
    -31, -36, -31, -36, -18, -31, -13, -13,
    -13, -13, -13, -7, -67, -22, -67, -4,
    -16, -7, -7, -40, -7, -7, -9, -9,
    -22, -22, -22, -22, -9, -9, -22, -9,
    -22, -9, -18, -18, -9, -9, -13, -9,
    -13, -67, -22, -67, -4, -16, -7, -7,
    -40, -7, -7, -9, -9, -22, -22, -22,
    -22, -9, -9, -22, -9, -22, -9, -18,
    -18, -9, -9, -13, -9, -13, -22, -11,
    -7, -7, -7, -7, -9, -9, -9, -13,
    -9, -7, -7, -7, -7, -7, -7, -7,
    -18, -9, -18, -18, -18, -18, -9, -13,
    -22, -22, -89, -62, -89, -18, -22, -36,
    -7, -7, -58, -7, -7, -18, -9, -9,
    -9, -13, -45, -45, -45, -45, -27, -40,
    -27, -27, -45, -27, -45, -27, -40, -18,
    -31, -22, -22, -27, -29, -13, -22, -40,
    -4, -4, -4, -4, -9, -9, -11, -9,
    -2, -18, -4, -18, 13, -4, -2, -2,
    -2, -2, -2, -2, -13, -22, -11, -16,
    -16, -16, -16, -16, -13, -9, -9, -18,
    -9, -9, -27, -11, -9, -11, -9, -9,
    -49, -49, -4, -4, -4, -4, -4, -4,
    -9, -53, -53, -4, -2, -53, -53, -4,
    -2, -13, -11, -11, -11, -11, -11, -11,
    -53, -53, -4, -2, -9, -9, -9, -9,
    -9, -9, -22, -22
};

/*Collect the kern pair's data in one place*/
static const lv_font_fmt_txt_kern_pair_t kern_pairs =
{
    .glyph_ids = kern_pair_glyph_ids,
    .values = kern_pair_values,
    .pair_cnt = 420,
    .glyph_ids_size = 0
};

/*--------------------
 *  ALL CUSTOM DATA
 *--------------------*/

#if LVGL_VERSION_MAJOR == 8
/*Store all the custom data of the font*/
static  lv_font_fmt_txt_glyph_cache_t cache;
#endif

#if LVGL_VERSION_MAJOR >= 8
static const lv_font_fmt_txt_dsc_t font_dsc = {
#else
static lv_font_fmt_txt_dsc_t font_dsc = {
#endif
    .glyph_bitmap = glyph_bitmap,
    .glyph_dsc = glyph_dsc,
    .cmaps = cmaps,
    .kern_dsc = &kern_pairs,
    .kern_scale = 23,
    .cmap_num = 4,
    .bpp = 4,
    .kern_classes = 0,
    .bitmap_format = 0,
#if LVGL_VERSION_MAJOR == 8
    .cache = &cache
#endif
};



/*-----------------
 *  PUBLIC FONT
 *----------------*/

/*Initialize a public general font descriptor*/
#if LVGL_VERSION_MAJOR >= 8
const lv_font_t font_archivo_alpha_40 = {
#else
lv_font_t font_archivo_alpha_40 = {
#endif
    .get_glyph_dsc = lv_font_get_glyph_dsc_fmt_txt,    /*Function pointer to get glyph's data*/
    .get_glyph_bitmap = lv_font_get_bitmap_fmt_txt,    /*Function pointer to get glyph's bitmap*/
    .line_height = 39,          /*The maximum line height required by the font*/
    .base_line = 9,             /*Baseline measured from the bottom of the line*/
#if !(LVGL_VERSION_MAJOR == 6 && LVGL_VERSION_MINOR == 0)
    .subpx = LV_FONT_SUBPX_NONE,
#endif
#if LV_VERSION_CHECK(7, 4, 0) || LVGL_VERSION_MAJOR >= 8
    .underline_position = -6,
    .underline_thickness = 2,
#endif
    .dsc = &font_dsc,          /*The custom font data. Will be accessed by `get_glyph_bitmap/dsc` */
#if LV_VERSION_CHECK(8, 2, 0) || LVGL_VERSION_MAJOR >= 9
    .fallback = NULL,
#endif
    .user_data = NULL,
};



#endif /*#if FONT_ARCHIVO_ALPHA_40*/

